Order_Number,Customer_identifier,Order_Date,City,Region,State_Code,Country_Code,Cart_Discount_Amount,Order_Subtotal_Amount,Shipping_Method_Title,Currency,Currency_Symbol,Order_Shipping_Amount,Order_Refund_Amount,Order_Total_Amount,Order_Total_Tax_Amount,SKU,Item_#,Item_Name,Quantity_(- Refund),Item_Cost,Coupon_Code,Discount_Amount,Discount_Amount_Tax,Attribution,Website
7693,0,07/05/2025,Badminton,South West,AVON,GB,0,12.49,Royal Mail First Class,GBP,£,3.99,0,18.98,2.5,SQ7734740,1,Monthly Subscription,1,12.49,,,,Direct,Squarespace
1008,0,26/04/2024,Badminton,South West,AVON,GB,9,35.98,Shipping,GBP,£,3.99,0,30.97,4.49,,1,8 Week Trial,1,35.98,discount,9,0,Unknown,Woocommerce
5673,1,06/09/2024,Preston,North West,,GB,0,12.49,Royal Mail Second Class,GBP,£,2.99,0,17.98,2.5,SQ7734740,1,Monthly Subscription,1,12.49,,,,Web admin,Squarespace
6168,1,07/10/2024,Preston,North West,,GB,0,12.49,Royal Mail Second Class,GBP,£,2.99,0,17.98,2.5,SQ7734740,1,Monthly Subscription,1,12.49,,,,Direct,Squarespace
6396,1,07/11/2024,Preston,North West,,GB,0,12.49,Royal Mail Second Class,GBP,£,2.99,0,17.98,2.5,SQ7734740,1,Monthly Subscription,1,12.49,,,,Unknown,Squarespace
6609,1,07/12/2024,Preston,North West,,GB,0,12.49,Royal Mail Second Class,GBP,£,2.99,0,17.98,2.5,SQ7734740,1,Monthly Subscription,1,12.49,,,,Direct,Squarespace
6796,1,07/01/2025,Preston,North West,,GB,0,12.49,Royal Mail Second Class,GBP,£,2.99,0,17.98,2.5,SQ7734740,1,Monthly Subscription,1,12.49,,,,Organic: Google,Squarespace
7082,1,07/02/2025,Preston,North West,,GB,0,12.49,Royal Mail Second Class,GBP,£,2.99,0,17.98,2.5,SQ7734740,1,Monthly Subscription,1,12.49,,,,Organic: Google,Squarespace
7282,1,07/03/2025,Preston,North West,,GB,0,12.49,Royal Mail Second Class,GBP,£,2.99,0,17.98,2.5,SQ7734740,1,Monthly Subscription,1,12.49,,,,Direct,Squarespace
7518,1,07/04/2025,Preston,North West,,GB,0,12.49,Royal Mail Second Class,GBP,£,2.99,0,17.98,2.5,SQ7734740,1,Monthly Subscription,1,12.49,,,,Direct,Squarespace
7692,1,07/05/2025,Preston,North West,,GB,0,12.49,Royal Mail Second Class,GBP,£,2.99,0,17.98,2.5,SQ7734740,1,Monthly Subscription,1,12.49,,,,Unknown,Squarespace
1507,1,06/08/2024,Preston,North West,England,GB,0,14.99,Shipping,GBP,£,2.99,0,17.98,2.5,,1,Monthly Subscription,1,14.99,,,,Unknown,Woocommerce
1373,1,06/07/2024,Preston,North West,England,GB,0,14.99,Shipping,GBP,£,2.99,0,17.98,2.5,,1,Monthly Subscription,1,14.99,,,,Unknown,Woocommerce
1204,1,06/06/2024,Preston,North West,England,GB,0,14.99,Shipping,GBP,£,2.99,0,17.98,2.5,,1,Monthly Subscription,1,14.99,,,,Unknown,Woocommerce
1071,1,06/05/2024,Preston,North West,England,GB,0,14.99,Shipping,GBP,£,2.99,0,17.98,2.5,,1,Monthly Subscription,1,14.99,,,,Unknown,Woocommerce
890,1,13/04/2024,Preston,North West,Lancashire,GB,0,19.99,Shipping,GBP,£,2.99,0,22.98,3.33,,1,One Month's Supply,1,19.99,,,,Unknown,Woocommerce
6617,2,09/12/2024,Chepstow,Wales,Please select...,GB,0,29.98,Royal Mail Second Class,GBP,£,2.99,0,38.97,6,SQ3720870,1,8 Week Trial,1,29.98,,,,Organic: Google,Squarespace
7691,2,07/05/2025,Chepstow,Wales,,GB,0,33.32,Royal Mail Second Class,GBP,£,2.99,0,42.97,6.66,SQ9497841,1,One Month's Supply,2,16.66,,,,Organic: Google,Squarespace
1033,2,30/04/2024,Chepstow,Wales,Wales,GB,9,35.98,Shipping,GBP,£,2.99,0,29.97,4.49,,1,Two Months' Supply,1,35.98,discount,9,0,Unknown,Woocommerce
7690,3,06/05/2025,Liverpool,North West,,GB,0,16.66,Royal Mail Second Class,GBP,£,2.99,0,22.98,3.33,SQ9497841,1,One Month's Supply,1,16.66,,,,Organic: Google,Squarespace
6394,4,06/11/2024,Wigan,North West,Merseyside,GB,0,12.49,Royal Mail Second Class,GBP,£,2.99,0,17.98,2.5,SQ7734740,1,Monthly Subscription,1,12.49,,,,Organic: Google,Squarespace
6602,4,06/12/2024,Wigan,North West,Merseyside,GB,0,12.49,Royal Mail Second Class,GBP,£,2.99,0,17.98,2.5,SQ7734740,1,Monthly Subscription,1,12.49,,,,Source: Customer_notification,Squarespace
6794,4,06/01/2025,Wigan,North West,Merseyside,GB,0,12.49,Royal Mail Second Class,GBP,£,2.99,0,17.98,2.5,SQ7734740,1,Monthly Subscription,1,12.49,,,,Web admin,Squarespace
7081,4,06/02/2025,Wigan,North West,Merseyside,GB,0,12.49,Royal Mail Second Class,GBP,£,2.99,0,17.98,2.5,SQ7734740,1,Monthly Subscription,1,12.49,,,,Organic: Google,Squarespace
7279,4,06/03/2025,Wigan,North West,Merseyside,GB,0,12.49,Royal Mail Second Class,GBP,£,2.99,0,17.98,2.5,SQ7734740,1,Monthly Subscription,1,12.49,,,,Organic: Google,Squarespace
7515,4,06/04/2025,Wigan,North West,Merseyside,GB,0,12.49,Royal Mail Second Class,GBP,£,2.99,0,17.98,2.5,SQ7734740,1,Monthly Subscription,1,12.49,,,,Unknown,Squarespace
7689,4,06/05/2025,Wigan,North West,Merseyside,GB,0,12.49,Royal Mail Second Class,GBP,£,2.99,0,17.98,2.5,SQ7734740,1,Monthly Subscription,1,12.49,,,,Direct,Squarespace
1664,4,10/09/2024,Wigan,North West,Merseyside,GB,9,35.98,Shipping,GBP,£,2.99,0,29.97,4.49,,1,Two Months' Supply,1,35.98,discount,9,0,Direct,Woocommerce
5674,5,06/09/2024,Taunton,South West,Somerset,GB,0,12.49,Royal Mail Second Class,GBP,£,2.99,0,17.98,2.5,SQ7734740,1,Monthly Subscription,1,12.49,,,,Direct,Squarespace
6160,5,06/10/2024,Taunton,South West,Somerset,GB,0,12.49,Royal Mail Second Class,GBP,£,2.99,0,17.98,2.5,SQ7734740,1,Monthly Subscription,1,12.49,,,,Organic: Google,Squarespace
6392,5,06/11/2024,Taunton,South West,Somerset,GB,0,12.49,Royal Mail Second Class,GBP,£,2.99,0,17.98,2.5,SQ7734740,1,Monthly Subscription,1,12.49,,,,Unknown,Squarespace
6601,5,06/12/2024,Taunton,South West,Somerset,GB,0,12.49,Royal Mail Second Class,GBP,£,2.99,0,17.98,2.5,SQ7734740,1,Monthly Subscription,1,12.49,,,,Web admin,Squarespace
6793,5,06/01/2025,Taunton,South West,Somerset,GB,0,12.49,Royal Mail Second Class,GBP,£,2.99,0,17.98,2.5,SQ7734740,1,Monthly Subscription,1,12.49,,,,Unknown,Squarespace
7080,5,06/02/2025,Taunton,South West,Somerset,GB,0,12.49,Royal Mail Second Class,GBP,£,2.99,0,17.98,2.5,SQ7734740,1,Monthly Subscription,1,12.49,,,,Organic: Google,Squarespace
7278,5,06/03/2025,Taunton,South West,Somerset,GB,0,12.49,Royal Mail Second Class,GBP,£,2.99,0,17.98,2.5,SQ7734740,1,Monthly Subscription,1,12.49,,,,Unknown,Squarespace
7514,5,06/04/2025,Taunton,South West,Somerset,GB,0,12.49,Royal Mail Second Class,GBP,£,2.99,0,17.98,2.5,SQ7734740,1,Monthly Subscription,1,12.49,,,,Organic: Google,Squarespace
7688,5,06/05/2025,Taunton,South West,Somerset,GB,0,12.49,Royal Mail Second Class,GBP,£,2.99,0,17.98,2.5,SQ7734740,1,Monthly Subscription,1,12.49,,,,Unknown,Squarespace
1506,5,06/08/2024,Taunton,South West,Somerset,GB,0,14.99,Shipping,GBP,£,2.99,0,17.98,2.5,,1,Monthly Subscription,1,14.99,,,,Unknown,Woocommerce
1372,5,06/07/2024,Taunton,South West,Somerset,GB,0,14.99,Shipping,GBP,£,2.99,0,17.98,2.5,,1,Monthly Subscription,1,14.99,,,,Unknown,Woocommerce
1203,5,06/06/2024,Taunton,South West,Somerset,GB,0,14.99,Shipping,GBP,£,2.99,0,17.98,2.5,,1,Monthly Subscription,1,14.99,,,,Unknown,Woocommerce
1069,5,06/05/2024,Taunton,South West,Somerset,GB,0,14.99,Shipping,GBP,£,2.99,0,17.98,2.5,,1,Monthly Subscription,1,14.99,,,,Unknown,Woocommerce
864,5,06/04/2024,Taunton,South West,Somerset,GB,0,14.99,Shipping,GBP,£,2.99,0,17.98,2.5,,1,Monthly Subscription,1,14.99,,,,Unknown,Woocommerce
758,5,06/03/2024,Taunton,South West,Somerset,GB,0,14.99,Shipping,GBP,£,2.99,0,17.98,2.5,,1,Monthly Subscription,1,14.99,,,,Unknown,Woocommerce
669,5,06/02/2024,Taunton,South West,Somerset,GB,0,14.99,Shipping,GBP,£,2.99,0,17.98,2.5,,1,Monthly Subscription,1,14.99,,,,Unknown,Woocommerce
578,5,06/01/2024,Taunton,South West,Somerset,GB,0,14.99,Shipping,GBP,£,2.99,0,17.98,2.5,,1,Monthly Subscription,1,14.99,,,,Unknown,Woocommerce
508,5,06/12/2023,Taunton,South West,Somerset,GB,0,14.99,Shipping,GBP,£,2.99,0,17.98,2.5,,1,Monthly Subscription,1,14.99,,,,Unknown,Woocommerce
433,5,06/11/2023,Taunton,South West,Somerset,GB,0,14.99,Shipping,GBP,£,2.99,0,17.98,2.5,,1,Monthly Subscription,1,14.99,,,,Unknown,Woocommerce
359,5,06/10/2023,Taunton,South West,Somerset,GB,0,14.99,Shipping,GBP,£,2.99,0,17.98,2.5,,1,Monthly Subscription,1,14.99,,,,Unknown,Woocommerce
5672,6,06/09/2024,Gravesend,South East,,GB,0,12.49,Royal Mail Second Class,GBP,£,2.99,0,17.98,2.5,SQ7734740,1,Monthly Subscription,1,12.49,,,,Unknown,Squarespace
6159,6,06/10/2024,Gravesend,South East,,GB,0,12.49,Royal Mail Second Class,GBP,£,2.99,0,17.98,2.5,SQ7734740,1,Monthly Subscription,1,12.49,,,,Organic: Google,Squarespace
6391,6,06/11/2024,Gravesend,South East,,GB,0,12.49,Royal Mail Second Class,GBP,£,2.99,0,17.98,2.5,SQ7734740,1,Monthly Subscription,1,12.49,,,,Organic: Google,Squarespace
6600,6,06/12/2024,Gravesend,South East,,GB,0,12.49,Royal Mail Second Class,GBP,£,2.99,0,17.98,2.5,SQ7734740,1,Monthly Subscription,1,12.49,,,,Referral: M.facebook.com,Squarespace
6792,6,06/01/2025,Gravesend,South East,,GB,0,12.49,Royal Mail Second Class,GBP,£,2.99,0,17.98,2.5,SQ7734740,1,Monthly Subscription,1,12.49,,,,Direct,Squarespace
7079,6,06/02/2025,Gravesend,South East,,GB,0,12.49,Royal Mail Second Class,GBP,£,2.99,0,17.98,2.5,SQ7734740,1,Monthly Subscription,1,12.49,,,,Direct,Squarespace
7277,6,06/03/2025,Gravesend,South East,,GB,0,12.49,Royal Mail Second Class,GBP,£,2.99,0,17.98,2.5,SQ7734740,1,Monthly Subscription,1,12.49,,,,Direct,Squarespace
7513,6,06/04/2025,Gravesend,South East,,GB,0,12.49,Royal Mail Second Class,GBP,£,2.99,0,17.98,2.5,SQ7734740,1,Monthly Subscription,1,12.49,,,,Direct,Squarespace
7687,6,06/05/2025,Gravesend,South East,,GB,0,12.49,Royal Mail Second Class,GBP,£,2.99,0,17.98,2.5,SQ7734740,1,Monthly Subscription,1,12.49,,,,Unknown,Squarespace
1508,6,06/08/2024,Gravesend,South East,England,GB,0,14.99,Shipping,GBP,£,2.99,0,17.98,2.5,,1,Monthly Subscription,1,14.99,,,,Unknown,Woocommerce
1374,6,06/07/2024,Gravesend,South East,England,GB,0,14.99,Shipping,GBP,£,2.99,0,17.98,2.5,,1,Monthly Subscription,1,14.99,,,,Unknown,Woocommerce
1206,6,06/06/2024,Gravesend,South East,England,GB,0,14.99,Shipping,GBP,£,2.99,0,17.98,2.5,,1,Monthly Subscription,1,14.99,,,,Unknown,Woocommerce
1073,6,06/05/2024,Gravesend,South East,England,GB,0,14.99,Shipping,GBP,£,2.99,0,17.98,2.5,,1,Monthly Subscription,1,14.99,,,,Unknown,Woocommerce
865,6,06/04/2024,Gravesend,South East,England,GB,0,14.99,Shipping,GBP,£,2.99,0,17.98,2.5,,1,Monthly Subscription,1,14.99,,,,Unknown,Woocommerce
760,6,06/03/2024,Gravesend,South East,England,GB,0,14.99,Shipping,GBP,£,2.99,0,17.98,2.5,,1,Monthly Subscription,1,14.99,,,,Unknown,Woocommerce
672,6,06/02/2024,Gravesend,South East,England,GB,0,14.99,Shipping,GBP,£,2.99,0,17.98,2.5,,1,Monthly Subscription,1,14.99,,,,Unknown,Woocommerce
580,6,06/01/2024,Gravesend,South East,England,GB,0,14.99,Shipping,GBP,£,2.99,0,17.98,2.5,,1,Monthly Subscription,1,14.99,,,,Unknown,Woocommerce
511,6,06/12/2023,Gravesend,South East,England,GB,0,14.99,Shipping,GBP,£,2.99,0,17.98,2.5,,1,Monthly Subscription,1,14.99,,,,Unknown,Woocommerce
434,6,06/11/2023,Gravesend,South East,England,GB,0,14.99,Shipping,GBP,£,2.99,0,17.98,2.5,,1,Monthly Subscription,1,14.99,,,,Unknown,Woocommerce
360,6,06/10/2023,Gravesend,South East,England,GB,0,14.99,Shipping,GBP,£,2.99,0,17.98,2.5,,1,Monthly Subscription,1,14.99,,,,Unknown,Woocommerce
315,6,06/09/2023,Gravesend,South East,England,GB,0,14.99,Shipping,GBP,£,2.99,0,17.98,2.5,,1,Monthly Subscription,1,14.99,,,,Unknown,Woocommerce
218,6,17/06/2023,Gravesend,South East,England,GB,0,29.98,Shipping,GBP,£,3.99,0,33.97,4.99,,1,Two Months' Supply,1,29.98,,,,Unknown,Woocommerce
154,6,16/04/2023,Gravesend,South East,England,GB,3,29.98,Shipping,GBP,£,3.99,0,30.97,4.49,,1,Two Months' Supply,1,29.98,discount,3,0,Unknown,Woocommerce
7077,7,06/02/2025,Pontyclun,Wales,WALES,GB,0,20.83,Royal Mail First Class,GBP,£,3.99,0,28.98,4.16,SQ6831832,1,Ferrocalm Your Life,1,20.83,,,,Unknown,Squarespace
7276,7,06/03/2025,Pontyclun,Wales,WALES,GB,0,20.83,Royal Mail First Class,GBP,£,3.99,0,28.98,4.16,SQ6831832,1,Ferrocalm Your Life,1,20.83,,,,Unknown,Squarespace
7512,7,06/04/2025,Pontyclun,Wales,WALES,GB,0,20.83,Royal Mail First Class,GBP,£,3.99,0,28.98,4.16,SQ6831832,1,Ferrocalm Your Life,1,20.83,,,,Unknown,Squarespace
7686,7,06/05/2025,Pontyclun,Wales,WALES,GB,0,20.83,Royal Mail First Class,GBP,£,3.99,0,28.98,4.16,SQ6831832,1,Ferrocalm Your Life,1,20.83,,,,Direct,Squarespace
1007,8,26/04/2024,Chepstow,Wales,Wales,GB,9,35.98,Shipping,GBP,£,2.99,0,29.97,4.49,,1,8 Week Trial,1,35.98,discount,9,0,Unknown,Woocommerce
5677,8,05/09/2024,Newport,Wales,Monmouthshire,GB,0,12.49,Royal Mail Second Class,GBP,£,2.99,0,17.98,2.5,SQ7734740,1,Monthly Subscription,1,12.49,,,,Organic: Google,Squarespace
6156,8,06/10/2024,Newport,Wales,Monmouthshire,GB,0,12.49,Royal Mail Second Class,GBP,£,2.99,0,17.98,2.5,SQ7734740,1,Monthly Subscription,1,12.49,,,,Direct,Squarespace
6386,8,06/11/2024,Newport,Wales,Monmouthshire,GB,0,12.49,Royal Mail Second Class,GBP,£,2.99,0,17.98,2.5,SQ7734740,1,Monthly Subscription,1,12.49,,,,Unknown,Squarespace
6594,8,06/12/2024,Newport,Wales,Monmouthshire,GB,0,12.49,Royal Mail Second Class,GBP,£,2.99,0,17.98,2.5,SQ7734740,1,Monthly Subscription,1,12.49,,,,Referral: Duckduckgo.com,Squarespace
6787,8,06/01/2025,Newport,Wales,Monmouthshire,GB,0,12.49,Royal Mail Second Class,GBP,£,2.99,0,17.98,2.5,SQ7734740,1,Monthly Subscription,1,12.49,,,,Referral: M.facebook.com,Squarespace
7076,8,06/02/2025,Newport,Wales,Monmouthshire,GB,0,12.49,Royal Mail Second Class,GBP,£,2.99,0,17.98,2.5,SQ7734740,1,Monthly Subscription,1,12.49,,,,Direct,Squarespace
7275,8,06/03/2025,Newport,Wales,Monmouthshire,GB,0,12.49,Royal Mail Second Class,GBP,£,2.99,0,17.98,2.5,SQ7734740,1,Monthly Subscription,1,12.49,,,,Direct,Squarespace
7510,8,06/04/2025,Newport,Wales,Monmouthshire,GB,0,12.49,Royal Mail Second Class,GBP,£,2.99,0,17.98,2.5,SQ7734740,1,Monthly Subscription,1,12.49,,,,Direct,Squarespace
7685,8,06/05/2025,Newport,Wales,Monmouthshire,GB,0,12.49,Royal Mail Second Class,GBP,£,2.99,0,17.98,2.5,SQ7734740,1,Monthly Subscription,1,12.49,,,,Unknown,Squarespace
1503,8,05/08/2024,Newport,Wales,Monmouthshire,GB,0,14.99,Shipping,GBP,£,2.99,0,17.98,2.5,,1,Monthly Subscription,1,14.99,,,,Unknown,Woocommerce
1367,8,05/07/2024,Newport,Wales,Monmouthshire,GB,0,14.99,Shipping,GBP,£,2.99,0,17.98,2.5,,1,Monthly Subscription,1,14.99,,,,Unknown,Woocommerce
7684,9,06/05/2025,Bristol,South West,,GB,0,29.98,Royal Mail Second Class,GBP,£,2.99,0,38.97,6,SQ3720870,1,8 Week Trial,1,29.98,,,,Organic: Google,Squarespace
6155,10,06/10/2024,Wallingford,South East,England,GB,0,12.49,Shipping,GBP,£,2.99,0,17.98,2.5,SQ7734740,1,Monthly Subscription,1,12.49,,,,Unknown,Squarespace
6385,10,06/11/2024,Wallingford,South East,England,GB,0,12.49,Shipping,GBP,£,2.99,0,17.98,2.5,SQ7734740,1,Monthly Subscription,1,12.49,,,,Unknown,Squarespace
6593,10,06/12/2024,Wallingford,South East,England,GB,0,12.49,Shipping,GBP,£,2.99,0,17.98,2.5,SQ7734740,1,Monthly Subscription,1,12.49,,,,Direct,Squarespace
6786,10,06/01/2025,Wallingford,South East,England,GB,0,12.49,Shipping,GBP,£,2.99,0,17.98,2.5,SQ7734740,1,Monthly Subscription,1,12.49,,,,Organic: Google,Squarespace
7075,10,06/02/2025,Wallingford,South East,England,GB,0,12.49,Shipping,GBP,£,2.99,0,17.98,2.5,SQ7734740,1,Monthly Subscription,1,12.49,,,,Organic: Google,Squarespace
7274,10,06/03/2025,Wallingford,South East,England,GB,0,12.49,Shipping,GBP,£,2.99,0,17.98,2.5,SQ7734740,1,Monthly Subscription,1,12.49,,,,Direct,Squarespace
7509,10,06/04/2025,Wallingford,South East,England,GB,0,12.49,Shipping,GBP,£,2.99,0,17.98,2.5,SQ7734740,1,Monthly Subscription,1,12.49,,,,Direct,Squarespace
7683,10,06/05/2025,Wallingford,South East,England,GB,0,12.49,Shipping,GBP,£,2.99,0,17.98,2.5,SQ7734740,1,Monthly Subscription,1,12.49,,,,Web admin,Squarespace
1644,10,05/09/2024,Wallingford,South East,England,GB,0,14.99,Shipping,GBP,£,2.99,0,17.98,0,,1,Monthly Subscription,1,14.99,,,,Web admin,Woocommerce
1379,10,07/07/2024,Wallingford,South East,England,GB,0,35.98,Shipping,GBP,£,2.99,0,38.97,5.99,,1,Two Months' Supply,1,35.98,,,,Unknown,Woocommerce
862,10,05/04/2024,Wallingford,South East,England,GB,0,35.98,Shipping,GBP,£,2.99,0,38.97,5.99,,1,8 Week Trial,1,35.98,,,,Unknown,Woocommerce
6190,11,10/10/2024,Norwich,East of England,Norfolk,GB,4.166667,16.66,Royal Mail Second Class,GBP,£,2.99,0,17.98,2.5,SQ9497841,1,One Month's Supply,1,12.49,calm1,4.17,0.83,Unknown,Squarespace
6311,11,27/10/2024,Norwich,East of England,Norfolk,GB,0,29.98,Royal Mail Second Class,GBP,£,2.99,0,38.97,6,SQ3720870,1,8 Week Trial,1,29.98,,,,Source: Trustpilot,Squarespace
7073,11,05/02/2025,Norwich,East of England,Norfolk,GB,0,12.49,Royal Mail Second Class,GBP,£,2.99,0,17.98,2.5,SQ7734740,1,Monthly Subscription,1,12.49,,,,Unknown,Squarespace
7272,11,05/03/2025,Norwich,East of England,Norfolk,GB,0,12.49,Royal Mail Second Class,GBP,£,2.99,0,17.98,2.5,SQ7734740,1,Monthly Subscription,1,12.49,,,,Unknown,Squarespace
7508,11,05/04/2025,Norwich,East of England,Norfolk,GB,0,12.49,Royal Mail Second Class,GBP,£,2.99,0,17.98,2.5,SQ7734740,1,Monthly Subscription,1,12.49,,,,Unknown,Squarespace
7682,11,05/05/2025,Norwich,East of England,Norfolk,GB,0,12.49,Royal Mail Second Class,GBP,£,2.99,0,17.98,2.5,SQ7734740,1,Monthly Subscription,1,12.49,,,,Direct,Squarespace
7681,12,05/05/2025,Harrogate,Yorkshire and the Humber,,GB,0,29.98,Royal Mail Second Class,GBP,£,2.99,0,38.97,6,SQ3720870,1,8 Week Trial,1,29.98,,,,Organic: Google,Squarespace
5678,13,04/09/2024,Monmouth,Wales,,GB,0,20.83,Royal Mail Second Class,GBP,£,2.99,0,27.98,4.16,SQ6831832,1,Ferrocalm Your Life,1,20.83,,,,Unknown,Squarespace
6149,13,05/10/2024,Monmouth,Wales,,GB,0,20.83,Royal Mail Second Class,GBP,£,2.99,0,27.98,4.16,SQ6831832,1,Ferrocalm Your Life,1,20.83,,,,Source: Customer_notification,Squarespace
6377,13,05/11/2024,Monmouth,Wales,,GB,0,20.83,Royal Mail Second Class,GBP,£,2.99,0,27.98,4.16,SQ6831832,1,Ferrocalm Your Life,1,20.83,,,,Web admin,Squarespace
6589,13,05/12/2024,Monmouth,Wales,,GB,0,20.83,Royal Mail Second Class,GBP,£,2.99,0,27.98,4.16,SQ6831832,1,Ferrocalm Your Life,1,20.83,,,,Web admin,Squarespace
6785,13,05/01/2025,Monmouth,Wales,,GB,0,20.83,Royal Mail Second Class,GBP,£,2.99,0,27.98,4.16,SQ6831832,1,Ferrocalm Your Life,1,20.83,,,,Web admin,Squarespace
7071,13,05/02/2025,Monmouth,Wales,,GB,0,20.83,Royal Mail Second Class,GBP,£,2.99,0,27.98,4.16,SQ6831832,1,Ferrocalm Your Life,1,20.83,,,,Direct,Squarespace
7270,13,05/03/2025,Monmouth,Wales,,GB,0,20.83,Royal Mail Second Class,GBP,£,2.99,0,27.98,4.16,SQ6831832,1,Ferrocalm Your Life,1,20.83,,,,Unknown,Squarespace
7507,13,05/04/2025,Monmouth,Wales,,GB,0,20.83,Royal Mail Second Class,GBP,£,2.99,0,27.98,4.16,SQ6831832,1,Ferrocalm Your Life,1,20.83,,,,Web admin,Squarespace
7680,13,05/05/2025,Monmouth,Wales,,GB,0,20.83,Royal Mail Second Class,GBP,£,2.99,0,27.98,4.16,SQ6831832,1,Ferrocalm Your Life,1,20.83,,,,Unknown,Squarespace
1501,13,04/08/2024,Monmouth,Wales,Wales,GB,0,24.99,Shipping,GBP,£,2.99,0,27.98,4.17,,1,Ferrocalm Your Life,1,24.99,,,,Unknown,Woocommerce
1201,13,05/06/2024,Monmouth,Wales,Wales,GB,9,35.98,Shipping,GBP,£,2.99,0,29.97,4.49,,1,8 Week Trial,1,35.98,discount,9,0,Unknown,Woocommerce
6145,14,04/10/2024,Hailsham,South East,ENG,GB,0,12.49,Royal Mail First Class,GBP,£,3.99,0,18.98,2.5,SQ7734740,1,Monthly Subscription,1,12.49,,,,Direct,Squarespace
6374,14,04/11/2024,Hailsham,South East,ENG,GB,0,12.49,Royal Mail First Class,GBP,£,3.99,0,18.98,2.5,SQ7734740,1,Monthly Subscription,1,12.49,,,,Unknown,Squarespace
6587,14,04/12/2024,Hailsham,South East,ENG,GB,0,12.49,Royal Mail First Class,GBP,£,3.99,0,18.98,2.5,SQ7734740,1,Monthly Subscription,1,12.49,,,,Unknown,Squarespace
6784,14,04/01/2025,Hailsham,South East,ENG,GB,0,12.49,Royal Mail First Class,GBP,£,3.99,0,18.98,2.5,SQ7734740,1,Monthly Subscription,1,12.49,,,,Referral: Lm.facebook.com,Squarespace
7070,14,04/02/2025,Hailsham,South East,ENG,GB,0,12.49,Royal Mail First Class,GBP,£,3.99,0,18.98,2.5,SQ7734740,1,Monthly Subscription,1,12.49,,,,Unknown,Squarespace
7268,14,04/03/2025,Hailsham,South East,ENG,GB,0,12.49,Royal Mail First Class,GBP,£,3.99,0,18.98,2.5,SQ7734740,1,Monthly Subscription,1,12.49,,,,Direct,Squarespace
7505,14,04/04/2025,Hailsham,South East,ENG,GB,0,12.49,Royal Mail First Class,GBP,£,3.99,0,18.98,2.5,SQ7734740,1,Monthly Subscription,1,12.49,,,,Unknown,Squarespace
7679,14,04/05/2025,Hailsham,South East,ENG,GB,0,12.49,Royal Mail First Class,GBP,£,3.99,0,18.98,2.5,SQ7734740,1,Monthly Subscription,1,12.49,,,,Organic: Google,Squarespace
1518,14,08/08/2024,Hailsham,South East,ENG,GB,9,35.98,Shipping,GBP,£,3.99,0,30.97,4.49,,1,8 Week Trial,1,35.98,discount,9,0,Unknown,Woocommerce
6231,15,13/10/2024,Bangor,Wales,County Down,GB,4.166667,16.66,Royal Mail Second Class,GBP,£,2.99,0,17.98,2.5,SQ9497841,1,One Month's Supply,1,12.49,gutquiz25,4.17,0.83,Direct,Squarespace
6401,15,08/11/2024,Bangor,Wales,County Down,GB,0,29.98,Royal Mail Second Class,GBP,£,2.99,0,38.97,6,SQ3720870,1,8 Week Trial,1,29.98,,,,Direct,Squarespace
7059,15,03/02/2025,Bangor,Wales,County Down,GB,0,12.49,Royal Mail Second Class,GBP,£,2.99,0,17.98,2.5,SQ7734740,1,Monthly Subscription,1,12.49,,,,Unknown,Squarespace
7262,15,03/03/2025,Bangor,Wales,County Down,GB,0,12.49,Royal Mail Second Class,GBP,£,2.99,0,17.98,2.5,SQ7734740,1,Monthly Subscription,1,12.49,,,,Direct,Squarespace
7503,15,03/04/2025,Bangor,Wales,County Down,GB,0,12.49,Royal Mail Second Class,GBP,£,2.99,0,17.98,2.5,SQ7734740,1,Monthly Subscription,1,12.49,,,,Organic: Google,Squarespace
7678,15,03/05/2025,Bangor,Wales,County Down,GB,0,12.49,Royal Mail Second Class,GBP,£,2.99,0,17.98,2.5,SQ7734740,1,Monthly Subscription,1,12.49,,,,Referral: Bing.com,Squarespace
6071,16,25/09/2024,Swanley,South East,Kent,GB,0,29.98,Royal Mail First Class,GBP,£,3.99,0,39.97,6,SQ3720870,1,8 Week Trial,1,29.98,,,,Unknown,Squarespace
6779,16,03/01/2025,"Swanley,",South East,Kent,GB,0,12.49,Royal Mail First Class,GBP,£,3.99,0,18.98,2.5,SQ7734740,1,Monthly Subscription,1,12.49,,,,Direct,Squarespace
7057,16,03/02/2025,"Swanley,",South East,Kent,GB,0,12.49,Royal Mail First Class,GBP,£,3.99,0,18.98,2.5,SQ7734740,1,Monthly Subscription,1,12.49,,,,Direct,Squarespace
7260,16,03/03/2025,"Swanley,",South East,Kent,GB,0,12.49,Royal Mail First Class,GBP,£,3.99,0,18.98,2.5,SQ7734740,1,Monthly Subscription,1,12.49,,,,Organic: Google,Squarespace
7501,16,03/04/2025,"Swanley,",South East,Kent,GB,0,12.49,Royal Mail First Class,GBP,£,3.99,0,18.98,2.5,SQ7734740,1,Monthly Subscription,1,12.49,,,,Referral: Bing.com,Squarespace
7677,16,03/05/2025,"Swanley,",South East,Kent,GB,0,12.49,Royal Mail First Class,GBP,£,3.99,0,18.98,2.5,SQ7734740,1,Monthly Subscription,1,12.49,,,,Direct,Squarespace
6304,17,25/10/2024,Sittingbourne,South East,ENGLAND,GB,0,29.98,Royal Mail Second Class,GBP,£,2.99,0,38.97,6,SQ3720870,1,8 Week Trial,1,29.98,,,,Direct,Squarespace
7055,17,03/02/2025,Sittingbourne,South East,ENGLAND,GB,0,12.49,Royal Mail Second Class,GBP,£,2.99,0,17.98,2.5,SQ7734740,1,Monthly Subscription,1,12.49,,,,Unknown,Squarespace
7259,17,03/03/2025,Sittingbourne,South East,ENGLAND,GB,0,12.49,Royal Mail Second Class,GBP,£,2.99,0,17.98,2.5,SQ7734740,1,Monthly Subscription,1,12.49,,,,Direct,Squarespace
7498,17,03/04/2025,Sittingbourne,South East,ENGLAND,GB,0,12.49,Royal Mail Second Class,GBP,£,2.99,0,17.98,2.5,SQ7734740,1,Monthly Subscription,1,12.49,,,,Organic: Google,Squarespace
7676,17,03/05/2025,Sittingbourne,South East,ENGLAND,GB,0,12.49,Royal Mail Second Class,GBP,£,2.99,0,17.98,2.5,SQ7734740,1,Monthly Subscription,1,12.49,,,,Direct,Squarespace
6131,18,02/10/2024,Greywell,South East,HAMPSHIRE,GB,0,12.49,Royal Mail Second Class,GBP,£,2.99,0,17.98,2.5,SQ7734740,1,Monthly Subscription,1,12.49,,,,Direct,Squarespace
6353,18,02/11/2024,Greywell,South East,HAMPSHIRE,GB,0,12.49,Royal Mail Second Class,GBP,£,2.99,0,17.98,2.5,SQ7734740,1,Monthly Subscription,1,12.49,,,,Referral: Ferryx.com,Squarespace
6561,18,02/12/2024,Greywell,South East,HAMPSHIRE,GB,0,12.49,Royal Mail Second Class,GBP,£,2.99,0,17.98,2.5,SQ7734740,1,Monthly Subscription,1,12.49,,,,Direct,Squarespace
6778,18,02/01/2025,Greywell,South East,HAMPSHIRE,GB,0,12.49,Royal Mail Second Class,GBP,£,2.99,0,17.98,2.5,SQ7734740,1,Monthly Subscription,1,12.49,,,,Unknown,Squarespace
7051,18,02/02/2025,Greywell,South East,HAMPSHIRE,GB,0,12.49,Royal Mail Second Class,GBP,£,2.99,0,17.98,2.5,SQ7734740,1,Monthly Subscription,1,12.49,,,,Direct,Squarespace
7258,18,02/03/2025,Greywell,South East,HAMPSHIRE,GB,0,12.49,Royal Mail Second Class,GBP,£,2.99,0,17.98,2.5,SQ7734740,1,Monthly Subscription,1,12.49,,,,Organic: Google,Squarespace
7494,18,02/04/2025,Greywell,South East,HAMPSHIRE,GB,0,12.49,Royal Mail Second Class,GBP,£,2.99,0,17.98,2.5,SQ7734740,1,Monthly Subscription,1,12.49,,,,Organic: Google,Squarespace
7675,18,02/05/2025,Greywell,South East,HAMPSHIRE,GB,0,12.49,Royal Mail Second Class,GBP,£,2.99,0,17.98,2.5,SQ7734740,1,Monthly Subscription,1,12.49,,,,Organic: Google,Squarespace
6781,19,03/01/2025,Leeds,Yorkshire and the Humber,,GB,0,16.66,Royal Mail First Class,GBP,£,3.99,0,23.98,3.33,SQ9497841,1,One Month's Supply,1,16.66,,,,Organic: Google,Squarespace
7269,19,04/03/2025,Leeds,Yorkshire and the Humber,England,GB,2.5,16.66,Royal Mail Second Class,GBP,£,2.99,0,19.98,2.83,SQ9497841,1,One Month's Supply,1,14.16,rev15,2.5,0.5,Web admin,Squarespace
7674,19,02/05/2025,Leeds,Yorkshire and the Humber,,GB,0,16.66,Royal Mail Second Class,GBP,£,2.99,0,22.98,3.33,SQ9497841,1,One Month's Supply,1,16.66,,,,Organic: Google,Squarespace
7673,20,01/05/2025,Wallingford,South East,Oxfordshire,GB,0,49.98,Royal Mail Second Class,GBP,£,2.99,0,62.96,9.99,SQ9497841,1,One Month's Supply,3,16.66,,,,Organic: Google,Squarespace
6538,21,29/11/2024,Market Harborough,East Midlands,,GB,0,16.66,Royal Mail Second Class,GBP,£,2.99,0,22.98,3.33,SQ9497841,1,One Month's Supply,1,16.66,,,,Unknown,Squarespace
6774,21,01/01/2025,Market Harborough,East Midlands,AL,GB,0,12.49,Royal Mail Second Class,GBP,£,2.99,0,17.98,2.5,SQ7734740,1,Monthly Subscription,1,12.49,,,,Unknown,Squarespace
7047,21,01/02/2025,Market Harborough,East Midlands,AL,GB,0,12.49,Royal Mail Second Class,GBP,£,2.99,0,17.98,2.5,SQ7734740,1,Monthly Subscription,1,12.49,,,,Unknown,Squarespace
7256,21,01/03/2025,Market Harborough,East Midlands,AL,GB,0,12.49,Royal Mail Second Class,GBP,£,2.99,0,17.98,2.5,SQ7734740,1,Monthly Subscription,1,12.49,,,,Referral: M.facebook.com,Squarespace
7484,21,01/04/2025,Market Harborough,East Midlands,AL,GB,0,12.49,Royal Mail Second Class,GBP,£,2.99,0,17.98,2.5,SQ7734740,1,Monthly Subscription,1,12.49,,,,Organic: Google,Squarespace
7672,21,01/05/2025,Market Harborough,East Midlands,AL,GB,0,12.49,Royal Mail Second Class,GBP,£,2.99,0,17.98,2.5,SQ7734740,1,Monthly Subscription,1,12.49,,,,Direct,Squarespace
1350,21,02/07/2024,Market Harborough,East Midlands,,GB,0,14.99,Shipping,GBP,£,2.99,0,17.98,2.5,,1,Monthly Subscription,1,14.99,,,,Unknown,Woocommerce
6076,22,26/09/2024,Halesowen,West Midlands,,GB,0,12.49,Royal Mail Second Class,GBP,£,2.99,0,17.98,2.5,SQ7734740,1,Monthly Subscription,1,12.49,,,,Web admin,Squarespace
6773,22,01/01/2025,Halesowen,West Midlands,,GB,0,12.49,Royal Mail Second Class,GBP,£,2.99,0,17.98,2.5,SQ7734740,1,Monthly Subscription,1,12.49,,,,Unknown,Squarespace
7046,22,01/02/2025,Halesowen,West Midlands,,GB,0,12.49,Royal Mail Second Class,GBP,£,2.99,0,17.98,2.5,SQ7734740,1,Monthly Subscription,1,12.49,,,,Web admin,Squarespace
7255,22,01/03/2025,Halesowen,West Midlands,,GB,0,12.49,Royal Mail Second Class,GBP,£,2.99,0,17.98,2.5,SQ7734740,1,Monthly Subscription,1,12.49,,,,Direct,Squarespace
7483,22,01/04/2025,Halesowen,West Midlands,,GB,0,12.49,Royal Mail Second Class,GBP,£,2.99,0,17.98,2.5,SQ7734740,1,Monthly Subscription,1,12.49,,,,Direct,Squarespace
7671,22,01/05/2025,Halesowen,West Midlands,,GB,0,12.49,Royal Mail Second Class,GBP,£,2.99,0,17.98,2.5,SQ7734740,1,Monthly Subscription,1,12.49,,,,Unknown,Squarespace
1603,22,26/08/2024,Halesowen,West Midlands,England,GB,0,14.99,Shipping,GBP,£,2.99,0,17.98,2.5,,1,Monthly Subscription,1,14.99,,,,Unknown,Woocommerce
1465,22,26/07/2024,Halesowen,West Midlands,England,GB,0,14.99,Shipping,GBP,£,2.99,0,17.98,2.5,,1,Monthly Subscription,1,14.99,,,,Unknown,Woocommerce
1312,22,26/06/2024,Halesowen,West Midlands,England,GB,0,14.99,Shipping,GBP,£,2.99,0,17.98,2.5,,1,Monthly Subscription,1,14.99,,,,Unknown,Woocommerce
1165,22,26/05/2024,Halesowen,West Midlands,England,GB,0,14.99,Shipping,GBP,£,2.99,0,17.98,2.5,,1,Monthly Subscription,1,14.99,,,,Unknown,Woocommerce
1006,22,26/04/2024,Halesowen,West Midlands,England,GB,0,14.99,Shipping,GBP,£,2.99,0,17.98,2.5,,1,Monthly Subscription,1,14.99,,,,Unknown,Woocommerce
631,22,23/01/2024,Halesowen,West Midlands,West Midlands,GB,9,35.98,Shipping,GBP,£,2.99,0,29.97,4.49,,1,8 Week Trial,1,35.98,discount,9,0,Unknown,Woocommerce
6127,23,01/10/2024,Dereham,East of England,Norfolk,GB,0,12.49,Royal Mail Second Class,GBP,£,2.99,0,17.98,2.5,SQ7734740,1,Monthly Subscription,1,12.49,,,,Unknown,Squarespace
6352,23,01/11/2024,Dereham,East of England,Norfolk,GB,0,12.49,Royal Mail Second Class,GBP,£,2.99,0,17.98,2.5,SQ7734740,1,Monthly Subscription,1,12.49,,,,Organic: Google,Squarespace
6559,23,01/12/2024,Dereham,East of England,Norfolk,GB,0,12.49,Royal Mail Second Class,GBP,£,2.99,0,17.98,2.5,SQ7734740,1,Monthly Subscription,1,12.49,,,,Unknown,Squarespace
6772,23,01/01/2025,Dereham,East of England,Norfolk,GB,0,12.49,Royal Mail Second Class,GBP,£,2.99,0,17.98,2.5,SQ7734740,1,Monthly Subscription,1,12.49,,,,Direct,Squarespace
7045,23,01/02/2025,Dereham,East of England,Norfolk,GB,0,12.49,Royal Mail Second Class,GBP,£,2.99,0,17.98,2.5,SQ7734740,1,Monthly Subscription,1,12.49,,,,Web admin,Squarespace
7254,23,01/03/2025,Dereham,East of England,Norfolk,GB,0,12.49,Royal Mail Second Class,GBP,£,2.99,0,17.98,2.5,SQ7734740,1,Monthly Subscription,1,12.49,,,,Direct,Squarespace
7482,23,01/04/2025,Dereham,East of England,Norfolk,GB,0,12.49,Royal Mail Second Class,GBP,£,2.99,0,17.98,2.5,SQ7734740,1,Monthly Subscription,1,12.49,,,,Direct,Squarespace
7670,23,01/05/2025,Dereham,East of England,Norfolk,GB,0,12.49,Royal Mail Second Class,GBP,£,2.99,0,17.98,2.5,SQ7734740,1,Monthly Subscription,1,12.49,,,,Direct,Squarespace
920,23,23/04/2024,Dereham,East of England,,GB,0,35.98,Shipping,GBP,£,2.99,0,38.97,5.99,,1,8 Week Trial,1,35.98,,,,Unknown,Woocommerce
6126,24,01/10/2024,Maldon,East of England,Essex,GB,0,12.49,Royal Mail First Class,GBP,£,3.99,0,18.98,2.5,SQ7734740,1,Monthly Subscription,1,12.49,,,,Direct,Squarespace
6351,24,01/11/2024,Maldon,East of England,Essex,GB,0,12.49,Royal Mail First Class,GBP,£,3.99,0,18.98,2.5,SQ7734740,1,Monthly Subscription,1,12.49,,,,Unknown,Squarespace
6558,24,01/12/2024,Maldon,East of England,Essex,GB,0,12.49,Royal Mail First Class,GBP,£,3.99,0,18.98,2.5,SQ7734740,1,Monthly Subscription,1,12.49,,,,Direct,Squarespace
6771,24,01/01/2025,Maldon,East of England,Essex,GB,0,12.49,Royal Mail First Class,GBP,£,3.99,0,18.98,2.5,SQ7734740,1,Monthly Subscription,1,12.49,,,,Web admin,Squarespace
7044,24,01/02/2025,Maldon,East of England,Essex,GB,0,12.49,Royal Mail First Class,GBP,£,3.99,0,18.98,2.5,SQ7734740,1,Monthly Subscription,1,12.49,,,,Referral: Bing.com,Squarespace
7253,24,01/03/2025,Maldon,East of England,Essex,GB,0,12.49,Royal Mail First Class,GBP,£,3.99,0,18.98,2.5,SQ7734740,1,Monthly Subscription,1,12.49,,,,Organic: Google,Squarespace
7481,24,01/04/2025,Maldon,East of England,Essex,GB,0,12.49,Royal Mail First Class,GBP,£,3.99,0,18.98,2.5,SQ7734740,1,Monthly Subscription,1,12.49,,,,Unknown,Squarespace
7669,24,01/05/2025,Maldon,East of England,Essex,GB,0,12.49,Royal Mail First Class,GBP,£,3.99,0,18.98,2.5,SQ7734740,1,Monthly Subscription,1,12.49,,,,Unknown,Squarespace
1629,24,01/09/2024,Maldon,East of England,Essex,GB,0,14.99,Shipping,GBP,£,3.99,0,18.98,2.5,,1,Monthly Subscription,1,14.99,,,,Unknown,Woocommerce
1490,24,01/08/2024,Maldon,East of England,Essex,GB,0,14.99,Shipping,GBP,£,3.99,0,18.98,2.5,,1,Monthly Subscription,1,14.99,,,,Unknown,Woocommerce
1343,24,01/07/2024,Maldon,East of England,Essex,GB,0,14.99,Shipping,GBP,£,3.99,0,18.98,2.5,,1,Monthly Subscription,1,14.99,,,,Unknown,Woocommerce
1185,24,01/06/2024,Maldon,East of England,Essex,GB,0,14.99,Shipping,GBP,£,3.99,0,18.98,2.5,,1,Monthly Subscription,1,14.99,,,,Unknown,Woocommerce
1046,24,01/05/2024,Maldon,East of England,Essex,GB,0,14.99,Shipping,GBP,£,3.99,0,18.98,2.5,,1,Monthly Subscription,1,14.99,,,,Unknown,Woocommerce
851,24,01/04/2024,Maldon,East of England,Essex,GB,0,14.99,Shipping,GBP,£,3.99,0,18.98,2.5,,1,Monthly Subscription,1,14.99,,,,Unknown,Woocommerce
553,24,28/12/2023,Maldon,East of England,ESSEX,GB,0,12.49,Shipping,GBP,£,3.99,0,18.98,2.5,SQ7734740,1,Monthly Subscription,1,12.49,,,,Unknown,Woocommerce
6118,25,30/09/2024,Brentford,Greater London,ENGLAND,GB,0,16.66,Royal Mail First Class,GBP,£,3.99,0,23.98,3.33,SQ9497841,1,One Month's Supply,1,16.66,,,,Direct,Squarespace
6375,25,04/11/2024,Brentford,Greater London,ENGLAND,GB,0,29.98,Royal Mail Second Class,GBP,£,2.99,0,38.97,6,SQ3720870,1,8 Week Trial,1,29.98,,,,Source: Customer_notification,Squarespace
7251,25,28/02/2025,Brentford,Greater London,Middx,GB,0,12.49,Royal Mail Second Class,GBP,£,2.99,0,17.98,2.5,SQ7734740,1,Monthly Subscription,1,12.49,,,,Referral: M.facebook.com,Squarespace
7480,25,31/03/2025,Brentford,Greater London,Middx,GB,0,12.49,Royal Mail Second Class,GBP,£,2.99,0,17.98,2.5,SQ7734740,1,Monthly Subscription,1,12.49,,,,Direct,Squarespace
7668,25,30/04/2025,Brentford,Greater London,Middx,GB,0,12.49,Royal Mail Second Class,GBP,£,2.99,0,17.98,2.5,SQ7734740,1,Monthly Subscription,1,12.49,,,,Direct,Squarespace
1152,25,23/05/2024,Brentford,Greater London,England,GB,5.4,35.98,Shipping,GBP,£,2.99,0,33.57,5.09,,1,Two Months' Supply,1,35.98,discount,5.4,0,Unknown,Woocommerce
961,25,23/04/2024,Brentford,Greater London,England,GB,9,35.98,Shipping,GBP,£,2.99,0,29.97,4.49,,1,Two Months' Supply,1,35.98,discount,9,0,Unknown,Woocommerce
7026,26,28/01/2025,Mottingham,Greater London,LONDON,GB,0,29.98,Royal Mail Second Class,GBP,£,2.99,0,38.97,6,SQ3720870,1,8 Week Trial,1,29.98,,,,Organic: Google,Squarespace
7478,26,31/03/2025,Mottingham,Greater London,LONDON,GB,0,12.49,Royal Mail Second Class,GBP,£,2.99,0,17.98,2.5,SQ7734740,1,Monthly Subscription,1,12.49,,,,Unknown,Squarespace
7667,26,30/04/2025,Mottingham,Greater London,LONDON,GB,0,12.49,Royal Mail Second Class,GBP,£,2.99,0,17.98,2.5,SQ7734740,1,Monthly Subscription,1,12.49,,,,Direct,Squarespace
6444,27,15/11/2024,Horley,South East,Surrey,GB,0,16.66,Royal Mail Second Class,GBP,£,2.99,0,22.98,3.33,SQ9497841,1,One Month's Supply,1,16.66,,,,Unknown,Squarespace
6711,27,21/12/2024,Horley,South East,Surrey,GB,0,16.66,Royal Mail First Class,GBP,£,3.99,0,23.98,3.33,SQ9497841,1,One Month's Supply,1,16.66,,,,Web admin,Squarespace
7037,27,29/01/2025,Horley,South East,England,GB,0,12.49,Royal Mail Second Class,GBP,£,2.99,0,17.98,2.5,SQ7734740,1,Monthly Subscription,1,12.49,,,,Direct,Squarespace
7250,27,28/02/2025,Horley,South East,England,GB,0,12.49,Royal Mail Second Class,GBP,£,2.99,0,17.98,2.5,SQ7734740,1,Monthly Subscription,1,12.49,,,,Direct,Squarespace
7477,27,31/03/2025,Horley,South East,England,GB,0,12.49,Royal Mail Second Class,GBP,£,2.99,0,17.98,2.5,SQ7734740,1,Monthly Subscription,1,12.49,,,,Direct,Squarespace
7666,27,30/04/2025,Horley,South East,England,GB,0,12.49,Royal Mail Second Class,GBP,£,2.99,0,17.98,2.5,SQ7734740,1,Monthly Subscription,1,12.49,,,,Direct,Squarespace
1590,27,22/08/2024,Horley,South East,England,GB,3,19.99,Shipping,GBP,£,2.99,0,19.98,2.83,,1,One Month's Supply,1,19.99,discount,3,0,Unknown,Woocommerce
1349,27,02/07/2024,Horley,South East,Surrey,GB,9,35.98,Shipping,GBP,£,2.99,0,29.97,4.49,,1,Two Months' Supply,1,35.98,discount,9,0,Unknown,Woocommerce
7298,28,11/03/2025,Hitchin,South East,,GB,4.166667,16.66,Royal Mail Second Class,GBP,£,2.99,0,17.98,2.5,SQ9497841,1,One Month's Supply,1,12.49,calm25,4.17,0.83,Unknown,Squarespace
7474,28,31/03/2025,Hitchin,South East,,GB,0,12.49,Royal Mail Second Class,GBP,£,2.99,0,17.98,2.5,SQ7734740,1,Monthly Subscription,1,12.49,,,,Direct,Squarespace
7665,28,30/04/2025,Hitchin,South East,,GB,0,12.49,Royal Mail Second Class,GBP,£,2.99,0,17.98,2.5,SQ7734740,1,Monthly Subscription,1,12.49,,,,Direct,Squarespace
7040,29,30/01/2025,Weymouth,South West,Dorset,GB,0,12.49,Royal Mail Second Class,GBP,£,2.99,0,17.98,2.5,SQ7734740,1,Monthly Subscription,1,12.49,,,,Direct,Squarespace
7248,29,28/02/2025,Weymouth,South West,Dorset,GB,0,12.49,Royal Mail Second Class,GBP,£,2.99,0,17.98,2.5,SQ7734740,1,Monthly Subscription,1,12.49,,,,Direct,Squarespace
7473,29,31/03/2025,Weymouth,South West,Dorset,GB,0,12.49,Royal Mail Second Class,GBP,£,2.99,0,17.98,2.5,SQ7734740,1,Monthly Subscription,1,12.49,,,,Organic: Google,Squarespace
7664,29,30/04/2025,Weymouth,South West,Dorset,GB,0,12.49,Royal Mail Second Class,GBP,£,2.99,0,17.98,2.5,SQ7734740,1,Monthly Subscription,1,12.49,,,,Organic: Google,Squarespace
900,29,16/04/2024,Weymouth,South West,Dorset,GB,0,35.98,Shipping,GBP,£,3.99,0,39.97,5.99,,1,8 Week Trial,1,35.98,,,,Unknown,Woocommerce
6760,30,30/12/2024,Chepstow,Wales,Monmouthshire,GB,0,12.49,Royal Mail Second Class,GBP,£,2.99,0,17.98,2.5,SQ7734740,1,Monthly Subscription,1,12.49,,,,Web admin,Squarespace
7039,30,30/01/2025,Chepstow,Wales,Monmouthshire,GB,0,12.49,Royal Mail Second Class,GBP,£,2.99,0,17.98,2.5,SQ7734740,1,Monthly Subscription,1,12.49,,,,Direct,Squarespace
7247,30,28/02/2025,Chepstow,Wales,Monmouthshire,GB,0,12.49,Royal Mail Second Class,GBP,£,2.99,0,17.98,2.5,SQ7734740,1,Monthly Subscription,1,12.49,,,,Unknown,Squarespace
7472,30,31/03/2025,Chepstow,Wales,Monmouthshire,GB,0,12.49,Royal Mail Second Class,GBP,£,2.99,0,17.98,2.5,SQ7734740,1,Monthly Subscription,1,12.49,,,,Direct,Squarespace
7663,30,30/04/2025,Chepstow,Wales,Monmouthshire,GB,0,12.49,Royal Mail Second Class,GBP,£,2.99,0,17.98,2.5,SQ7734740,1,Monthly Subscription,1,12.49,,,,Direct,Squarespace
5662,31,19/09/2024,Falkirk,Scotland,Stirlingshire,GB,0,29.98,Royal Mail First Class,GBP,£,3.99,0,39.97,6,SQ3720870,1,8 Week Trial,1,29.98,,,,Unknown,Squarespace
7042,31,31/01/2025,Falkirk,Scotland,Stirlingshire,GB,0,12.49,Royal Mail Second Class,GBP,£,2.99,0,17.98,2.5,SQ7734740,1,Monthly Subscription,1,12.49,,,,Organic: Google,Squarespace
7243,31,28/02/2025,Falkirk,Scotland,Stirlingshire,GB,0,12.49,Royal Mail Second Class,GBP,£,2.99,0,17.98,2.5,SQ7734740,1,Monthly Subscription,1,12.49,,,,Direct,Squarespace
7470,31,31/03/2025,Falkirk,Scotland,Stirlingshire,GB,0,12.49,Royal Mail Second Class,GBP,£,2.99,0,17.98,2.5,SQ7734740,1,Monthly Subscription,1,12.49,,,,Direct,Squarespace
7662,31,30/04/2025,Falkirk,Scotland,Stirlingshire,GB,0,12.49,Royal Mail Second Class,GBP,£,2.99,0,17.98,2.5,SQ7734740,1,Monthly Subscription,1,12.49,,,,Direct,Squarespace
1313,31,26/06/2024,Falkirk,Scotland,Stirlingshire,GB,9,35.98,Shipping,GBP,£,3.99,0,30.97,4.49,,1,8 Week Trial,1,35.98,discount,9,0,Unknown,Woocommerce
6338,32,29/10/2024,Wellington,South West,Devon,GB,0,12.49,Royal Mail Second Class,GBP,£,2.99,0,17.98,2.5,SQ7734740,1,Monthly Subscription,1,12.49,,,,Unknown,Squarespace
6537,32,29/11/2024,Wellington,South West,Devon,GB,0,12.49,Royal Mail Second Class,GBP,£,2.99,0,17.98,2.5,SQ7734740,1,Monthly Subscription,1,12.49,,,,Web admin,Squarespace
6751,32,29/12/2024,Wellington,South West,Devon,GB,0,12.49,Royal Mail Second Class,GBP,£,2.99,0,17.98,2.5,SQ7734740,1,Monthly Subscription,1,12.49,,,,Organic: Google,Squarespace
7033,32,29/01/2025,Wellington,South West,Devon,GB,0,12.49,Royal Mail Second Class,GBP,£,2.99,0,17.98,2.5,SQ7734740,1,Monthly Subscription,1,12.49,,,,Referral: M.facebook.com,Squarespace
7242,32,28/02/2025,Wellington,South West,Devon,GB,0,12.49,Royal Mail Second Class,GBP,£,2.99,0,17.98,2.5,SQ7734740,1,Monthly Subscription,1,12.49,,,,Organic: Google,Squarespace
7469,32,31/03/2025,Wellington,South West,Devon,GB,0,12.49,Royal Mail Second Class,GBP,£,2.99,0,17.98,2.5,SQ7734740,1,Monthly Subscription,1,12.49,,,,Direct,Squarespace
7661,32,30/04/2025,Wellington,South West,Devon,GB,0,12.49,Royal Mail Second Class,GBP,£,2.99,0,17.98,2.5,SQ7734740,1,Monthly Subscription,1,12.49,,,,Direct,Squarespace
1314,32,26/06/2024,Wellington,South West,Devon,GB,9,35.98,Shipping,GBP,£,2.99,0,29.97,4.49,,1,Two Months' Supply,1,35.98,discount,9,0,Unknown,Woocommerce
6108,33,29/09/2024,Salisbury,South West,Wiltshire,GB,0,12.49,Royal Mail Second Class,GBP,£,2.99,0,17.98,2.5,SQ7734740,1,Monthly Subscription,1,12.49,,,,Unknown,Squarespace
6333,33,29/10/2024,Salisbury,South West,Wiltshire,GB,0,12.49,Royal Mail Second Class,GBP,£,2.99,0,17.98,2.5,SQ7734740,1,Monthly Subscription,1,12.49,,,,Direct,Squarespace
6533,33,29/11/2024,Salisbury,South West,Wiltshire,GB,0,12.49,Royal Mail Second Class,GBP,£,2.99,0,17.98,2.5,SQ7734740,1,Monthly Subscription,1,12.49,,,,Unknown,Squarespace
6748,33,29/12/2024,Salisbury,South West,Wiltshire,GB,0,12.49,Royal Mail Second Class,GBP,£,2.99,0,17.98,2.5,SQ7734740,1,Monthly Subscription,1,12.49,,,,Unknown,Squarespace
7031,33,29/01/2025,Salisbury,South West,Wiltshire,GB,0,12.49,Royal Mail Second Class,GBP,£,2.99,0,17.98,2.5,SQ7734740,1,Monthly Subscription,1,12.49,,,,Direct,Squarespace
7240,33,28/02/2025,Salisbury,South West,Wiltshire,GB,0,12.49,Royal Mail Second Class,GBP,£,2.99,0,17.98,2.5,SQ7734740,1,Monthly Subscription,1,12.49,,,,Direct,Squarespace
7465,33,31/03/2025,Salisbury,South West,Wiltshire,GB,0,12.49,Royal Mail Second Class,GBP,£,2.99,0,17.98,2.5,SQ7734740,1,Monthly Subscription,1,12.49,,,,Referral: Bing.com,Squarespace
7660,33,30/04/2025,Salisbury,South West,Wiltshire,GB,0,12.49,Royal Mail Second Class,GBP,£,2.99,0,17.98,2.5,SQ7734740,1,Monthly Subscription,1,12.49,,,,Unknown,Squarespace
1617,33,28/08/2024,Salisbury,South West,Wiltshire,GB,0,14.99,Shipping,GBP,£,2.99,0,17.98,2.5,,1,Monthly Subscription,1,14.99,,,,Unknown,Woocommerce
1479,33,28/07/2024,Salisbury,South West,Wiltshire,GB,0,14.99,Shipping,GBP,£,2.99,0,17.98,2.5,,1,Monthly Subscription,1,14.99,,,,Unknown,Woocommerce
1327,33,28/06/2024,Salisbury,South West,Wiltshire,GB,0,14.99,Shipping,GBP,£,2.99,0,17.98,2.5,,1,Monthly Subscription,1,14.99,,,,Unknown,Woocommerce
1171,33,28/05/2024,Salisbury,South West,Wiltshire,GB,0,14.99,Shipping,GBP,£,2.99,0,17.98,2.5,,1,Monthly Subscription,1,14.99,,,,Unknown,Woocommerce
1019,33,28/04/2024,Salisbury,South West,Wiltshire,GB,0,14.99,Shipping,GBP,£,2.99,0,17.98,2.5,,1,Monthly Subscription,1,14.99,,,,Unknown,Woocommerce
720,33,23/02/2024,Salisbury,South West,BFP,GB,0,35.98,Shipping,GBP,£,2.99,0,38.97,5.99,,1,Two Months' Supply,1,35.98,,,,Unknown,Woocommerce
425,33,02/11/2023,Salisbury,South West,Wiltshire,GB,9,35.98,Shipping,GBP,£,2.99,0,29.97,4.49,,1,Two Months' Supply,1,35.98,discount,9,0,Unknown,Woocommerce
370,33,10/10/2023,Salisbury,South West,,GB,0,19.99,Shipping,GBP,£,2.99,0,22.98,3.33,,1,One Month's Supply,1,19.99,,,,Unknown,Woocommerce
6107,34,29/09/2024,Exeter,South West,Devon,GB,0,12.49,Royal Mail Second Class,GBP,£,2.99,0,17.98,2.5,SQ7734740,1,Monthly Subscription,1,12.49,,,,Web admin,Squarespace
6332,34,29/10/2024,Exeter,South West,Devon,GB,0,12.49,Royal Mail Second Class,GBP,£,2.99,0,17.98,2.5,SQ7734740,1,Monthly Subscription,1,12.49,,,,Unknown,Squarespace
6532,34,29/11/2024,Exeter,South West,Devon,GB,0,12.49,Royal Mail Second Class,GBP,£,2.99,0,17.98,2.5,SQ7734740,1,Monthly Subscription,1,12.49,,,,Referral: Ferryx.com,Squarespace
6747,34,29/12/2024,Exeter,South West,Devon,GB,0,12.49,Royal Mail Second Class,GBP,£,2.99,0,17.98,2.5,SQ7734740,1,Monthly Subscription,1,12.49,,,,Direct,Squarespace
7030,34,29/01/2025,Exeter,South West,Devon,GB,0,12.49,Royal Mail Second Class,GBP,£,2.99,0,17.98,2.5,SQ7734740,1,Monthly Subscription,1,12.49,,,,Unknown,Squarespace
7239,34,28/02/2025,Exeter,South West,Devon,GB,0,12.49,Royal Mail Second Class,GBP,£,2.99,0,17.98,2.5,SQ7734740,1,Monthly Subscription,1,12.49,,,,Direct,Squarespace
7464,34,31/03/2025,Exeter,South West,Devon,GB,0,12.49,Royal Mail Second Class,GBP,£,2.99,0,17.98,2.5,SQ7734740,1,Monthly Subscription,1,12.49,,,,Unknown,Squarespace
7659,34,30/04/2025,Exeter,South West,Devon,GB,0,12.49,Royal Mail Second Class,GBP,£,2.99,0,17.98,2.5,SQ7734740,1,Monthly Subscription,1,12.49,,,,Unknown,Squarespace
1618,34,28/08/2024,Exeter,South West,Devon,GB,0,14.99,Shipping,GBP,£,2.99,0,17.98,2.5,,1,Monthly Subscription,1,14.99,,,,Unknown,Woocommerce
1225,34,09/06/2024,Exeter,South West,Devon,GB,9,35.98,Shipping,GBP,£,2.99,0,29.97,4.49,,1,Two Months' Supply,1,35.98,discount,9,0,Unknown,Woocommerce
965,35,23/04/2024,Caerphilly,Wales,Wales,GB,0,19.99,Shipping,GBP,£,2.99,0,22.98,3.33,,1,One Month's Supply,1,19.99,,,,Unknown,Woocommerce
344,35,25/09/2023,Caerphilly,Wales,Wales,GB,9,35.98,Shipping,GBP,£,3.99,0,30.97,4.49,,1,Two Months' Supply,1,35.98,discount,9,0,Unknown,Woocommerce
6424,35,12/11/2024,Llanbradach,Wales,,GB,2.5,16.66,Royal Mail Second Class,GBP,£,2.99,0,19.98,2.83,SQ9497841,1,One Month's Supply,1,14.16,rev15,2.5,0.5,Direct,Squarespace
6744,35,29/12/2024,Llanbradach,Wales,Wales,GB,0,12.49,Royal Mail Second Class,GBP,£,2.99,0,17.98,2.5,SQ7734740,1,Monthly Subscription,1,12.49,,,,Direct,Squarespace
7028,35,29/01/2025,Llanbradach,Wales,Wales,GB,0,12.49,Royal Mail Second Class,GBP,£,2.99,0,17.98,2.5,SQ7734740,1,Monthly Subscription,1,12.49,,,,Unknown,Squarespace
7237,35,28/02/2025,Llanbradach,Wales,Wales,GB,0,12.49,Royal Mail Second Class,GBP,£,2.99,0,17.98,2.5,SQ7734740,1,Monthly Subscription,1,12.49,,,,Direct,Squarespace
7462,35,31/03/2025,Llanbradach,Wales,Wales,GB,0,12.49,Royal Mail Second Class,GBP,£,2.99,0,17.98,2.5,SQ7734740,1,Monthly Subscription,1,12.49,,,,Unknown,Squarespace
7658,35,30/04/2025,Llanbradach,Wales,Wales,GB,0,12.49,Royal Mail Second Class,GBP,£,2.99,0,17.98,2.5,SQ7734740,1,Monthly Subscription,1,12.49,,,,Organic: Google,Squarespace
1250,35,14/06/2024,Llanbradach,Wales,Wales,GB,0,35.98,Shipping,GBP,£,2.99,0,38.97,5.99,,1,8 Week Trial,1,35.98,,,,Unknown,Woocommerce
6093,36,26/09/2024,Manchester,North West,,GB,0,29.98,Royal Mail Second Class,GBP,£,2.99,0,38.97,6,SQ3720870,1,8 Week Trial,1,29.98,,,,Referral: Ecosia.org,Squarespace
6528,36,28/11/2024,Manchester,North West,,GB,0,12.49,Royal Mail Second Class,GBP,£,2.99,0,17.98,2.5,SQ7734740,1,Monthly Subscription,1,12.49,,,,Direct,Squarespace
6743,36,29/12/2024,Manchester,North West,,GB,0,12.49,Royal Mail Second Class,GBP,£,2.99,0,17.98,2.5,SQ7734740,1,Monthly Subscription,1,12.49,,,,Organic: Google,Squarespace
7027,36,29/01/2025,Manchester,North West,,GB,0,12.49,Royal Mail Second Class,GBP,£,2.99,0,17.98,2.5,SQ7734740,1,Monthly Subscription,1,12.49,,,,Direct,Squarespace
7236,36,28/02/2025,Manchester,North West,,GB,0,12.49,Royal Mail Second Class,GBP,£,2.99,0,17.98,2.5,SQ7734740,1,Monthly Subscription,1,12.49,,,,Unknown,Squarespace
7461,36,31/03/2025,Manchester,North West,,GB,0,12.49,Royal Mail Second Class,GBP,£,2.99,0,17.98,2.5,SQ7734740,1,Monthly Subscription,1,12.49,,,,Direct,Squarespace
7657,36,30/04/2025,Manchester,North West,,GB,0,12.49,Royal Mail Second Class,GBP,£,2.99,0,17.98,2.5,SQ7734740,1,Monthly Subscription,1,12.49,,,,Organic: Google,Squarespace
6325,37,28/10/2024,Bristol,South West,BRISTOL,GB,5,29.98,Royal Mail Second Class,GBP,£,2.99,0,32.97,5,SQ3720870,1,8 Week Trial,1,24.98,d8wh21d,5,1,Organic: Google,Squarespace
6776,37,01/01/2025,Bristol,South West,BRISTOL,GB,5,29.98,Royal Mail Second Class,GBP,£,2.99,0,32.97,5,SQ3720870,1,8 Week Trial,1,24.98,d8wh21d,5,1,Direct,Squarespace
7223,37,25/02/2025,Bristol,South West,BRISTOL,GB,5,29.98,Royal Mail Second Class,GBP,£,2.99,0,32.97,5,SQ3720870,1,8 Week Trial,1,24.98,d8wh21d,5,1,Unknown,Squarespace
7656,37,29/04/2025,Bristol,South West,Bristol,GB,5,29.98,Royal Mail Second Class,GBP,£,2.99,0,32.97,5,SQ3720870,1,8 Week Trial,1,24.98,d8wh21d,5,1,Direct,Squarespace
1633,37,03/09/2024,Bristol,South West,Bristol,GB,6,35.98,Shipping,GBP,£,2.99,0,32.97,4.99,,1,Two Months' Supply,1,35.98,discount,6,0,Web admin,Woocommerce
1310,37,26/06/2024,Bristol,South West,Bristol,GB,6,35.98,Shipping,GBP,£,2.99,0,32.97,4.99,,1,Two Months' Supply,1,35.98,discount,6,0,Unknown,Woocommerce
1068,37,06/05/2024,Bristol,South West,Bristol,GB,6,35.98,Shipping,GBP,£,2.99,0,32.97,4.99,,1,Two Months' Supply,1,35.98,discount,6,0,Unknown,Woocommerce
756,37,05/03/2024,Bristol,South West,Bristol,GB,6,35.98,Shipping,GBP,£,2.99,0,32.97,4.99,,1,Two Months' Supply,1,35.98,discount,6,0,Unknown,Woocommerce
596,37,10/01/2024,Bristol,South West,Bristol,GB,6,35.98,Shipping,GBP,£,2.99,0,32.97,4.99,,1,Two Months' Supply,1,35.98,discount,6,0,Unknown,Woocommerce
421,37,01/11/2023,Bristol,South West,Bristol,GB,6,35.98,Shipping,GBP,£,2.99,0,32.97,4.99,,1,Two Months' Supply,1,35.98,discount,6,0,Unknown,Woocommerce
124,37,18/03/2023,Bristol,South West,England,GB,0,29.98,Shipping,GBP,£,2.99,0,32.97,0,,1,Two Months' Supply,1,29.98,,,,Unknown,Woocommerce
7655,38,29/04/2025,Kenilworth,West Midlands,,GB,7.491667,29.98,Royal Mail Second Class,GBP,£,2.99,0,29.98,4.5,SQ3720870,1,8 Week Trial,1,22.49,calm1,7.49,1.5,Direct,Squarespace
7654,39,29/04/2025,Villabe,France,,FR,0,19.76,Royal Mail International Standard,EUR,€,8.28986,0,32,3.95,SQ9497841,1,One Month's Supply,1,19.76,,,,Direct,Squarespace
7458,40,29/03/2025,London,Greater London,,GB,0,12.49,Royal Mail Second Class,GBP,£,2.99,0,17.98,2.5,SQ7734740,1,Monthly Subscription,1,12.49,,,,Organic: Google,Squarespace
7653,40,29/04/2025,London,Greater London,,GB,0,12.49,Royal Mail Second Class,GBP,£,2.99,0,17.98,2.5,SQ7734740,1,Monthly Subscription,1,12.49,,,,Direct,Squarespace
6833,41,14/01/2025,"Burntisland, Kinghorn And Western Kirkcaldy Ward, Fife",Scotland,SCOTLAND,GB,0,12.49,Royal Mail Second Class,GBP,£,2.99,0,17.98,2.5,SQ7734740,1,Monthly Subscription,1,12.49,,,,Direct,Squarespace
7126,41,14/02/2025,Fife,Scotland,SCOTLAND,GB,0,12.49,Royal Mail Second Class,GBP,£,2.99,0,17.98,2.5,SQ7734740,1,Monthly Subscription,1,12.49,,,,Web admin,Squarespace
7651,41,27/04/2025,Fife,Scotland,SCOTLAND,GB,0,12.49,Royal Mail Second Class,GBP,£,2.99,0,17.98,2.5,SQ7734740,1,Monthly Subscription,1,12.49,,,,Organic: Google,Squarespace
6098,42,27/09/2024,St Andrews,Scotland,,GB,0,12.49,Royal Mail First Class,GBP,£,3.99,0,18.98,2.5,SQ7734740,1,Monthly Subscription,1,12.49,,,,Organic: Google,Squarespace
6314,42,27/10/2024,St Andrews,Scotland,,GB,0,12.49,Royal Mail First Class,GBP,£,3.99,0,18.98,2.5,SQ7734740,1,Monthly Subscription,1,12.49,,,,Web admin,Squarespace
6515,42,27/11/2024,St Andrews,Scotland,,GB,0,12.49,Royal Mail First Class,GBP,£,3.99,0,18.98,2.5,SQ7734740,1,Monthly Subscription,1,12.49,,,,Organic: Google,Squarespace
6739,42,27/12/2024,St Andrews,Scotland,,GB,0,12.49,Royal Mail First Class,GBP,£,3.99,0,18.98,2.5,SQ7734740,1,Monthly Subscription,1,12.49,,,,Referral: M.facebook.com,Squarespace
7018,42,27/01/2025,St Andrews,Scotland,,GB,0,12.49,Royal Mail First Class,GBP,£,3.99,0,18.98,2.5,SQ7734740,1,Monthly Subscription,1,12.49,,,,Unknown,Squarespace
7233,42,27/02/2025,St Andrews,Scotland,,GB,0,12.49,Royal Mail First Class,GBP,£,3.99,0,18.98,2.5,SQ7734740,1,Monthly Subscription,1,12.49,,,,Unknown,Squarespace
7446,42,27/03/2025,St Andrews,Scotland,,GB,0,12.49,Royal Mail First Class,GBP,£,3.99,0,18.98,2.5,SQ7734740,1,Monthly Subscription,1,12.49,,,,Direct,Squarespace
7650,42,27/04/2025,St Andrews,Scotland,,GB,0,12.49,Royal Mail First Class,GBP,£,3.99,0,18.98,2.5,SQ7734740,1,Monthly Subscription,1,12.49,,,,Unknown,Squarespace
1608,42,27/08/2024,St Andrews,Scotland,Scotland,GB,0,14.99,Shipping,GBP,£,3.99,0,18.98,2.5,,1,Monthly Subscription,1,14.99,,,,Unknown,Woocommerce
1472,42,27/07/2024,St Andrews,Scotland,Scotland,GB,0,14.99,Shipping,GBP,£,3.99,0,18.98,2.5,,1,Monthly Subscription,1,14.99,,,,Unknown,Woocommerce
1318,42,27/06/2024,St Andrews,Scotland,Scotland,GB,0,14.99,Shipping,GBP,£,3.99,0,18.98,2.5,,1,Monthly Subscription,1,14.99,,,,Unknown,Woocommerce
887,42,12/04/2024,St Andrews,Scotland,Scotland,GB,0,35.98,Shipping,GBP,£,3.99,0,39.97,5.99,,1,Two Months' Supply,1,35.98,,,,Unknown,Woocommerce
713,42,21/02/2024,St Andrews,Scotland,Scotland,GB,9,35.98,Shipping,GBP,£,3.99,0,30.97,4.49,,1,8 Week Trial,1,35.98,discount,9,0,Unknown,Woocommerce
7649,43,27/04/2025,Manchester,North West,Outside USA and Canada,GB,0,16.66,Royal Mail Second Class,GBP,£,2.99,0,22.98,3.33,SQ9497841,1,One Month's Supply,1,16.66,,,,Organic: Google,Squarespace
804,43,19/03/2024,Manchester,North West,England,GB,0,35.98,Shipping,GBP,£,3.99,0,39.97,5.99,,1,8 Week Trial,1,35.98,,,,Unknown,Woocommerce
6095,44,27/09/2024,Cardiff,Wales,,GB,0,12.49,Royal Mail First Class,GBP,£,3.99,0,18.98,2.5,SQ7734740,1,Monthly Subscription,1,12.49,,,,Unknown,Squarespace
6312,44,27/10/2024,Cardiff,Wales,,GB,0,12.49,Royal Mail First Class,GBP,£,3.99,0,18.98,2.5,SQ7734740,1,Monthly Subscription,1,12.49,,,,Organic: Google,Squarespace
6513,44,27/11/2024,Cardiff,Wales,,GB,0,12.49,Royal Mail First Class,GBP,£,3.99,0,18.98,2.5,SQ7734740,1,Monthly Subscription,1,12.49,,,,Unknown,Squarespace
6738,44,27/12/2024,Cardiff,Wales,,GB,0,12.49,Royal Mail First Class,GBP,£,3.99,0,18.98,2.5,SQ7734740,1,Monthly Subscription,1,12.49,,,,Referral: Instagram.com,Squarespace
7017,44,27/01/2025,Cardiff,Wales,,GB,0,12.49,Royal Mail First Class,GBP,£,3.99,0,18.98,2.5,SQ7734740,1,Monthly Subscription,1,12.49,,,,Unknown,Squarespace
7230,44,27/02/2025,Cardiff,Wales,,GB,0,12.49,Royal Mail First Class,GBP,£,3.99,0,18.98,2.5,SQ7734740,1,Monthly Subscription,1,12.49,,,,Organic: Google,Squarespace
7444,44,27/03/2025,Cardiff,Wales,,GB,0,12.49,Royal Mail First Class,GBP,£,3.99,0,18.98,2.5,SQ7734740,1,Monthly Subscription,1,12.49,,,,Unknown,Squarespace
7648,44,27/04/2025,Cardiff,Wales,,GB,0,12.49,Royal Mail First Class,GBP,£,3.99,0,18.98,2.5,SQ7734740,1,Monthly Subscription,1,12.49,,,,Unknown,Squarespace
1613,44,27/08/2024,Cardiff,Wales,BFP,GB,0,14.99,Shipping,GBP,£,3.99,0,18.98,2.5,,1,Monthly Subscription,1,14.99,,,,Unknown,Woocommerce
1476,44,27/07/2024,Cardiff,Wales,,GB,0,14.99,Shipping,GBP,£,3.99,0,18.98,2.5,,1,Monthly Subscription,1,14.99,,,,Unknown,Woocommerce
1322,44,27/06/2024,Cardiff,Wales,,GB,0,14.99,Shipping,GBP,£,3.99,0,18.98,2.5,,1,Monthly Subscription,1,14.99,,,,Unknown,Woocommerce
970,44,24/04/2024,Cardiff,Wales,,GB,9,35.98,Shipping,GBP,£,3.99,0,30.97,4.49,,1,8 Week Trial,1,35.98,discount,9,0,Unknown,Woocommerce
6094,45,27/09/2024,Norwich,East of England,NORFOLK,GB,0,16.66,Royal Mail Second Class,GBP,£,2.99,0,22.98,3.33,SQ9497841,1,One Month's Supply,1,16.66,,,,Organic: Google,Squarespace
6522,45,28/11/2024,Norwich,East of England,NORFOLK,GB,0,16.66,Royal Mail Second Class,GBP,£,2.99,0,22.98,3.33,SQ9497841,1,One Month's Supply,1,16.66,,,,Web admin,Squarespace
6665,45,16/12/2024,Norwich,East of England,NORFOLK,GB,0,16.66,Royal Mail Second Class,GBP,£,2.99,0,22.98,3.33,SQ9497841,1,One Month's Supply,1,16.66,,,,Direct,Squarespace
7167,45,18/02/2025,Norwich,East of England,NORFOLK,GB,0,16.66,Royal Mail Second Class,GBP,£,2.99,0,22.98,3.33,SQ9497841,1,One Month's Supply,1,16.66,,,,Unknown,Squarespace
7432,45,25/03/2025,Norwich,East of England,NORFOLK,GB,0,16.66,Royal Mail Second Class,GBP,£,2.99,0,22.98,3.33,SQ9497841,1,One Month's Supply,1,16.66,,,,Organic: Google,Squarespace
7647,45,26/04/2025,Norwich,East of England,NORFOLK,GB,0,16.66,Royal Mail Second Class,GBP,£,2.99,0,22.98,3.33,SQ9497841,1,One Month's Supply,1,16.66,,,,Organic: Google,Squarespace
1606,45,26/08/2024,Norwich,East of England,Norfolk,GB,0,19.99,Shipping,GBP,£,2.99,0,22.98,3.33,,1,One Month's Supply,1,19.99,,,,Unknown,Woocommerce
1473,45,27/07/2024,Norwich,East of England,Norfolk,GB,0,19.99,Shipping,GBP,£,2.99,0,22.98,3.33,,1,One Month's Supply,1,19.99,,,,Unknown,Woocommerce
1295,45,23/06/2024,Norwich,East of England,Norfolk,GB,0,19.99,Shipping,GBP,£,2.99,0,22.98,3.33,,1,One Month's Supply,1,19.99,,,,Unknown,Woocommerce
1146,45,23/05/2024,Norwich,East of England,Norfolk,GB,0,19.99,Shipping,GBP,£,2.99,0,22.98,3.33,,1,One Month's Supply,1,19.99,,,,Unknown,Woocommerce
918,45,23/04/2024,Norwich,East of England,Norfolk,GB,0,19.99,Shipping,GBP,£,2.99,0,22.98,3.33,,1,One Month's Supply,1,19.99,,,,Unknown,Woocommerce
305,45,01/09/2023,Norwich,East of England,Norfolk,GB,0,19.99,Shipping,GBP,£,2.99,0,22.98,3.33,,1,One Month's Supply,1,19.99,,,,Unknown,Woocommerce
272,45,02/08/2023,Norwich,East of England,Norfolk,GB,5,19.99,Shipping,GBP,£,2.99,0,17.98,2.5,,1,One Month's Supply,1,19.99,discount,5,0,Unknown,Woocommerce
6935,46,15/01/2025,Dover,South East,Kent,GB,0,29.98,Royal Mail Second Class,GBP,£,2.99,0,38.97,6,SQ3720870,1,8 Week Trial,1,29.98,,,,Direct,Squarespace
7442,46,26/03/2025,Dover,South East,Kent,GB,0,12.49,Royal Mail Second Class,GBP,£,2.99,0,17.98,2.5,SQ7734740,1,Monthly Subscription,1,12.49,,,,Direct,Squarespace
7646,46,26/04/2025,Dover,South East,Kent,GB,0,12.49,Royal Mail Second Class,GBP,£,2.99,0,17.98,2.5,SQ7734740,1,Monthly Subscription,1,12.49,,,,Direct,Squarespace
6508,47,26/11/2024,London,Greater London,,GB,0,12.49,Royal Mail Second Class,GBP,£,2.99,0,17.98,2.5,SQ7734740,1,Monthly Subscription,1,12.49,,,,Direct,Squarespace
6733,47,26/12/2024,London,Greater London,,GB,0,12.49,Royal Mail Second Class,GBP,£,2.99,0,17.98,2.5,SQ7734740,1,Monthly Subscription,1,12.49,,,,Direct,Squarespace
7013,47,26/01/2025,London,Greater London,,GB,0,12.49,Royal Mail Second Class,GBP,£,2.99,0,17.98,2.5,SQ7734740,1,Monthly Subscription,1,12.49,,,,Organic: Google,Squarespace
7227,47,26/02/2025,London,Greater London,,GB,0,12.49,Royal Mail Second Class,GBP,£,2.99,0,17.98,2.5,SQ7734740,1,Monthly Subscription,1,12.49,,,,Unknown,Squarespace
7441,47,26/03/2025,London,Greater London,,GB,0,12.49,Royal Mail Second Class,GBP,£,2.99,0,17.98,2.5,SQ7734740,1,Monthly Subscription,1,12.49,,,,Unknown,Squarespace
7645,47,26/04/2025,London,Greater London,,GB,0,12.49,Royal Mail Second Class,GBP,£,2.99,0,17.98,2.5,SQ7734740,1,Monthly Subscription,1,12.49,,,,Organic: Google,Squarespace
1365,47,05/07/2024,London,Greater London,,GB,9,35.98,Shipping,GBP,£,2.99,0,29.97,4.49,,1,8 Week Trial,1,35.98,discount,9,0,Unknown,Woocommerce
5656,48,19/09/2024,Chesterfield,East Midlands,,GB,0,12.49,Royal Mail Second Class,GBP,£,2.99,0,17.98,2.5,SQ7734740,1,Monthly Subscription,1,12.49,,,,Unknown,Squarespace
6274,48,19/10/2024,Chesterfield,East Midlands,,GB,0,12.49,Royal Mail Second Class,GBP,£,2.99,0,17.98,2.5,SQ7734740,1,Monthly Subscription,1,12.49,,,,Direct,Squarespace
6505,48,26/11/2024,Chesterfield,East Midlands,,GB,0,12.49,Royal Mail Second Class,GBP,£,2.99,0,17.98,2.5,SQ7734740,1,Monthly Subscription,1,12.49,,,,Direct,Squarespace
6731,48,26/12/2024,Chesterfield,East Midlands,,GB,0,12.49,Royal Mail Second Class,GBP,£,2.99,0,17.98,2.5,SQ7734740,1,Monthly Subscription,1,12.49,,,,Direct,Squarespace
7008,48,26/01/2025,Chesterfield,East Midlands,,GB,0,12.49,Royal Mail Second Class,GBP,£,2.99,0,17.98,2.5,SQ7734740,1,Monthly Subscription,1,12.49,,,,Referral: Ecosia.org,Squarespace
7225,48,26/02/2025,Chesterfield,East Midlands,,GB,0,12.49,Royal Mail Second Class,GBP,£,2.99,0,17.98,2.5,SQ7734740,1,Monthly Subscription,1,12.49,,,,Unknown,Squarespace
7439,48,26/03/2025,Chesterfield,East Midlands,,GB,0,12.49,Royal Mail Second Class,GBP,£,2.99,0,17.98,2.5,SQ7734740,1,Monthly Subscription,1,12.49,,,,Direct,Squarespace
7644,48,26/04/2025,Chesterfield,East Midlands,,GB,0,12.49,Royal Mail Second Class,GBP,£,2.99,0,17.98,2.5,SQ7734740,1,Monthly Subscription,1,12.49,,,,Unknown,Squarespace
1575,48,19/08/2024,Chesterfield,East Midlands,England,GB,0,14.99,Shipping,GBP,£,2.99,0,17.98,2.5,,1,Monthly Subscription,1,14.99,,,,Unknown,Woocommerce
1427,48,19/07/2024,Chesterfield,East Midlands,England,GB,0,14.99,Shipping,GBP,£,2.99,0,17.98,2.5,,1,Monthly Subscription,1,14.99,,,,Unknown,Woocommerce
1272,48,19/06/2024,Chesterfield,East Midlands,England,GB,0,14.99,Shipping,GBP,£,2.99,0,17.98,2.5,,1,Monthly Subscription,1,14.99,,,,Unknown,Woocommerce
941,48,23/04/2024,Chesterfield,East Midlands,England,GB,9,35.98,Shipping,GBP,£,3.99,0,30.97,4.49,,1,8 Week Trial,1,35.98,discount,9,0,Unknown,Woocommerce
6656,49,14/12/2024,Bristol,South West,ENGLAND,GB,0,33.32,Royal Mail Second Class,GBP,£,2.99,0,42.97,6.66,SQ9497841,1,One Month's Supply,2,16.66,,,,Unknown,Squarespace
7006,49,25/01/2025,Bristol,South West,England,GB,0,12.49,Royal Mail First Class,GBP,£,3.99,0,18.98,2.5,SQ7734740,1,Monthly Subscription,1,12.49,,,,Direct,Squarespace
7224,49,25/02/2025,Bristol,South West,England,GB,0,12.49,Royal Mail First Class,GBP,£,3.99,0,18.98,2.5,SQ7734740,1,Monthly Subscription,1,12.49,,,,Direct,Squarespace
7437,49,25/03/2025,Bristol,South West,England,GB,0,12.49,Royal Mail First Class,GBP,£,3.99,0,18.98,2.5,SQ7734740,1,Monthly Subscription,1,12.49,,,,Direct,Squarespace
7643,49,25/04/2025,Bristol,South West,England,GB,0,12.49,Royal Mail First Class,GBP,£,3.99,0,18.98,2.5,SQ7734740,1,Monthly Subscription,1,12.49,,,,Organic: Google,Squarespace
5456,49,12/09/2024,Bristol,South West,England,GB,0,12.49,Royal Mail Second Class,GBP,£,2.99,0,17.98,2.5,SQ7734740,1,Monthly Subscription,1,12.49,,,,Web admin,Woocommerce
1584,49,21/08/2024,Bristol,South West,England,GB,0,35.98,Shipping,GBP,£,2.99,0,38.97,5.99,,1,Two Months' Supply,1,35.98,,,,Unknown,Woocommerce
1566,49,17/08/2024,Bristol,South West,England,GB,0,14.99,Shipping,GBP,£,2.99,0,17.98,2.5,,1,Monthly Subscription,1,14.99,,,,Unknown,Woocommerce
1393,49,12/07/2024,Bristol,South West,England,GB,0,14.99,Shipping,GBP,£,2.99,0,17.98,2.5,,1,Monthly Subscription,1,14.99,,,,Unknown,Woocommerce
1238,49,12/06/2024,Bristol,South West,England,GB,0,14.99,Shipping,GBP,£,2.99,0,17.98,2.5,,1,Monthly Subscription,1,14.99,,,,Unknown,Woocommerce
882,49,10/04/2024,Bristol,South West,England,GB,9,35.98,Shipping,GBP,£,2.99,0,29.97,4.49,,1,8 Week Trial,1,35.98,discount,9,0,Unknown,Woocommerce
6423,50,12/11/2024,Bristol,South West,Bristol,GB,7.49,29.98,Royal Mail Second Class,GBP,£,2.99,0,29.98,4.5,SQ3720870,1,8 Week Trial,1,22.49,calm1,7.49,1.5,Unknown,Squarespace
7642,50,25/04/2025,Bristol,South West,Bristol,GB,0,29.98,Royal Mail First Class,GBP,£,3.99,0,39.97,6,SQ3720870,1,8 Week Trial,1,29.98,,,,Organic: Google,Squarespace
6129,51,01/10/2024,Exeter,South West,Devon,GB,0,12.49,Shipping,GBP,£,3.99,0,18.98,2.5,SQ7734740,1,Monthly Subscription,1,12.49,,,,Direct,Squarespace
6306,51,25/10/2024,Exeter,South West,Devon,GB,0,12.49,Shipping,GBP,£,3.99,0,18.98,2.5,SQ7734740,1,Monthly Subscription,1,12.49,,,,Unknown,Squarespace
6501,51,25/11/2024,Exeter,South West,Devon,GB,0,12.49,Shipping,GBP,£,3.99,0,18.98,2.5,SQ7734740,1,Monthly Subscription,1,12.49,,,,Unknown,Squarespace
6730,51,25/12/2024,Exeter,South West,Devon,GB,0,12.49,Shipping,GBP,£,3.99,0,18.98,2.5,SQ7734740,1,Monthly Subscription,1,12.49,,,,Unknown,Squarespace
7005,51,25/01/2025,Exeter,South West,Devon,GB,0,12.49,Shipping,GBP,£,3.99,0,18.98,2.5,SQ7734740,1,Monthly Subscription,1,12.49,,,,Organic: Google,Squarespace
7222,51,25/02/2025,Exeter,South West,Devon,GB,0,12.49,Shipping,GBP,£,3.99,0,18.98,2.5,SQ7734740,1,Monthly Subscription,1,12.49,,,,Organic: Google,Squarespace
7436,51,25/03/2025,Exeter,South West,Devon,GB,0,12.49,Shipping,GBP,£,3.99,0,18.98,2.5,SQ7734740,1,Monthly Subscription,1,12.49,,,,Organic: Google,Squarespace
7641,51,25/04/2025,Exeter,South West,Devon,GB,0,12.49,Shipping,GBP,£,3.99,0,18.98,2.5,SQ7734740,1,Monthly Subscription,1,12.49,,,,Web admin,Squarespace
1630,51,01/09/2024,Exeter,South West,Devon,GB,0,14.99,Shipping,GBP,£,3.99,0,18.98,2.5,,1,Monthly Subscription,1,14.99,,,,Unknown,Woocommerce
1403,51,15/07/2024,Exeter,South West,Devon,GB,0,14.99,Shipping,GBP,£,2.99,0,17.98,2.5,,1,Monthly Subscription,1,14.99,,,,Unknown,Woocommerce
1025,51,28/04/2024,Exeter,South West,England,GB,0,35.98,Shipping,GBP,£,2.99,0,38.97,5.99,,1,Two Months' Supply,1,35.98,,,,Unknown,Woocommerce
754,51,04/03/2024,Exeter,South West,England,GB,0,35.98,Shipping,GBP,£,2.99,0,38.97,5.99,,1,Two Months' Supply,1,35.98,,,,Unknown,Woocommerce
637,51,26/01/2024,Exeter,South West,England,GB,9,35.98,Shipping,GBP,£,2.99,0,29.97,4.49,,1,8 Week Trial,1,35.98,discount,9,0,Unknown,Woocommerce
6068,52,25/09/2024,Glasgow,Scotland,,GB,0,12.49,Royal Mail Second Class,GBP,£,2.99,0,17.98,2.5,SQ7734740,1,Monthly Subscription,1,12.49,,,,Organic: Google,Squarespace
6303,52,25/10/2024,Glasgow,Scotland,,GB,0,12.49,Royal Mail Second Class,GBP,£,2.99,0,17.98,2.5,SQ7734740,1,Monthly Subscription,1,12.49,,,,Referral: Bing.com,Squarespace
6498,52,25/11/2024,Glasgow,Scotland,,GB,0,12.49,Royal Mail Second Class,GBP,£,2.99,0,17.98,2.5,SQ7734740,1,Monthly Subscription,1,12.49,,,,Unknown,Squarespace
6729,52,25/12/2024,Glasgow,Scotland,,GB,0,12.49,Royal Mail Second Class,GBP,£,2.99,0,17.98,2.5,SQ7734740,1,Monthly Subscription,1,12.49,,,,Unknown,Squarespace
7000,52,25/01/2025,Glasgow,Scotland,,GB,0,12.49,Royal Mail Second Class,GBP,£,2.99,0,17.98,2.5,SQ7734740,1,Monthly Subscription,1,12.49,,,,Unknown,Squarespace
7218,52,25/02/2025,Glasgow,Scotland,,GB,0,12.49,Royal Mail Second Class,GBP,£,2.99,0,17.98,2.5,SQ7734740,1,Monthly Subscription,1,12.49,,,,Unknown,Squarespace
7433,52,25/03/2025,Glasgow,Scotland,,GB,0,12.49,Royal Mail Second Class,GBP,£,2.99,0,17.98,2.5,SQ7734740,1,Monthly Subscription,1,12.49,,,,Organic: Google,Squarespace
7628,52,25/04/2025,Glasgow,Scotland,,GB,0,12.49,Royal Mail Second Class,GBP,£,2.99,0,17.98,2.5,SQ7734740,1,Monthly Subscription,1,12.49,,,,Unknown,Squarespace
1597,52,25/08/2024,Glasgow,Scotland,Scotland,GB,0,14.99,Shipping,GBP,£,2.99,0,17.98,2.5,,1,Monthly Subscription,1,14.99,,,,Unknown,Woocommerce
1461,52,25/07/2024,Glasgow,Scotland,Scotland,GB,0,14.99,Shipping,GBP,£,2.99,0,17.98,2.5,,1,Monthly Subscription,1,14.99,,,,Unknown,Woocommerce
1308,52,25/06/2024,Glasgow,Scotland,Scotland,GB,0,14.99,Shipping,GBP,£,2.99,0,17.98,2.5,,1,Monthly Subscription,1,14.99,,,,Unknown,Woocommerce
1160,52,25/05/2024,Glasgow,Scotland,Scotland,GB,0,14.99,Shipping,GBP,£,2.99,0,17.98,2.5,,1,Monthly Subscription,1,14.99,,,,Unknown,Woocommerce
998,52,25/04/2024,Glasgow,Scotland,Scotland,GB,0,14.99,Shipping,GBP,£,2.99,0,17.98,2.5,,1,Monthly Subscription,1,14.99,,,,Unknown,Woocommerce
823,52,25/03/2024,Glasgow,Scotland,Scotland,GB,0,14.99,Shipping,GBP,£,2.99,0,17.98,2.5,,1,Monthly Subscription,1,14.99,,,,Unknown,Woocommerce
6268,53,18/10/2024,Berwick-Upon-Tweed,North East,,GB,0,12.49,Royal Mail Second Class,GBP,£,2.99,0,17.98,2.5,SQ7734740,1,Monthly Subscription,1,12.49,,,,Referral: Com.google.android.gm,Squarespace
6464,53,18/11/2024,Berwick-Upon-Tweed,North East,,GB,0,12.49,Royal Mail Second Class,GBP,£,2.99,0,17.98,2.5,SQ7734740,1,Monthly Subscription,1,12.49,,,,Unknown,Squarespace
7626,53,24/04/2025,Berwick-Upon-Tweed,North East,Northumberland,GB,0,10.41,Royal Mail Second Class,GBP,£,2.99,0,15.48,2.08,SQ7734740,1,Monthly Subscription,1,10.41,,,,Direct,Squarespace
5450,53,14/09/2024,Berwick-Upon-Tweed,North East,,GB,0,12.49,Royal Mail Second Class,GBP,£,2.99,0,17.98,2.5,SQ7734740,1,Monthly Subscription,1,12.49,,,,Direct,Woocommerce
1552,53,14/08/2024,Berwick-Upon-Tweed,North East,England,GB,0,14.99,Shipping,GBP,£,2.99,0,17.98,2.5,,1,Monthly Subscription,1,14.99,,,,Unknown,Woocommerce
1401,53,14/07/2024,Berwick-Upon-Tweed,North East,England,GB,0,14.99,Shipping,GBP,£,2.99,0,17.98,2.5,,1,Monthly Subscription,1,14.99,,,,Unknown,Woocommerce
1249,53,14/06/2024,Berwick-Upon-Tweed,North East,England,GB,0,14.99,Shipping,GBP,£,2.99,0,17.98,2.5,,1,Monthly Subscription,1,14.99,,,,Unknown,Woocommerce
1117,53,14/05/2024,Berwick-Upon-Tweed,North East,England,GB,0,14.99,Shipping,GBP,£,2.99,0,17.98,2.5,,1,Monthly Subscription,1,14.99,,,,Unknown,Woocommerce
769,53,08/03/2024,Berwick-Upon-Tweed,North East,England,GB,3,19.99,Shipping,GBP,£,2.99,0,19.98,2.83,,1,One Month's Supply,1,19.99,discount,3,0,Unknown,Woocommerce
608,53,14/01/2024,Berwick-Upon-Tweed,North East,England,GB,9,35.98,Shipping,GBP,£,2.99,0,29.97,4.49,,1,Two Months' Supply,1,35.98,discount,9,0,Unknown,Woocommerce
7613,54,24/04/2025,Derby,East Midlands,,GB,0,29.98,Royal Mail First Class,GBP,£,3.99,0,39.97,6,SQ3720870,1,8 Week Trial,1,29.98,,,,Direct,Squarespace
5867,55,24/09/2024,Carrickfergus,Northern Ireland,,GB,0,12.49,Royal Mail Second Class,GBP,£,2.99,0,17.98,2.5,SQ7734740,1,Monthly Subscription,1,12.49,,,,Direct,Squarespace
6495,55,24/11/2024,Carrickfergus,Northern Ireland,,GB,0,12.49,Royal Mail Second Class,GBP,£,2.99,0,17.98,2.5,SQ7734740,1,Monthly Subscription,1,12.49,,,,Unknown,Squarespace
6721,55,24/12/2024,Carrickfergus,Northern Ireland,,GB,0,12.49,Royal Mail Second Class,GBP,£,2.99,0,17.98,2.5,SQ7734740,1,Monthly Subscription,1,12.49,,,,Unknown,Squarespace
6997,55,24/01/2025,Carrickfergus,Northern Ireland,,GB,0,12.49,Royal Mail Second Class,GBP,£,2.99,0,17.98,2.5,SQ7734740,1,Monthly Subscription,1,12.49,,,,Direct,Squarespace
7208,55,24/02/2025,Carrickfergus,Northern Ireland,,GB,0,12.49,Royal Mail Second Class,GBP,£,2.99,0,17.98,2.5,SQ7734740,1,Monthly Subscription,1,12.49,,,,Web admin,Squarespace
7430,55,24/03/2025,Carrickfergus,Northern Ireland,,GB,0,12.49,Royal Mail Second Class,GBP,£,2.99,0,17.98,2.5,SQ7734740,1,Monthly Subscription,1,12.49,,,,Unknown,Squarespace
7612,55,24/04/2025,Carrickfergus,Northern Ireland,,GB,0,12.49,Royal Mail Second Class,GBP,£,2.99,0,17.98,2.5,SQ7734740,1,Monthly Subscription,1,12.49,,,,Unknown,Squarespace
1595,55,24/08/2024,Carrickfergus,Northern Ireland,Northern Ireland,GB,0,14.99,Shipping,GBP,£,2.99,0,17.98,2.5,,1,Monthly Subscription,1,14.99,,,,Unknown,Woocommerce
1456,55,24/07/2024,Carrickfergus,Northern Ireland,Northern Ireland,GB,0,14.99,Shipping,GBP,£,2.99,0,17.98,2.5,,1,Monthly Subscription,1,14.99,,,,Unknown,Woocommerce
5654,56,19/09/2024,Ross On Wye,West Midlands,Herefordshire,GB,0,10.41,Royal Mail Second Class,GBP,£,2.99,0,15.48,2.08,SQ7734740,1,Monthly Subscription,1,10.41,,,,Unknown,Squarespace
6296,56,23/10/2024,Ross On Wye,West Midlands,Herefordshire,GB,0,12.49,Royal Mail Second Class,GBP,£,2.99,0,17.98,2.5,SQ7734740,1,Monthly Subscription,1,12.49,,,,Unknown,Squarespace
6494,56,23/11/2024,Ross On Wye,West Midlands,Herefordshire,GB,0,12.49,Royal Mail Second Class,GBP,£,2.99,0,17.98,2.5,SQ7734740,1,Monthly Subscription,1,12.49,,,,Organic: Google,Squarespace
6720,56,23/12/2024,Ross On Wye,West Midlands,Herefordshire,GB,0,12.49,Royal Mail Second Class,GBP,£,2.99,0,17.98,2.5,SQ7734740,1,Monthly Subscription,1,12.49,,,,Unknown,Squarespace
6996,56,23/01/2025,Ross On Wye,West Midlands,Herefordshire,GB,0,12.49,Royal Mail Second Class,GBP,£,2.99,0,17.98,2.5,SQ7734740,1,Monthly Subscription,1,12.49,,,,Referral: Bing.com,Squarespace
7207,56,23/02/2025,Ross On Wye,West Midlands,Herefordshire,GB,0,12.49,Royal Mail Second Class,GBP,£,2.99,0,17.98,2.5,SQ7734740,1,Monthly Subscription,1,12.49,,,,Unknown,Squarespace
7429,56,23/03/2025,Ross On Wye,West Midlands,Herefordshire,GB,0,12.49,Royal Mail Second Class,GBP,£,2.99,0,17.98,2.5,SQ7734740,1,Monthly Subscription,1,12.49,,,,Organic: Google,Squarespace
7611,56,23/04/2025,Ross On Wye,West Midlands,Herefordshire,GB,0,12.49,Royal Mail Second Class,GBP,£,2.99,0,17.98,2.5,SQ7734740,1,Monthly Subscription,1,12.49,,,,Unknown,Squarespace
1563,56,16/08/2024,Ross On Wye,West Midlands,Herefordshire,GB,0,14.99,Shipping,GBP,£,2.99,0,17.98,2.5,,1,Monthly Subscription,1,14.99,,,,Unknown,Woocommerce
1415,56,16/07/2024,Ross On Wye,West Midlands,Herefordshire,GB,0,14.99,Shipping,GBP,£,2.99,0,17.98,2.5,,1,Monthly Subscription,1,14.99,,,,Unknown,Woocommerce
6315,57,27/10/2024,Hedge End,South East,hampshire,GB,0,12.49,Royal Mail Second Class,GBP,£,2.99,0,17.98,2.5,SQ7734740,1,Monthly Subscription,1,12.49,,,,Unknown,Squarespace
6646,57,12/12/2024,Hedge End,South East,hampshire,GB,0,12.49,Royal Mail Second Class,GBP,£,2.99,0,17.98,2.5,SQ7734740,1,Monthly Subscription,1,12.49,,,,Unknown,Squarespace
6828,57,12/01/2025,Hedge End,South East,hampshire,GB,0,12.49,Royal Mail Second Class,GBP,£,2.99,0,17.98,2.5,SQ7734740,1,Monthly Subscription,1,12.49,,,,Web admin,Squarespace
7425,57,23/03/2025,Hedge End,South East,hampshire,GB,0,12.49,Royal Mail Second Class,GBP,£,2.99,0,17.98,2.5,SQ7734740,1,Monthly Subscription,1,12.49,,,,Organic: Google,Squarespace
7609,57,23/04/2025,Hedge End,South East,hampshire,GB,0,12.49,Royal Mail Second Class,GBP,£,2.99,0,17.98,2.5,SQ7734740,1,Monthly Subscription,1,12.49,,,,Organic: Google,Squarespace
1278,57,20/06/2024,Hedge End,South East,hampshire,GB,9,35.98,Shipping,GBP,£,3.99,0,30.97,4.49,,1,8 Week Trial,1,35.98,discount,9,0,Unknown,Woocommerce
5850,58,23/09/2024,Stone,West Midlands,,GB,0,12.49,Royal Mail Second Class,GBP,£,2.99,0,17.98,2.5,SQ7734740,1,Monthly Subscription,1,12.49,,,,Direct,Squarespace
6294,58,23/10/2024,Stone,West Midlands,,GB,0,12.49,Royal Mail Second Class,GBP,£,2.99,0,17.98,2.5,SQ7734740,1,Monthly Subscription,1,12.49,,,,Direct,Squarespace
6493,58,23/11/2024,Stone,West Midlands,,GB,0,12.49,Royal Mail Second Class,GBP,£,2.99,0,17.98,2.5,SQ7734740,1,Monthly Subscription,1,12.49,,,,Organic: Google,Squarespace
6719,58,23/12/2024,Stone,West Midlands,,GB,0,12.49,Royal Mail Second Class,GBP,£,2.99,0,17.98,2.5,SQ7734740,1,Monthly Subscription,1,12.49,,,,Unknown,Squarespace
6994,58,23/01/2025,Stone,West Midlands,,GB,0,12.49,Royal Mail Second Class,GBP,£,2.99,0,17.98,2.5,SQ7734740,1,Monthly Subscription,1,12.49,,,,Organic: Google,Squarespace
7205,58,23/02/2025,Stone,West Midlands,,GB,0,12.49,Royal Mail Second Class,GBP,£,2.99,0,17.98,2.5,SQ7734740,1,Monthly Subscription,1,12.49,,,,Organic: Google,Squarespace
7424,58,23/03/2025,Stone,West Midlands,,GB,0,12.49,Royal Mail Second Class,GBP,£,2.99,0,17.98,2.5,SQ7734740,1,Monthly Subscription,1,12.49,,,,Unknown,Squarespace
7608,58,23/04/2025,Stone,West Midlands,,GB,0,12.49,Royal Mail Second Class,GBP,£,2.99,0,17.98,2.5,SQ7734740,1,Monthly Subscription,1,12.49,,,,Unknown,Squarespace
1592,58,23/08/2024,Stone,West Midlands,England,GB,0,14.99,Shipping,GBP,£,2.99,0,17.98,2.5,,1,Monthly Subscription,1,14.99,,,,Unknown,Woocommerce
1447,58,23/07/2024,Stone,West Midlands,England,GB,0,14.99,Shipping,GBP,£,2.99,0,17.98,2.5,,1,Monthly Subscription,1,14.99,,,,Unknown,Woocommerce
1296,58,23/06/2024,Stone,West Midlands,England,GB,0,14.99,Shipping,GBP,£,2.99,0,17.98,2.5,,1,Monthly Subscription,1,14.99,,,,Unknown,Woocommerce
1148,58,23/05/2024,Stone,West Midlands,England,GB,0,14.99,Shipping,GBP,£,2.99,0,17.98,2.5,,1,Monthly Subscription,1,14.99,,,,Unknown,Woocommerce
952,58,23/04/2024,Stone,West Midlands,England,GB,0,14.99,Shipping,GBP,£,2.99,0,17.98,2.5,,1,Monthly Subscription,1,14.99,,,,Unknown,Woocommerce
733,58,26/02/2024,Stone,West Midlands,England,GB,9,35.98,Shipping,GBP,£,2.99,0,29.97,4.49,,1,Two Months' Supply,1,35.98,discount,9,0,Unknown,Woocommerce
5849,59,23/09/2024,Winchester,South East,Hants,GB,0,20.83,Royal Mail Second Class,GBP,£,2.99,0,27.98,4.16,SQ6831832,1,Ferrocalm Your Life,1,20.83,,,,Direct,Squarespace
6293,59,23/10/2024,Winchester,South East,Hants,GB,0,12.49,Royal Mail Second Class,GBP,£,2.99,0,17.98,2.5,SQ7734740,1,Monthly Subscription,1,12.49,,,,Unknown,Squarespace
6492,59,23/11/2024,Winchester,South East,Hants,GB,0,12.49,Royal Mail Second Class,GBP,£,2.99,0,17.98,2.5,SQ7734740,1,Monthly Subscription,1,12.49,,,,Unknown,Squarespace
6718,59,23/12/2024,Winchester,South East,Hants,GB,0,12.49,Royal Mail Second Class,GBP,£,2.99,0,17.98,2.5,SQ7734740,1,Monthly Subscription,1,12.49,,,,Referral: Bing.com,Squarespace
6993,59,23/01/2025,Winchester,South East,Hants,GB,0,12.49,Royal Mail Second Class,GBP,£,2.99,0,17.98,2.5,SQ7734740,1,Monthly Subscription,1,12.49,,,,Organic: Google,Squarespace
7204,59,23/02/2025,Winchester,South East,Hants,GB,0,12.49,Royal Mail Second Class,GBP,£,2.99,0,17.98,2.5,SQ7734740,1,Monthly Subscription,1,12.49,,,,Unknown,Squarespace
7423,59,23/03/2025,Winchester,South East,Hants,GB,0,12.49,Royal Mail Second Class,GBP,£,2.99,0,17.98,2.5,SQ7734740,1,Monthly Subscription,1,12.49,,,,Unknown,Squarespace
7607,59,23/04/2025,Winchester,South East,Hants,GB,0,12.49,Royal Mail Second Class,GBP,£,2.99,0,17.98,2.5,SQ7734740,1,Monthly Subscription,1,12.49,,,,Unknown,Squarespace
1593,59,23/08/2024,Winchester,South East,Hants,GB,0,24.99,Shipping,GBP,£,2.99,0,27.98,4.17,,1,Ferrocalm Your Life,1,24.99,,,,Unknown,Woocommerce
1448,59,23/07/2024,Winchester,South East,Hants,GB,0,24.99,Shipping,GBP,£,2.99,0,27.98,4.17,,1,Ferrocalm Your Life,1,24.99,,,,Unknown,Woocommerce
1297,59,23/06/2024,Winchester,South East,Hants,GB,0,24.99,Shipping,GBP,£,2.99,0,27.98,4.17,,1,Ferrocalm Your Life,1,24.99,,,,Unknown,Woocommerce
1149,59,23/05/2024,Winchester,South East,Hants,GB,0,24.99,Shipping,GBP,£,2.99,0,27.98,4.17,,1,Ferrocalm Your Life,1,24.99,,,,Unknown,Woocommerce
953,59,23/04/2024,Winchester,South East,Hants,GB,0,24.99,Shipping,GBP,£,2.99,0,27.98,4.17,,1,Ferrocalm Your Life,1,24.99,,,,Unknown,Woocommerce
816,59,23/03/2024,Winchester,South East,Hants,GB,0,24.99,Shipping,GBP,£,2.99,0,27.98,4.17,,1,Ferrocalm Your Life,1,24.99,,,,Unknown,Woocommerce
721,59,23/02/2024,Winchester,South East,Hants,GB,0,24.99,Shipping,GBP,£,2.99,0,27.98,4.17,,1,Ferrocalm Your Life,1,24.99,,,,Unknown,Woocommerce
629,59,23/01/2024,Winchester,South East,Hants,GB,0,24.99,Shipping,GBP,£,2.99,0,27.98,4.17,,1,Ferrocalm Your Life,1,24.99,,,,Unknown,Woocommerce
501,59,02/12/2023,Winchester,South East,Hampshire,GB,9,35.98,Shipping,GBP,£,2.99,0,29.97,4.49,,1,Two Months' Supply,1,35.98,discount,9,0,Unknown,Woocommerce
5844,60,22/09/2024,Chester,North West,,GB,0,12.49,Royal Mail Second Class,GBP,£,2.99,0,17.98,2.5,SQ7734740,1,Monthly Subscription,1,12.49,,,,Unknown,Squarespace
6290,60,22/10/2024,Chester,North West,,GB,0,12.49,Royal Mail Second Class,GBP,£,2.99,0,17.98,2.5,SQ7734740,1,Monthly Subscription,1,12.49,,,,Unknown,Squarespace
6491,60,22/11/2024,Chester,North West,,GB,0,12.49,Royal Mail Second Class,GBP,£,2.99,0,17.98,2.5,SQ7734740,1,Monthly Subscription,1,12.49,,,,Organic: Google,Squarespace
6714,60,22/12/2024,Chester,North West,,GB,0,12.49,Royal Mail Second Class,GBP,£,2.99,0,17.98,2.5,SQ7734740,1,Monthly Subscription,1,12.49,,,,Organic: Google,Squarespace
6986,60,22/01/2025,Chester,North West,,GB,0,12.49,Royal Mail Second Class,GBP,£,2.99,0,17.98,2.5,SQ7734740,1,Monthly Subscription,1,12.49,,,,Unknown,Squarespace
7200,60,22/02/2025,Chester,North West,,GB,0,12.49,Royal Mail Second Class,GBP,£,2.99,0,17.98,2.5,SQ7734740,1,Monthly Subscription,1,12.49,,,,Unknown,Squarespace
7420,60,22/03/2025,Chester,North West,,GB,0,12.49,Royal Mail Second Class,GBP,£,2.99,0,17.98,2.5,SQ7734740,1,Monthly Subscription,1,12.49,,,,Organic: Google,Squarespace
7606,60,22/04/2025,Chester,North West,,GB,0,12.49,Royal Mail Second Class,GBP,£,2.99,0,17.98,2.5,SQ7734740,1,Monthly Subscription,1,12.49,,,,Unknown,Squarespace
1589,60,22/08/2024,Chester,North West,England,GB,0,14.99,Shipping,GBP,£,2.99,0,17.98,2.5,,1,Monthly Subscription,1,14.99,,,,Unknown,Woocommerce
1445,60,22/07/2024,Chester,North West,England,GB,0,14.99,Shipping,GBP,£,2.99,0,17.98,2.5,,1,Monthly Subscription,1,14.99,,,,Unknown,Woocommerce
1292,60,22/06/2024,Chester,North West,England,GB,0,14.99,Shipping,GBP,£,2.99,0,17.98,2.5,,1,Monthly Subscription,1,14.99,,,,Unknown,Woocommerce
1141,60,22/05/2024,Chester,North West,England,GB,0,14.99,Shipping,GBP,£,2.99,0,17.98,2.5,,1,Monthly Subscription,1,14.99,,,,Unknown,Woocommerce
916,60,22/04/2024,Chester,North West,England,GB,0,14.99,Shipping,GBP,£,2.99,0,17.98,2.5,,1,Monthly Subscription,1,14.99,,,,Unknown,Woocommerce
814,60,22/03/2024,Chester,North West,England,GB,0,14.99,Shipping,GBP,£,2.99,0,17.98,2.5,,1,Monthly Subscription,1,14.99,,,,Unknown,Woocommerce
716,60,22/02/2024,Chester,North West,England,GB,0,14.99,Shipping,GBP,£,2.99,0,17.98,2.5,,1,Monthly Subscription,1,14.99,,,,Unknown,Woocommerce
626,60,22/01/2024,Chester,North West,England,GB,0,14.99,Shipping,GBP,£,2.99,0,17.98,2.5,,1,Monthly Subscription,1,14.99,,,,Unknown,Woocommerce
459,60,16/11/2023,Chester,North West,England,GB,0,19.99,Shipping,GBP,£,2.99,0,22.98,3.33,,1,One Month's Supply,1,19.99,,,,Unknown,Woocommerce
7605,61,21/04/2025,Bristol,South West,,GB,0,29.98,Royal Mail Second Class,GBP,£,2.99,0,38.97,6,SQ3720870,1,8 Week Trial,1,29.98,,,,Direct,Squarespace
6287,62,21/10/2024,London,Greater London,,GB,0,12.49,Royal Mail First Class,GBP,£,3.99,0,18.98,2.5,SQ7734740,1,Monthly Subscription,1,12.49,,,,Direct,Squarespace
6489,62,21/11/2024,London,Greater London,,GB,0,12.49,Royal Mail First Class,GBP,£,3.99,0,18.98,2.5,SQ7734740,1,Monthly Subscription,1,12.49,,,,Organic: Google,Squarespace
6712,62,21/12/2024,London,Greater London,,GB,0,12.49,Royal Mail First Class,GBP,£,3.99,0,18.98,2.5,SQ7734740,1,Monthly Subscription,1,12.49,,,,Unknown,Squarespace
6985,62,21/01/2025,London,Greater London,,GB,0,12.49,Royal Mail First Class,GBP,£,3.99,0,18.98,2.5,SQ7734740,1,Monthly Subscription,1,12.49,,,,Direct,Squarespace
7195,62,21/02/2025,London,Greater London,,GB,0,12.49,Royal Mail First Class,GBP,£,3.99,0,18.98,2.5,SQ7734740,1,Monthly Subscription,1,12.49,,,,Direct,Squarespace
7419,62,21/03/2025,London,Greater London,,GB,0,12.49,Royal Mail First Class,GBP,£,3.99,0,18.98,2.5,SQ7734740,1,Monthly Subscription,1,12.49,,,,Unknown,Squarespace
7604,62,21/04/2025,London,Greater London,,GB,0,12.49,Royal Mail First Class,GBP,£,3.99,0,18.98,2.5,SQ7734740,1,Monthly Subscription,1,12.49,,,,Organic: Google,Squarespace
1614,63,27/08/2024,Abergavenny,Wales,BFP,GB,0,14.99,Shipping,GBP,£,2.99,0,17.98,2.5,,1,Monthly Subscription,1,14.99,,,,Unknown,Woocommerce
1477,63,27/07/2024,Abergavenny,Wales,,GB,0,14.99,Shipping,GBP,£,2.99,0,17.98,2.5,,1,Monthly Subscription,1,14.99,,,,Unknown,Woocommerce
1323,63,27/06/2024,Abergavenny,Wales,,GB,0,14.99,Shipping,GBP,£,2.99,0,17.98,2.5,,1,Monthly Subscription,1,14.99,,,,Unknown,Woocommerce
1169,63,27/05/2024,Abergavenny,Wales,,GB,0,14.99,Shipping,GBP,£,2.99,0,17.98,2.5,,1,Monthly Subscription,1,14.99,,,,Unknown,Woocommerce
1017,63,27/04/2024,Abergavenny,Wales,,GB,0,14.99,Shipping,GBP,£,2.99,0,17.98,2.5,,1,Monthly Subscription,1,14.99,,,,Unknown,Woocommerce
832,63,27/03/2024,Abergavenny,Wales,BFP,GB,0,14.99,Shipping,GBP,£,2.99,0,17.98,2.5,,1,Monthly Subscription,1,14.99,,,,Unknown,Woocommerce
736,63,27/02/2024,Abergavenny,Wales,,GB,0,14.99,Shipping,GBP,£,2.99,0,17.98,2.5,,1,Monthly Subscription,1,14.99,,,,Unknown,Woocommerce
644,63,27/01/2024,Abergavenny,Wales,,GB,0,14.99,Shipping,GBP,£,2.99,0,17.98,2.5,,1,Monthly Subscription,1,14.99,,,,Unknown,Woocommerce
552,63,27/12/2023,Abergavenny,Wales,,GB,0,14.99,Shipping,GBP,£,2.99,0,17.98,2.5,,1,Monthly Subscription,1,14.99,,,,Unknown,Woocommerce
491,63,27/11/2023,Abergavenny,Wales,,GB,0,14.99,Shipping,GBP,£,2.99,0,17.98,2.5,,1,Monthly Subscription,1,14.99,,,,Unknown,Woocommerce
409,63,27/10/2023,Abergavenny,Wales,,GB,0,14.99,Shipping,GBP,£,2.99,0,17.98,2.5,,1,Monthly Subscription,1,14.99,,,,Unknown,Woocommerce
346,63,27/09/2023,Abergavenny,Wales,,GB,0,14.99,Shipping,GBP,£,2.99,0,17.98,2.5,,1,Monthly Subscription,1,14.99,,,,Unknown,Woocommerce
299,63,27/08/2023,Abergavenny,Wales,,GB,0,14.99,Shipping,GBP,£,2.99,0,17.98,2.5,,1,Monthly Subscription,1,14.99,,,,Unknown,Woocommerce
207,63,07/06/2023,Abergavenny,Wales,,GB,0,29.98,Shipping,GBP,£,2.99,0,32.97,4.99,,1,Two Months' Supply,1,29.98,,,,Unknown,Woocommerce
91,63,23/02/2023,Abergavenny,Wales,,GB,0,29.98,Shipping,GBP,£,2.99,0,32.97,0,,1,Two Months' Supply,1,29.98,,,,Unknown,Woocommerce
66,63,21/01/2023,Abergavenny,Wales,,GB,0,29.98,Shipping,GBP,£,3.99,0,33.97,0,,1,Two Months' Supply,1,29.98,,,,Unknown,Woocommerce
5841,63,21/09/2024,Bristol,South West,,GB,0,12.49,Royal Mail Second Class,GBP,£,2.99,0,17.98,2.5,SQ7734740,1,Monthly Subscription,1,12.49,,,,Unknown,Squarespace
6283,63,21/10/2024,Bristol,South West,,GB,0,12.49,Royal Mail Second Class,GBP,£,2.99,0,17.98,2.5,SQ7734740,1,Monthly Subscription,1,12.49,,,,Unknown,Squarespace
6482,63,21/11/2024,Bristol,South West,,GB,0,12.49,Royal Mail Second Class,GBP,£,2.99,0,17.98,2.5,SQ7734740,1,Monthly Subscription,1,12.49,,,,Unknown,Squarespace
6710,63,21/12/2024,Bristol,South West,,GB,0,12.49,Royal Mail Second Class,GBP,£,2.99,0,17.98,2.5,SQ7734740,1,Monthly Subscription,1,12.49,,,,Direct,Squarespace
6977,63,21/01/2025,Bristol,South West,,GB,0,12.49,Royal Mail Second Class,GBP,£,2.99,0,17.98,2.5,SQ7734740,1,Monthly Subscription,1,12.49,,,,Unknown,Squarespace
7193,63,21/02/2025,Bristol,South West,,GB,0,12.49,Royal Mail Second Class,GBP,£,2.99,0,17.98,2.5,SQ7734740,1,Monthly Subscription,1,12.49,,,,Organic: Google,Squarespace
7414,63,21/03/2025,Bristol,South West,,GB,0,12.49,Royal Mail Second Class,GBP,£,2.99,0,17.98,2.5,SQ7734740,1,Monthly Subscription,1,12.49,,,,Organic: Google,Squarespace
7603,63,21/04/2025,Bristol,South West,,GB,0,12.49,Royal Mail Second Class,GBP,£,2.99,0,17.98,2.5,SQ7734740,1,Monthly Subscription,1,12.49,,,,Organic: Google,Squarespace
5840,64,21/09/2024,Llantwit Major,Wales,,GB,0,12.49,Royal Mail Second Class,GBP,£,2.99,0,17.98,2.5,SQ7734740,1,Monthly Subscription,1,12.49,,,,Unknown,Squarespace
6282,64,21/10/2024,Llantwit Major,Wales,,GB,0,12.49,Royal Mail Second Class,GBP,£,2.99,0,17.98,2.5,SQ7734740,1,Monthly Subscription,1,12.49,,,,Unknown,Squarespace
6481,64,21/11/2024,Llantwit Major,Wales,,GB,0,12.49,Royal Mail Second Class,GBP,£,2.99,0,17.98,2.5,SQ7734740,1,Monthly Subscription,1,12.49,,,,Referral: Ferryx.com,Squarespace
6709,64,21/12/2024,Llantwit Major,Wales,,GB,0,12.49,Royal Mail Second Class,GBP,£,2.99,0,17.98,2.5,SQ7734740,1,Monthly Subscription,1,12.49,,,,Unknown,Squarespace
6976,64,21/01/2025,Llantwit Major,Wales,,GB,0,12.49,Royal Mail Second Class,GBP,£,2.99,0,17.98,2.5,SQ7734740,1,Monthly Subscription,1,12.49,,,,Unknown,Squarespace
7192,64,21/02/2025,Llantwit Major,Wales,,GB,0,12.49,Royal Mail Second Class,GBP,£,2.99,0,17.98,2.5,SQ7734740,1,Monthly Subscription,1,12.49,,,,Unknown,Squarespace
7413,64,21/03/2025,Llantwit Major,Wales,,GB,0,12.49,Royal Mail Second Class,GBP,£,2.99,0,17.98,2.5,SQ7734740,1,Monthly Subscription,1,12.49,,,,Unknown,Squarespace
7602,64,21/04/2025,Llantwit Major,Wales,,GB,0,12.49,Royal Mail Second Class,GBP,£,2.99,0,17.98,2.5,SQ7734740,1,Monthly Subscription,1,12.49,,,,Unknown,Squarespace
1586,64,21/08/2024,Llantwit Major,Wales,Wales,GB,0,14.99,Shipping,GBP,£,2.99,0,17.98,2.5,,1,Monthly Subscription,1,14.99,,,,Unknown,Woocommerce
1440,64,21/07/2024,Llantwit Major,Wales,Wales,GB,0,14.99,Shipping,GBP,£,2.99,0,17.98,2.5,,1,Monthly Subscription,1,14.99,,,,Unknown,Woocommerce
1287,64,21/06/2024,Llantwit Major,Wales,Wales,GB,0,14.99,Shipping,GBP,£,2.99,0,17.98,2.5,,1,Monthly Subscription,1,14.99,,,,Unknown,Woocommerce
1135,64,21/05/2024,Llantwit Major,Wales,Wales,GB,0,14.99,Shipping,GBP,£,2.99,0,17.98,2.5,,1,Monthly Subscription,1,14.99,,,,Unknown,Woocommerce
912,64,21/04/2024,Llantwit Major,Wales,Wales,GB,0,14.99,Shipping,GBP,£,2.99,0,17.98,2.5,,1,Monthly Subscription,1,14.99,,,,Unknown,Woocommerce
810,64,21/03/2024,Llantwit Major,Wales,Wales,GB,0,14.99,Shipping,GBP,£,2.99,0,17.98,2.5,,1,Monthly Subscription,1,14.99,,,,Unknown,Woocommerce
711,64,21/02/2024,Llantwit Major,Wales,Wales,GB,0,14.99,Shipping,GBP,£,2.99,0,17.98,2.5,,1,Monthly Subscription,1,14.99,,,,Unknown,Woocommerce
550,64,27/12/2023,Llantwit Major,Wales,Wales,GB,0,35.98,Shipping,GBP,£,2.99,0,38.97,5.99,,1,8 Week Trial,1,35.98,,,,Unknown,Woocommerce
6973,65,21/01/2025,Bristol,South West,Gloucestershire,GB,0,12.49,Royal Mail Second Class,GBP,£,2.99,0,17.98,2.5,SQ7734740,1,Monthly Subscription,1,12.49,,,,Unknown,Squarespace
7190,65,21/02/2025,Bristol,South West,Gloucestershire,GB,0,12.49,Royal Mail Second Class,GBP,£,2.99,0,17.98,2.5,SQ7734740,1,Monthly Subscription,1,12.49,,,,Referral: M.facebook.com,Squarespace
7412,65,21/03/2025,Bristol,South West,Gloucestershire,GB,0,12.49,Royal Mail Second Class,GBP,£,2.99,0,17.98,2.5,SQ7734740,1,Monthly Subscription,1,12.49,,,,Organic: Google,Squarespace
7601,65,21/04/2025,Bristol,South West,Gloucestershire,GB,0,12.49,Royal Mail Second Class,GBP,£,2.99,0,17.98,2.5,SQ7734740,1,Monthly Subscription,1,12.49,,,,Unknown,Squarespace
7015,66,26/01/2025,Bristol,South West,England,GB,7.491667,29.98,Royal Mail First Class,GBP,£,3.99,0,30.98,4.5,SQ3720870,1,8 Week Trial,1,22.49,calm1,7.49,1.5,Unknown,Squarespace
7410,66,20/03/2025,Bristol,South West,ENGLAND,GB,0,12.49,Royal Mail First Class,GBP,£,3.99,0,18.98,2.5,SQ7734740,1,Monthly Subscription,1,12.49,,,,Organic: Google,Squarespace
7600,66,20/04/2025,Bristol,South West,ENGLAND,GB,0,12.49,Royal Mail First Class,GBP,£,3.99,0,18.98,2.5,SQ7734740,1,Monthly Subscription,1,12.49,,,,Organic: Google,Squarespace
7599,67,20/04/2025,Bristol,South West,County (optional),GB,0,29.98,Royal Mail First Class,GBP,£,3.99,0,39.97,6,SQ3720870,1,8 Week Trial,1,29.98,,,,Organic: Google,Squarespace
5772,68,20/09/2024,Weston-Super-Mare,South West,,GB,0,12.49,Royal Mail Second Class,GBP,£,2.99,0,17.98,2.5,SQ7734740,1,Monthly Subscription,1,12.49,,,,Unknown,Squarespace
6279,68,20/10/2024,Weston-Super-Mare,South West,,GB,0,12.49,Royal Mail Second Class,GBP,£,2.99,0,17.98,2.5,SQ7734740,1,Monthly Subscription,1,12.49,,,,Direct,Squarespace
6476,68,20/11/2024,Weston-Super-Mare,South West,,GB,0,12.49,Royal Mail Second Class,GBP,£,2.99,0,17.98,2.5,SQ7734740,1,Monthly Subscription,1,12.49,,,,Unknown,Squarespace
6703,68,20/12/2024,Weston-Super-Mare,South West,,GB,0,12.49,Royal Mail Second Class,GBP,£,2.99,0,17.98,2.5,SQ7734740,1,Monthly Subscription,1,12.49,,,,Direct,Squarespace
6967,68,20/01/2025,Weston-Super-Mare,South West,,GB,0,12.49,Royal Mail Second Class,GBP,£,2.99,0,17.98,2.5,SQ7734740,1,Monthly Subscription,1,12.49,,,,Organic: Google,Squarespace
7184,68,20/02/2025,Weston-Super-Mare,South West,,GB,0,12.49,Royal Mail Second Class,GBP,£,2.99,0,17.98,2.5,SQ7734740,1,Monthly Subscription,1,12.49,,,,Unknown,Squarespace
7359,68,20/03/2025,Weston-Super-Mare,South West,,GB,0,12.49,Royal Mail Second Class,GBP,£,2.99,0,17.98,2.5,SQ7734740,1,Monthly Subscription,1,12.49,,,,Unknown,Squarespace
7597,68,20/04/2025,Weston-Super-Mare,South West,,GB,0,12.49,Royal Mail Second Class,GBP,£,2.99,0,17.98,2.5,SQ7734740,1,Monthly Subscription,1,12.49,,,,Unknown,Squarespace
1582,68,20/08/2024,Weston-Super-Mare,South West,BFP,GB,0,14.99,Shipping,GBP,£,2.99,0,17.98,2.5,,1,Monthly Subscription,1,14.99,,,,Unknown,Woocommerce
1438,68,20/07/2024,Weston-Super-Mare,South West,,GB,0,14.99,Shipping,GBP,£,2.99,0,17.98,2.5,,1,Monthly Subscription,1,14.99,,,,Unknown,Woocommerce
1286,68,20/06/2024,Weston-Super-Mare,South West,,GB,0,14.99,Shipping,GBP,£,2.99,0,17.98,2.5,,1,Monthly Subscription,1,14.99,,,,Unknown,Woocommerce
1134,68,20/05/2024,Weston-Super-Mare,South West,,GB,0,14.99,Shipping,GBP,£,2.99,0,17.98,2.5,,1,Monthly Subscription,1,14.99,,,,Unknown,Woocommerce
6680,69,16/12/2024,Hounslow,Greater London,,GB,0,16.66,Royal Mail First Class,GBP,£,3.99,0,23.98,3.33,SQ9497841,1,One Month's Supply,1,16.66,,,,Unknown,Squarespace
6965,69,20/01/2025,Hounslow,Greater London,,GB,0,12.49,Royal Mail First Class,GBP,£,3.99,0,18.98,2.5,SQ7734740,1,Monthly Subscription,1,12.49,,,,Direct,Squarespace
7183,69,20/02/2025,Hounslow,Greater London,,GB,0,12.49,Royal Mail First Class,GBP,£,3.99,0,18.98,2.5,SQ7734740,1,Monthly Subscription,1,12.49,,,,Organic: Google,Squarespace
7358,69,20/03/2025,Hounslow,Greater London,,GB,0,12.49,Royal Mail First Class,GBP,£,3.99,0,18.98,2.5,SQ7734740,1,Monthly Subscription,1,12.49,,,,Unknown,Squarespace
7596,69,20/04/2025,Hounslow,Greater London,,GB,0,12.49,Royal Mail First Class,GBP,£,3.99,0,18.98,2.5,SQ7734740,1,Monthly Subscription,1,12.49,,,,Direct,Squarespace
5771,70,20/09/2024,Maghera,Northern Ireland,Derry,GB,0,12.49,Royal Mail Second Class,GBP,£,2.99,0,17.98,2.5,SQ7734740,1,Monthly Subscription,1,12.49,,,,Unknown,Squarespace
6278,70,20/10/2024,Maghera,Northern Ireland,Derry,GB,0,12.49,Royal Mail Second Class,GBP,£,2.99,0,17.98,2.5,SQ7734740,1,Monthly Subscription,1,12.49,,,,Organic: Google,Squarespace
6475,70,20/11/2024,Maghera,Northern Ireland,Derry,GB,0,12.49,Royal Mail Second Class,GBP,£,2.99,0,17.98,2.5,SQ7734740,1,Monthly Subscription,1,12.49,,,,Direct,Squarespace
6702,70,20/12/2024,Maghera,Northern Ireland,Derry,GB,0,12.49,Royal Mail Second Class,GBP,£,2.99,0,17.98,2.5,SQ7734740,1,Monthly Subscription,1,12.49,,,,Unknown,Squarespace
6964,70,20/01/2025,Maghera,Northern Ireland,Derry,GB,0,12.49,Royal Mail Second Class,GBP,£,2.99,0,17.98,2.5,SQ7734740,1,Monthly Subscription,1,12.49,,,,Direct,Squarespace
7182,70,20/02/2025,Maghera,Northern Ireland,Derry,GB,0,12.49,Royal Mail Second Class,GBP,£,2.99,0,17.98,2.5,SQ7734740,1,Monthly Subscription,1,12.49,,,,Referral: M.facebook.com,Squarespace
7357,70,20/03/2025,Maghera,Northern Ireland,Derry,GB,0,12.49,Royal Mail Second Class,GBP,£,2.99,0,17.98,2.5,SQ7734740,1,Monthly Subscription,1,12.49,,,,Organic: Google,Squarespace
7595,70,20/04/2025,Maghera,Northern Ireland,Derry,GB,0,12.49,Royal Mail Second Class,GBP,£,2.99,0,17.98,2.5,SQ7734740,1,Monthly Subscription,1,12.49,,,,Unknown,Squarespace
1583,70,20/08/2024,Maghera,Northern Ireland,Derry,GB,0,14.99,Shipping,GBP,£,2.99,0,17.98,2.5,,1,Monthly Subscription,1,14.99,,,,Unknown,Woocommerce
1439,70,20/07/2024,Maghera,Northern Ireland,Derry,GB,0,14.99,Shipping,GBP,£,2.99,0,17.98,2.5,,1,Monthly Subscription,1,14.99,,,,Unknown,Woocommerce
730,70,25/02/2024,Maghera,Northern Ireland,Derry,GB,0,35.98,Shipping,GBP,£,2.99,0,38.97,5.99,,1,Two Months' Supply,1,35.98,,,,Unknown,Woocommerce
535,70,19/12/2023,Maghera,Northern Ireland,Derry,GB,0,35.98,Shipping,GBP,£,2.99,0,38.97,5.99,,1,Two Months' Supply,1,35.98,,,,Unknown,Woocommerce
5658,71,19/09/2024,Trowbridge,South West,TROWBRIDGE,GB,0,12.49,Royal Mail Second Class,GBP,£,2.99,0,17.98,2.5,SQ7734740,1,Monthly Subscription,1,12.49,,,,Direct,Squarespace
6276,71,19/10/2024,Trowbridge,South West,TROWBRIDGE,GB,0,12.49,Royal Mail Second Class,GBP,£,2.99,0,17.98,2.5,SQ7734740,1,Monthly Subscription,1,12.49,,,,Direct,Squarespace
6473,71,19/11/2024,Trowbridge,South West,TROWBRIDGE,GB,0,12.49,Royal Mail Second Class,GBP,£,2.99,0,17.98,2.5,SQ7734740,1,Monthly Subscription,1,12.49,,,,Web admin,Squarespace
6701,71,19/12/2024,Trowbridge,South West,TROWBRIDGE,GB,0,12.49,Royal Mail Second Class,GBP,£,2.99,0,17.98,2.5,SQ7734740,1,Monthly Subscription,1,12.49,,,,Unknown,Squarespace
6961,71,19/01/2025,Trowbridge,South West,TROWBRIDGE,GB,0,12.49,Royal Mail Second Class,GBP,£,2.99,0,17.98,2.5,SQ7734740,1,Monthly Subscription,1,12.49,,,,Organic: Google,Squarespace
7177,71,19/02/2025,Trowbridge,South West,TROWBRIDGE,GB,0,12.49,Royal Mail Second Class,GBP,£,2.99,0,17.98,2.5,SQ7734740,1,Monthly Subscription,1,12.49,,,,Organic: Google,Squarespace
7354,71,19/03/2025,Trowbridge,South West,TROWBRIDGE,GB,0,12.49,Royal Mail Second Class,GBP,£,2.99,0,17.98,2.5,SQ7734740,1,Monthly Subscription,1,12.49,,,,Unknown,Squarespace
7594,71,19/04/2025,Trowbridge,South West,TROWBRIDGE,GB,0,12.49,Royal Mail Second Class,GBP,£,2.99,0,17.98,2.5,SQ7734740,1,Monthly Subscription,1,12.49,,,,Unknown,Squarespace
1577,71,19/08/2024,Trowbridge,South West,TROWBRIDGE,GB,0,14.99,Shipping,GBP,£,2.99,0,17.98,2.5,,1,Monthly Subscription,1,14.99,,,,Unknown,Woocommerce
5773,72,20/09/2024,Andover,South East,,GB,0,12.49,Royal Mail Second Class,GBP,£,2.99,0,17.98,2.5,SQ7734740,1,Monthly Subscription,1,12.49,,,,Unknown,Squarespace
6471,72,19/11/2024,Andover,South East,,GB,0,10.41,Royal Mail Second Class,GBP,£,2.99,0,15.48,2.08,SQ7734740,1,Monthly Subscription,1,10.41,,,,Organic: Google,Squarespace
6700,72,19/12/2024,Andover,South East,,GB,0,10.41,Royal Mail Second Class,GBP,£,2.99,0,15.48,2.08,SQ7734740,1,Monthly Subscription,1,10.41,,,,Unknown,Squarespace
6960,72,19/01/2025,Andover,South East,,GB,0,10.41,Royal Mail Second Class,GBP,£,2.99,0,15.48,2.08,SQ7734740,1,Monthly Subscription,1,10.41,,,,Unknown,Squarespace
7176,72,19/02/2025,Andover,South East,,GB,0,10.41,Royal Mail Second Class,GBP,£,2.99,0,15.48,2.08,SQ7734740,1,Monthly Subscription,1,10.41,,,,Unknown,Squarespace
7353,72,19/03/2025,Andover,South East,,GB,0,10.41,Royal Mail Second Class,GBP,£,2.99,0,15.48,2.08,SQ7734740,1,Monthly Subscription,1,10.41,,,,Direct,Squarespace
7593,72,19/04/2025,Andover,South East,,GB,0,10.41,Royal Mail Second Class,GBP,£,2.99,0,15.48,2.08,SQ7734740,1,Monthly Subscription,1,10.41,,,,Organic: Google,Squarespace
1581,72,20/08/2024,Andover,South East,England,GB,0,14.99,Shipping,GBP,£,2.99,0,17.98,2.5,,1,Monthly Subscription,1,14.99,,,,Unknown,Woocommerce
1436,72,20/07/2024,Andover,South East,England,GB,0,14.99,Shipping,GBP,£,2.99,0,17.98,2.5,,1,Monthly Subscription,1,14.99,,,,Unknown,Woocommerce
1283,72,20/06/2024,Andover,South East,England,GB,0,14.99,Shipping,GBP,£,2.99,0,17.98,2.5,,1,Monthly Subscription,1,14.99,,,,Unknown,Woocommerce
1133,72,20/05/2024,Andover,South East,England,GB,0,14.99,Shipping,GBP,£,2.99,0,17.98,2.5,,1,Monthly Subscription,1,14.99,,,,Unknown,Woocommerce
911,72,20/04/2024,Andover,South East,England,GB,0,14.99,Shipping,GBP,£,2.99,0,17.98,2.5,,1,Monthly Subscription,1,14.99,,,,Unknown,Woocommerce
808,72,20/03/2024,Andover,South East,England,GB,0,14.99,Shipping,GBP,£,2.99,0,17.98,2.5,,1,Monthly Subscription,1,14.99,,,,Unknown,Woocommerce
709,72,20/02/2024,Andover,South East,England,GB,0,14.99,Shipping,GBP,£,2.99,0,17.98,2.5,,1,Monthly Subscription,1,14.99,,,,Unknown,Woocommerce
624,72,20/01/2024,Andover,South East,England,GB,0,14.99,Shipping,GBP,£,2.99,0,17.98,2.5,,1,Monthly Subscription,1,14.99,,,,Unknown,Woocommerce
537,72,20/12/2023,Andover,South East,England,GB,0,14.99,Shipping,GBP,£,2.99,0,17.98,2.5,,1,Monthly Subscription,1,14.99,,,,Unknown,Woocommerce
5847,73,22/09/2024,Caston,East of England,Norfolk,GB,0,29.98,Royal Mail Second Class,GBP,£,2.99,0,38.97,6,SQ3720870,1,8 Week Trial,1,29.98,,,,Direct,Squarespace
6524,73,28/11/2024,Caston,East of England,Norfolk,GB,0,29.98,Royal Mail Second Class,GBP,£,2.99,0,38.97,6,SQ3720870,1,8 Week Trial,1,29.98,,,,Unknown,Squarespace
6957,73,18/01/2025,Caston,East of England,Norfolk,GB,0,29.98,Royal Mail Second Class,GBP,£,2.99,0,38.97,6,SQ3720870,1,8 Week Trial,1,29.98,,,,Organic: Google,Squarespace
7351,73,19/03/2025,Caston,East of England,Norfolk,GB,0,12.49,Royal Mail Second Class,GBP,£,2.99,0,17.98,2.5,SQ7734740,1,Monthly Subscription,1,12.49,,,,Unknown,Squarespace
7592,73,19/04/2025,Caston,East of England,Norfolk,GB,0,12.49,Royal Mail Second Class,GBP,£,2.99,0,17.98,2.5,SQ7734740,1,Monthly Subscription,1,12.49,,,,Organic: Google,Squarespace
1357,73,03/07/2024,Caston,East of England,Norfolk,GB,0,35.98,Shipping,GBP,£,3.99,0,39.97,5.99,,1,8 Week Trial,1,35.98,,,,Unknown,Woocommerce
1241,73,12/06/2024,"The Green, Caston",East of England,,GB,0,19.99,Shipping,GBP,£,3.99,0,23.98,3.33,,1,One Month's Supply,1,19.99,,,,Unknown,Woocommerce
5657,74,19/09/2024,Faversham,South East,,GB,0,12.49,Royal Mail Second Class,GBP,£,2.99,0,17.98,2.5,SQ7734740,1,Monthly Subscription,1,12.49,,,,Unknown,Squarespace
6275,74,19/10/2024,Faversham,South East,,GB,0,12.49,Royal Mail Second Class,GBP,£,2.99,0,17.98,2.5,SQ7734740,1,Monthly Subscription,1,12.49,,,,Web admin,Squarespace
6470,74,19/11/2024,Faversham,South East,,GB,0,12.49,Royal Mail Second Class,GBP,£,2.99,0,17.98,2.5,SQ7734740,1,Monthly Subscription,1,12.49,,,,Unknown,Squarespace
6699,74,19/12/2024,Faversham,South East,,GB,0,12.49,Royal Mail Second Class,GBP,£,2.99,0,17.98,2.5,SQ7734740,1,Monthly Subscription,1,12.49,,,,Unknown,Squarespace
6959,74,19/01/2025,Faversham,South East,,GB,0,12.49,Royal Mail Second Class,GBP,£,2.99,0,17.98,2.5,SQ7734740,1,Monthly Subscription,1,12.49,,,,Unknown,Squarespace
7175,74,19/02/2025,Faversham,South East,,GB,0,12.49,Royal Mail Second Class,GBP,£,2.99,0,17.98,2.5,SQ7734740,1,Monthly Subscription,1,12.49,,,,Unknown,Squarespace
7350,74,19/03/2025,Faversham,South East,,GB,0,12.49,Royal Mail Second Class,GBP,£,2.99,0,17.98,2.5,SQ7734740,1,Monthly Subscription,1,12.49,,,,Direct,Squarespace
7591,74,19/04/2025,Faversham,South East,,GB,0,12.49,Royal Mail Second Class,GBP,£,2.99,0,17.98,2.5,SQ7734740,1,Monthly Subscription,1,12.49,,,,Unknown,Squarespace
1576,74,19/08/2024,Faversham,South East,England,GB,0,14.99,Shipping,GBP,£,2.99,0,17.98,2.5,,1,Monthly Subscription,1,14.99,,,,Unknown,Woocommerce
1429,74,19/07/2024,Faversham,South East,England,GB,0,14.99,Shipping,GBP,£,2.99,0,17.98,2.5,,1,Monthly Subscription,1,14.99,,,,Unknown,Woocommerce
1195,74,03/06/2024,Faversham,South East,Kent,GB,9,35.98,Shipping,GBP,£,2.99,0,29.97,4.49,,1,Two Months' Supply,1,35.98,discount,9,0,Unknown,Woocommerce
7590,75,19/04/2025,Taunton,South West,Somerset,GB,0,29.98,Royal Mail Second Class,GBP,£,2.99,0,38.97,6,SQ3720870,1,8 Week Trial,1,29.98,,,,Direct,Squarespace
5650,76,19/09/2024,Bolton,North West,,GB,0,10.41,Royal Mail Second Class,GBP,£,2.99,0,15.48,2.08,SQ7734740,1,Monthly Subscription,1,10.41,,,,Unknown,Squarespace
6272,76,19/10/2024,Bolton,North West,,GB,0,12.49,Royal Mail Second Class,GBP,£,2.99,0,17.98,2.5,SQ7734740,1,Monthly Subscription,1,12.49,,,,Unknown,Squarespace
6468,76,19/11/2024,Bolton,North West,,GB,0,12.49,Royal Mail Second Class,GBP,£,2.99,0,17.98,2.5,SQ7734740,1,Monthly Subscription,1,12.49,,,,Organic: Google,Squarespace
6696,76,19/12/2024,Bolton,North West,,GB,0,12.49,Royal Mail Second Class,GBP,£,2.99,0,17.98,2.5,SQ7734740,1,Monthly Subscription,1,12.49,,,,Unknown,Squarespace
6958,76,19/01/2025,Bolton,North West,,GB,0,12.49,Royal Mail Second Class,GBP,£,2.99,0,17.98,2.5,SQ7734740,1,Monthly Subscription,1,12.49,,,,Unknown,Squarespace
7173,76,19/02/2025,Bolton,North West,,GB,0,12.49,Royal Mail Second Class,GBP,£,2.99,0,17.98,2.5,SQ7734740,1,Monthly Subscription,1,12.49,,,,Unknown,Squarespace
7349,76,19/03/2025,Bolton,North West,,GB,0,12.49,Royal Mail Second Class,GBP,£,2.99,0,17.98,2.5,SQ7734740,1,Monthly Subscription,1,12.49,,,,Direct,Squarespace
7589,76,19/04/2025,Bolton,North West,,GB,0,12.49,Royal Mail Second Class,GBP,£,2.99,0,17.98,2.5,SQ7734740,1,Monthly Subscription,1,12.49,,,,Unknown,Squarespace
1579,76,19/08/2024,Bolton,North West,BFP,GB,0,14.99,Shipping,GBP,£,2.99,0,17.98,2.5,,1,Monthly Subscription,1,14.99,,,,Unknown,Woocommerce
1431,76,19/07/2024,Bolton,North West,,GB,0,14.99,Shipping,GBP,£,2.99,0,17.98,2.5,,1,Monthly Subscription,1,14.99,,,,Unknown,Woocommerce
1277,76,19/06/2024,Bolton,North West,,GB,0,14.99,Shipping,GBP,£,2.99,0,17.98,2.5,,1,Monthly Subscription,1,14.99,,,,Unknown,Woocommerce
858,76,03/04/2024,Bolton,North West,,GB,0,35.98,Shipping,GBP,£,3.99,0,39.97,5.99,,1,8 Week Trial,1,35.98,,,,Unknown,Woocommerce
7588,77,19/04/2025,Silkeborg,Denmark,,DK,0,530.54,Royal Mail International Standard,DKK,DKK,61.842697,0,698.49,106.11,SQ3720870,1,8 Week Trial,2,265.27,,,,Organic: Google,Squarespace
6267,78,18/10/2024,Bristol,South West,Bristol,GB,0,12.49,Royal Mail Second Class,GBP,£,2.99,0,17.98,2.5,SQ7734740,1,Monthly Subscription,1,12.49,,,,Organic: Google,Squarespace
6463,78,18/11/2024,Bristol,South West,Bristol,GB,0,12.49,Royal Mail Second Class,GBP,£,2.99,0,17.98,2.5,SQ7734740,1,Monthly Subscription,1,12.49,,,,Unknown,Squarespace
6693,78,18/12/2024,Bristol,South West,Bristol,GB,0,12.49,Royal Mail Second Class,GBP,£,2.99,0,17.98,2.5,SQ7734740,1,Monthly Subscription,1,12.49,,,,Organic: Google,Squarespace
6956,78,18/01/2025,Bristol,South West,Bristol,GB,0,12.49,Royal Mail Second Class,GBP,£,2.99,0,17.98,2.5,SQ7734740,1,Monthly Subscription,1,12.49,,,,Direct,Squarespace
7170,78,18/02/2025,Bristol,South West,Bristol,GB,0,12.49,Royal Mail Second Class,GBP,£,2.99,0,17.98,2.5,SQ7734740,1,Monthly Subscription,1,12.49,,,,Direct,Squarespace
7347,78,18/03/2025,Bristol,South West,Bristol,GB,0,12.49,Royal Mail Second Class,GBP,£,2.99,0,17.98,2.5,SQ7734740,1,Monthly Subscription,1,12.49,,,,Organic: Google,Squarespace
7587,78,18/04/2025,Bristol,South West,Bristol,GB,0,12.49,Royal Mail Second Class,GBP,£,2.99,0,17.98,2.5,SQ7734740,1,Monthly Subscription,1,12.49,,,,Unknown,Squarespace
5601,78,18/09/2024,Bristol,South West,Bristol,GB,0,12.49,Royal Mail Second Class,GBP,£,2.99,0,17.98,2.5,SQ7734740,1,Monthly Subscription,1,12.49,,,,Web admin,Woocommerce
1571,78,18/08/2024,Bristol,South West,Bristol,GB,0,14.99,Shipping,GBP,£,2.99,0,17.98,2.5,,1,Monthly Subscription,1,14.99,,,,Unknown,Woocommerce
1422,78,18/07/2024,Bristol,South West,Bristol,GB,0,14.99,Shipping,GBP,£,2.99,0,17.98,2.5,,1,Monthly Subscription,1,14.99,,,,Unknown,Woocommerce
1269,78,18/06/2024,Bristol,South West,Bristol,GB,0,14.99,Shipping,GBP,£,2.99,0,17.98,2.5,,1,Monthly Subscription,1,14.99,,,,Unknown,Woocommerce
179,78,08/05/2023,Bristol,South West,Bristol,GB,0,29.98,Shipping,GBP,£,2.99,0,32.97,4.99,,1,Two Months' Supply,1,29.98,,,,Unknown,Woocommerce
75,78,01/02/2023,Bristol,South West,Bristol,GB,0,29.98,Shipping,GBP,£,2.99,0,32.97,0,,1,Two Months' Supply,1,29.98,,,,Unknown,Woocommerce
5,78,02/11/2022,Bristol,South West,Bristol,GB,0,19.99,Shipping,GBP,£,2.99,0,22.98,0,,1,One Month's Supply,1,19.99,,,,Unknown,Woocommerce
230,79,27/06/2023,Bristol,South West,Bristol,GB,0,29.98,Shipping,GBP,£,2.99,0,32.97,4.99,,1,Two Months' Supply,1,29.98,,,,Unknown,Woocommerce
6998,79,24/01/2025,Hanham,South West,Bristol,GB,0,29.98,Royal Mail Second Class,GBP,£,2.99,0,38.97,6,SQ3720870,1,8 Week Trial,1,29.98,,,,Direct,Squarespace
7345,79,18/03/2025,Hanham,South West,Bristol,GB,0,12.49,Royal Mail Second Class,GBP,£,2.99,0,17.98,2.5,SQ7734740,1,Monthly Subscription,1,12.49,,,,Organic: Google,Squarespace
7586,79,18/04/2025,Hanham,South West,Bristol,GB,0,12.49,Royal Mail Second Class,GBP,£,2.99,0,17.98,2.5,SQ7734740,1,Monthly Subscription,1,12.49,,,,Direct,Squarespace
416,79,29/10/2023,Hanham,South West,Bristol,GB,6,35.98,Shipping,GBP,£,2.99,0,32.97,4.99,,1,Two Months' Supply,1,35.98,discount,6,0,Unknown,Woocommerce
311,79,04/09/2023,Hanham,South West,Bristol,GB,6,35.98,Shipping,GBP,£,2.99,0,32.97,4.99,,1,Two Months' Supply,1,35.98,discount,6,0,Unknown,Woocommerce
143,79,04/04/2023,Hanham,South West,Bristol,GB,0,29.98,Shipping,GBP,£,2.99,0,32.97,0,,1,Two Months' Supply,1,29.98,,,,Unknown,Woocommerce
7339,80,18/03/2025,Tillicoultry,Scotland,Scotland,GB,0,12.49,Royal Mail Second Class,GBP,£,2.99,0,17.98,2.5,SQ7734740,1,Monthly Subscription,1,12.49,,,,Unknown,Squarespace
7585,80,18/04/2025,Tillicoultry,Scotland,Scotland,GB,0,12.49,Royal Mail Second Class,GBP,£,2.99,0,17.98,2.5,SQ7734740,1,Monthly Subscription,1,12.49,,,,Direct,Squarespace
1370,80,06/07/2024,Tillicoultry,Scotland,Scotland,GB,0,19.99,Shipping,GBP,£,2.99,0,22.98,3.33,,1,One Month's Supply,1,19.99,,,,Unknown,Woocommerce
6687,81,17/12/2024,Edinburgh,Scotland,,GB,0,12.49,Royal Mail Second Class,GBP,£,2.99,0,17.98,2.5,SQ7734740,1,Monthly Subscription,1,12.49,,,,Organic: Google,Squarespace
6952,81,17/01/2025,Edinburgh,Scotland,,GB,0,12.49,Royal Mail Second Class,GBP,£,2.99,0,17.98,2.5,SQ7734740,1,Monthly Subscription,1,12.49,,,,Unknown,Squarespace
7165,81,17/02/2025,Edinburgh,Scotland,,GB,0,12.49,Royal Mail Second Class,GBP,£,2.99,0,17.98,2.5,SQ7734740,1,Monthly Subscription,1,12.49,,,,Unknown,Squarespace
7338,81,17/03/2025,Edinburgh,Scotland,,GB,0,12.49,Royal Mail Second Class,GBP,£,2.99,0,17.98,2.5,SQ7734740,1,Monthly Subscription,1,12.49,,,,Organic: Google,Squarespace
7584,81,17/04/2025,Edinburgh,Scotland,,GB,0,12.49,Royal Mail Second Class,GBP,£,2.99,0,17.98,2.5,SQ7734740,1,Monthly Subscription,1,12.49,,,,Direct,Squarespace
1519,81,08/08/2024,Edinburgh,Scotland,,GB,0,35.98,Shipping,GBP,£,2.99,0,38.97,5.99,,1,Two Months' Supply,1,35.98,,,,Unknown,Woocommerce
1060,81,05/05/2024,Edinburgh,Scotland,,GB,0,35.98,Shipping,GBP,£,2.99,0,38.97,5.99,,1,Two Months' Supply,1,35.98,,,,Unknown,Woocommerce
924,81,23/04/2024,Edinburgh,Scotland,,GB,9,35.98,Shipping,GBP,£,2.99,0,29.97,4.49,,1,Two Months' Supply,1,35.98,discount,9,0,Unknown,Woocommerce
7583,82,17/04/2025,Ludlow,West Midlands,Shropshire,GB,0,29.98,Royal Mail Second Class,GBP,£,2.99,0,38.97,6,SQ3720870,1,8 Week Trial,1,29.98,,,,Direct,Squarespace
1301,82,24/06/2024,Ludlow,West Midlands,Shropshire,GB,0,19.99,Shipping,GBP,£,2.99,0,22.98,3.33,,1,One Month's Supply,1,19.99,,,,Unknown,Woocommerce
6073,83,26/09/2024,Bexley,Greater London,Kent,GB,0,12.49,Royal Mail Second Class,GBP,£,2.99,0,17.98,2.5,SQ7734740,1,Monthly Subscription,1,12.49,,,,Web admin,Squarespace
6307,83,26/10/2024,Bexley,Greater London,Kent,GB,0,12.49,Royal Mail Second Class,GBP,£,2.99,0,17.98,2.5,SQ7734740,1,Monthly Subscription,1,12.49,,,,Direct,Squarespace
6460,83,17/11/2024,Bexley,Greater London,Kent,GB,0,12.49,Royal Mail Second Class,GBP,£,2.99,0,17.98,2.5,SQ7734740,1,Monthly Subscription,1,12.49,,,,Direct,Squarespace
6686,83,17/12/2024,Bexley,Greater London,Kent,GB,0,12.49,Royal Mail Second Class,GBP,£,2.99,0,17.98,2.5,SQ7734740,1,Monthly Subscription,1,12.49,,,,Organic: Google,Squarespace
6950,83,17/01/2025,Bexley,Greater London,Kent,GB,0,12.49,Royal Mail Second Class,GBP,£,2.99,0,17.98,2.5,SQ7734740,1,Monthly Subscription,1,12.49,,,,Unknown,Squarespace
7164,83,17/02/2025,Bexley,Greater London,Kent,GB,0,12.49,Royal Mail Second Class,GBP,£,2.99,0,17.98,2.5,SQ7734740,1,Monthly Subscription,1,12.49,,,,Direct,Squarespace
7336,83,17/03/2025,Bexley,Greater London,Kent,GB,0,12.49,Royal Mail Second Class,GBP,£,2.99,0,17.98,2.5,SQ7734740,1,Monthly Subscription,1,12.49,,,,Direct,Squarespace
7582,83,17/04/2025,Bexley,Greater London,Kent,GB,0,12.49,Royal Mail Second Class,GBP,£,2.99,0,17.98,2.5,SQ7734740,1,Monthly Subscription,1,12.49,,,,Direct,Squarespace
1441,83,21/07/2024,Bexley,Greater London,Kent,GB,0,35.98,Shipping,GBP,£,2.99,0,38.97,5.99,,1,Two Months' Supply,1,35.98,,,,Unknown,Woocommerce
1058,83,04/05/2024,Bexley,Greater London,Kent,GB,0,35.98,Shipping,GBP,£,2.99,0,38.97,5.99,,1,Two Months' Supply,1,35.98,,,,Unknown,Woocommerce
696,83,16/02/2024,Bexley,Greater London,Kent,GB,5.4,35.98,Shipping,GBP,£,2.99,0,33.57,5.09,,1,Two Months' Supply,1,35.98,discount,5.4,0,Unknown,Woocommerce
570,83,03/01/2024,Bexley,Greater London,England,GB,5.4,35.98,Shipping,GBP,£,2.99,0,33.57,5.09,,1,Two Months' Supply,1,35.98,discount,5.4,0,Unknown,Woocommerce
382,83,13/10/2023,Bexley,Greater London,England,GB,9,35.98,Shipping,GBP,£,2.99,0,29.97,4.49,,1,Two Months' Supply,1,35.98,discount,9,0,Unknown,Woocommerce
270,84,01/08/2023,Danas Powys,Wales,Vale of Glamorgan,GB,9,35.98,Shipping,GBP,£,2.99,0,29.97,4.49,,1,Two Months' Supply,1,35.98,discount,9,0,Unknown,Woocommerce
6404,84,08/11/2024,Dinas Powys,Wales,Vale of Glamorgan,GB,0,29.98,Royal Mail Second Class,GBP,£,2.99,0,38.97,6,SQ3720870,1,8 Week Trial,1,29.98,,,,Organic: Google,Squarespace
6777,84,01/01/2025,Dinas Powys,Wales,Vale of Glamorgsn,GB,0,29.98,Royal Mail Second Class,GBP,£,2.99,0,38.97,6,SQ3720870,1,8 Week Trial,1,29.98,,,,Unknown,Squarespace
7334,84,17/03/2025,Dinas Powys,Wales,Vale of Glamorgsn,GB,0,12.49,Royal Mail First Class,GBP,£,3.99,0,18.98,2.5,SQ7734740,1,Monthly Subscription,1,12.49,,,,Direct,Squarespace
7581,84,17/04/2025,Dinas Powys,Wales,Vale of Glamorgsn,GB,0,12.49,Royal Mail First Class,GBP,£,3.99,0,18.98,2.5,SQ7734740,1,Monthly Subscription,1,12.49,,,,Organic: Google,Squarespace
1354,84,03/07/2024,Dinas Powys,Wales,Vale of Glamorgsn,GB,0,19.99,Shipping,GBP,£,2.99,0,22.98,3.33,,1,One Month's Supply,1,19.99,,,,Unknown,Woocommerce
6256,85,17/10/2024,Bournemouth,South West,England,GB,0,12.49,Royal Mail Second Class,GBP,£,2.99,0,17.98,2.5,SQ7734740,1,Monthly Subscription,1,12.49,,,,Unknown,Squarespace
6458,85,17/11/2024,Bournemouth,South West,England,GB,0,12.49,Royal Mail Second Class,GBP,£,2.99,0,17.98,2.5,SQ7734740,1,Monthly Subscription,1,12.49,,,,Organic: Google,Squarespace
6684,85,17/12/2024,Bournemouth,South West,England,GB,0,12.49,Royal Mail Second Class,GBP,£,2.99,0,17.98,2.5,SQ7734740,1,Monthly Subscription,1,12.49,,,,Unknown,Squarespace
6948,85,17/01/2025,Bournemouth,South West,England,GB,0,12.49,Royal Mail Second Class,GBP,£,2.99,0,17.98,2.5,SQ7734740,1,Monthly Subscription,1,12.49,,,,Direct,Squarespace
7154,85,17/02/2025,Bournemouth,South West,England,GB,0,12.49,Royal Mail Second Class,GBP,£,2.99,0,17.98,2.5,SQ7734740,1,Monthly Subscription,1,12.49,,,,Unknown,Squarespace
7333,85,17/03/2025,Bournemouth,South West,England,GB,0,12.49,Royal Mail Second Class,GBP,£,2.99,0,17.98,2.5,SQ7734740,1,Monthly Subscription,1,12.49,,,,Direct,Squarespace
7580,85,17/04/2025,Bournemouth,South West,England,GB,0,12.49,Royal Mail Second Class,GBP,£,2.99,0,17.98,2.5,SQ7734740,1,Monthly Subscription,1,12.49,,,,Unknown,Squarespace
5458,85,17/09/2024,Bournemouth,South West,England,GB,0,12.49,Royal Mail Second Class,GBP,£,2.99,0,17.98,2.5,SQ7734740,1,Monthly Subscription,1,12.49,,,,Web admin,Woocommerce
1564,85,17/08/2024,Bournemouth,South West,England,GB,0,14.99,Shipping,GBP,£,2.99,0,17.98,2.5,,1,Monthly Subscription,1,14.99,,,,Unknown,Woocommerce
1416,85,17/07/2024,Bournemouth,South West,England,GB,0,14.99,Shipping,GBP,£,2.99,0,17.98,2.5,,1,Monthly Subscription,1,14.99,,,,Unknown,Woocommerce
1258,85,17/06/2024,Bournemouth,South West,England,GB,0,14.99,Shipping,GBP,£,2.99,0,17.98,2.5,,1,Monthly Subscription,1,14.99,,,,Unknown,Woocommerce
6255,86,17/10/2024,Nottingham,East Midlands,,GB,0,12.49,Royal Mail Second Class,GBP,£,2.99,0,17.98,2.5,SQ7734740,1,Monthly Subscription,1,12.49,,,,Organic: Google,Squarespace
6457,86,17/11/2024,Nottingham,East Midlands,,GB,0,12.49,Royal Mail Second Class,GBP,£,2.99,0,17.98,2.5,SQ7734740,1,Monthly Subscription,1,12.49,,,,Direct,Squarespace
6683,86,17/12/2024,Nottingham,East Midlands,,GB,0,12.49,Royal Mail Second Class,GBP,£,2.99,0,17.98,2.5,SQ7734740,1,Monthly Subscription,1,12.49,,,,Unknown,Squarespace
6947,86,17/01/2025,Nottingham,East Midlands,,GB,0,12.49,Royal Mail Second Class,GBP,£,2.99,0,17.98,2.5,SQ7734740,1,Monthly Subscription,1,12.49,,,,Unknown,Squarespace
7152,86,17/02/2025,Nottingham,East Midlands,,GB,0,12.49,Royal Mail Second Class,GBP,£,2.99,0,17.98,2.5,SQ7734740,1,Monthly Subscription,1,12.49,,,,Organic: Google,Squarespace
7332,86,17/03/2025,Nottingham,East Midlands,,GB,0,12.49,Royal Mail Second Class,GBP,£,2.99,0,17.98,2.5,SQ7734740,1,Monthly Subscription,1,12.49,,,,Direct,Squarespace
7579,86,17/04/2025,Nottingham,East Midlands,,GB,0,12.49,Royal Mail Second Class,GBP,£,2.99,0,17.98,2.5,SQ7734740,1,Monthly Subscription,1,12.49,,,,Unknown,Squarespace
5457,86,17/09/2024,Nottingham,East Midlands,,GB,0,12.49,Royal Mail Second Class,GBP,£,2.99,0,17.98,2.5,SQ7734740,1,Monthly Subscription,1,12.49,,,,Web admin,Woocommerce
1565,86,17/08/2024,Nottingham,East Midlands,England,GB,0,14.99,Shipping,GBP,£,2.99,0,17.98,2.5,,1,Monthly Subscription,1,14.99,,,,Unknown,Woocommerce
6254,87,17/10/2024,Galatsi,Greece,I,GR,0,12.49,Royal Mail International Tracked,GBP,£,9.99,0,24.98,2.5,SQ7734740,1,Monthly Subscription,1,12.49,,,,Direct,Squarespace
6456,87,17/11/2024,Galatsi,Greece,I,GR,0,12.49,Royal Mail International Tracked,GBP,£,9.99,0,24.98,2.5,SQ7734740,1,Monthly Subscription,1,12.49,,,,Direct,Squarespace
6682,87,17/12/2024,Galatsi,Greece,I,GR,0,12.49,Royal Mail International Tracked,GBP,£,9.99,0,24.98,2.5,SQ7734740,1,Monthly Subscription,1,12.49,,,,Unknown,Squarespace
6946,87,17/01/2025,Galatsi,Greece,I,GR,0,12.49,Royal Mail International Tracked,GBP,£,9.99,0,24.98,2.5,SQ7734740,1,Monthly Subscription,1,12.49,,,,Organic: Google,Squarespace
7139,87,17/02/2025,Galatsi,Greece,I,GR,0,12.49,Royal Mail International Tracked,GBP,£,9.99,0,24.98,2.5,SQ7734740,1,Monthly Subscription,1,12.49,,,,Unknown,Squarespace
7330,87,17/03/2025,Galatsi,Greece,I,GR,0,12.49,Royal Mail International Tracked,GBP,£,9.99,0,24.98,2.5,SQ7734740,1,Monthly Subscription,1,12.49,,,,Direct,Squarespace
7578,87,17/04/2025,Galatsi,Greece,I,GR,0,12.49,Royal Mail International Tracked,GBP,£,9.99,0,24.98,2.5,SQ7734740,1,Monthly Subscription,1,12.49,,,,Unknown,Squarespace
5455,87,17/09/2024,Galatsi,Greece,I,GR,0,12.49,Royal Mail International Tracked,GBP,£,9.99,0,24.98,2.5,SQ7734740,1,Monthly Subscription,1,12.49,,,,Web admin,Woocommerce
1568,87,17/08/2024,Galatsi,Greece,Attica,GR,0,14.99,Shipping,GBP,£,9.99,0,24.98,4.83,,1,Monthly Subscription,1,14.99,,,,Unknown,Woocommerce
1418,87,17/07/2024,Galatsi,Greece,Attica,GR,0,14.99,Shipping,GBP,£,9.99,0,24.98,4.83,,1,Monthly Subscription,1,14.99,,,,Unknown,Woocommerce
1260,87,17/06/2024,Galatsi,Greece,Attica,GR,0,14.99,Shipping,GBP,£,9.99,0,24.98,4.83,,1,Monthly Subscription,1,14.99,,,,Unknown,Woocommerce
1127,87,17/05/2024,Galatsi,Greece,Attica,GR,0,14.99,Shipping,GBP,£,9.99,0,24.98,4.83,,1,Monthly Subscription,1,14.99,,,,Unknown,Woocommerce
723,87,24/02/2024,Galatsi,Greece,Attica,GR,0,35.98,Shipping,GBP,£,9.99,0,45.97,8.9,,1,Two Months' Supply,1,35.98,,,,Unknown,Woocommerce
530,87,15/12/2023,Galatsi,Greece,Attica,GR,0,19.99,Shipping,GBP,£,6.99,0,26.98,5.22,,1,One Month's Supply,1,19.99,,,,Unknown,Woocommerce
6251,88,17/10/2024,Halesowen,West Midlands,West Midlands,GB,0,12.49,Royal Mail Second Class,GBP,£,2.99,0,17.98,2.5,SQ7734740,1,Monthly Subscription,1,12.49,,,,Unknown,Squarespace
6455,88,17/11/2024,Halesowen,West Midlands,West Midlands,GB,0,12.49,Royal Mail Second Class,GBP,£,2.99,0,17.98,2.5,SQ7734740,1,Monthly Subscription,1,12.49,,,,Referral: Duckduckgo.com,Squarespace
6681,88,17/12/2024,Halesowen,West Midlands,West Midlands,GB,0,12.49,Royal Mail Second Class,GBP,£,2.99,0,17.98,2.5,SQ7734740,1,Monthly Subscription,1,12.49,,,,Organic: Google,Squarespace
6945,88,17/01/2025,Halesowen,West Midlands,West Midlands,GB,0,12.49,Royal Mail Second Class,GBP,£,2.99,0,17.98,2.5,SQ7734740,1,Monthly Subscription,1,12.49,,,,Unknown,Squarespace
7138,88,17/02/2025,Halesowen,West Midlands,West Midlands,GB,0,12.49,Royal Mail Second Class,GBP,£,2.99,0,17.98,2.5,SQ7734740,1,Monthly Subscription,1,12.49,,,,Unknown,Squarespace
7329,88,17/03/2025,Halesowen,West Midlands,West Midlands,GB,0,12.49,Royal Mail Second Class,GBP,£,2.99,0,17.98,2.5,SQ7734740,1,Monthly Subscription,1,12.49,,,,Organic: Google,Squarespace
7577,88,17/04/2025,Halesowen,West Midlands,West Midlands,GB,0,12.49,Royal Mail Second Class,GBP,£,2.99,0,17.98,2.5,SQ7734740,1,Monthly Subscription,1,12.49,,,,Direct,Squarespace
1558,88,15/08/2024,Halesowen,West Midlands,West Midlands,GB,0,35.98,Shipping,GBP,£,3.99,0,39.97,5.99,,1,Two Months' Supply,1,35.98,,,,Unknown,Woocommerce
1245,88,13/06/2024,Halesowen,West Midlands,West Midlands,GB,0,35.98,Shipping,GBP,£,2.99,0,38.97,5.99,,1,Two Months' Supply,1,35.98,,,,Unknown,Woocommerce
1110,88,12/05/2024,Halesowen,West Midlands,West Midlands,GB,9,35.98,Shipping,GBP,£,2.99,0,29.97,4.49,,1,Two Months' Supply,1,35.98,discount,9,0,Unknown,Woocommerce
964,88,23/04/2024,Halesowen,West Midlands,West Midlands,GB,0,19.99,Shipping,GBP,£,2.99,0,22.98,3.33,,1,One Month's Supply,1,19.99,,,,Unknown,Woocommerce
6406,89,09/11/2024,Pevensey,South East,ENGLAND,GB,0,20.83,Royal Mail Second Class,GBP,£,2.99,0,27.98,4.16,SQ6831832,1,Ferrocalm Your Life,1,20.83,,,,Direct,Squarespace
6451,89,16/11/2024,Westham,South East,East SUSSEX,GB,0,12.49,Royal Mail Second Class,GBP,£,2.99,0,17.98,2.5,SQ7734740,1,Monthly Subscription,1,12.49,,,,Unknown,Squarespace
6671,89,16/12/2024,Westham,South East,East SUSSEX,GB,0,12.49,Royal Mail Second Class,GBP,£,2.99,0,17.98,2.5,SQ7734740,1,Monthly Subscription,1,12.49,,,,Organic: Google,Squarespace
6942,89,16/01/2025,Westham,South East,East SUSSEX,GB,0,12.49,Royal Mail Second Class,GBP,£,2.99,0,17.98,2.5,SQ7734740,1,Monthly Subscription,1,12.49,,,,Unknown,Squarespace
7137,89,16/02/2025,Westham,South East,East SUSSEX,GB,0,12.49,Royal Mail Second Class,GBP,£,2.99,0,17.98,2.5,SQ7734740,1,Monthly Subscription,1,12.49,,,,Organic: Google,Squarespace
7325,89,16/03/2025,Westham,South East,East SUSSEX,GB,0,12.49,Royal Mail Second Class,GBP,£,2.99,0,17.98,2.5,SQ7734740,1,Monthly Subscription,1,12.49,,,,Unknown,Squarespace
7576,89,16/04/2025,Westham,South East,East SUSSEX,GB,0,12.49,Royal Mail Second Class,GBP,£,2.99,0,17.98,2.5,SQ7734740,1,Monthly Subscription,1,12.49,,,,Direct,Squarespace
1410,90,16/07/2024,Livingston,Scotland,Scotland,GB,9,35.98,Shipping,GBP,£,2.99,0,29.97,4.49,,1,Two Months' Supply,1,35.98,discount,9,0,Unknown,Woocommerce
6247,90,16/10/2024,Livingston West Lothian,Scotland,Scotland,GB,0,12.49,Royal Mail Second Class,GBP,£,2.99,0,17.98,2.5,SQ7734740,1,Monthly Subscription,1,12.49,,,,Unknown,Squarespace
6449,90,16/11/2024,Livingston West Lothian,Scotland,Scotland,GB,0,12.49,Royal Mail Second Class,GBP,£,2.99,0,17.98,2.5,SQ7734740,1,Monthly Subscription,1,12.49,,,,Unknown,Squarespace
6669,90,16/12/2024,Livingston West Lothian,Scotland,Scotland,GB,0,12.49,Royal Mail Second Class,GBP,£,2.99,0,17.98,2.5,SQ7734740,1,Monthly Subscription,1,12.49,,,,Unknown,Squarespace
6941,90,16/01/2025,Livingston West Lothian,Scotland,Scotland,GB,0,12.49,Royal Mail Second Class,GBP,£,2.99,0,17.98,2.5,SQ7734740,1,Monthly Subscription,1,12.49,,,,Unknown,Squarespace
7136,90,16/02/2025,Livingston West Lothian,Scotland,Scotland,GB,0,12.49,Royal Mail Second Class,GBP,£,2.99,0,17.98,2.5,SQ7734740,1,Monthly Subscription,1,12.49,,,,Direct,Squarespace
7324,90,16/03/2025,Livingston West Lothian,Scotland,Scotland,GB,0,12.49,Royal Mail Second Class,GBP,£,2.99,0,17.98,2.5,SQ7734740,1,Monthly Subscription,1,12.49,,,,Direct,Squarespace
7575,90,16/04/2025,Livingston West Lothian,Scotland,Scotland,GB,0,12.49,Royal Mail Second Class,GBP,£,2.99,0,17.98,2.5,SQ7734740,1,Monthly Subscription,1,12.49,,,,Direct,Squarespace
6245,91,16/10/2024,Weston-Super-Mare,South West,,GB,0,12.49,Royal Mail First Class,GBP,£,3.99,0,18.98,2.5,SQ7734740,1,Monthly Subscription,1,12.49,,,,Unknown,Squarespace
6447,91,16/11/2024,Weston-Super-Mare,South West,,GB,0,12.49,Royal Mail First Class,GBP,£,3.99,0,18.98,2.5,SQ7734740,1,Monthly Subscription,1,12.49,,,,Unknown,Squarespace
6667,91,16/12/2024,Weston-Super-Mare,South West,,GB,0,12.49,Royal Mail First Class,GBP,£,3.99,0,18.98,2.5,SQ7734740,1,Monthly Subscription,1,12.49,,,,Unknown,Squarespace
6939,91,16/01/2025,Weston-Super-Mare,South West,,GB,0,12.49,Royal Mail First Class,GBP,£,3.99,0,18.98,2.5,SQ7734740,1,Monthly Subscription,1,12.49,,,,Direct,Squarespace
7135,91,16/02/2025,Weston-Super-Mare,South West,,GB,0,12.49,Royal Mail First Class,GBP,£,3.99,0,18.98,2.5,SQ7734740,1,Monthly Subscription,1,12.49,,,,Direct,Squarespace
7323,91,16/03/2025,Weston-Super-Mare,South West,,GB,0,12.49,Royal Mail First Class,GBP,£,3.99,0,18.98,2.5,SQ7734740,1,Monthly Subscription,1,12.49,,,,Organic: Google,Squarespace
7574,91,16/04/2025,Weston-Super-Mare,South West,,GB,0,12.49,Royal Mail First Class,GBP,£,3.99,0,18.98,2.5,SQ7734740,1,Monthly Subscription,1,12.49,,,,Unknown,Squarespace
5453,91,16/09/2024,Weston-Super-Mare,South West,,GB,0,12.49,Royal Mail First Class,GBP,£,3.99,0,18.98,2.5,SQ7734740,1,Monthly Subscription,1,12.49,,,,Web admin,Woocommerce
1562,91,16/08/2024,Weston-Super-Mare,South West,England,GB,0,14.99,Shipping,GBP,£,3.99,0,18.98,2.5,,1,Monthly Subscription,1,14.99,,,,Unknown,Woocommerce
1414,91,16/07/2024,Weston-Super-Mare,South West,England,GB,0,14.99,Shipping,GBP,£,3.99,0,18.98,2.5,,1,Monthly Subscription,1,14.99,,,,Unknown,Woocommerce
1255,91,16/06/2024,Weston-Super-Mare,South West,England,GB,0,14.99,Shipping,GBP,£,3.99,0,18.98,2.5,,1,Monthly Subscription,1,14.99,,,,Unknown,Woocommerce
1122,91,16/05/2024,Weston-Super-Mare,South West,England,GB,0,14.99,Shipping,GBP,£,3.99,0,18.98,2.5,,1,Monthly Subscription,1,14.99,,,,Unknown,Woocommerce
899,91,16/04/2024,Weston-Super-Mare,South West,England,GB,0,14.99,Shipping,GBP,£,3.99,0,18.98,2.5,,1,Monthly Subscription,1,14.99,,,,Unknown,Woocommerce
627,91,22/01/2024,Weston-Super-Mare,South West,England,GB,0,35.98,Shipping,GBP,£,3.99,0,39.97,5.99,,1,Two Months' Supply,1,35.98,,,,Unknown,Woocommerce
6244,92,15/10/2024,Haywards Heath,South East,West Sussex,GB,0,12.49,Shipping,GBP,£,2.99,0,17.98,2.5,SQ7734740,1,Monthly Subscription,1,12.49,,,,Unknown,Squarespace
6446,92,15/11/2024,Haywards Heath,South East,West Sussex,GB,0,12.49,Shipping,GBP,£,2.99,0,17.98,2.5,SQ7734740,1,Monthly Subscription,1,12.49,,,,Organic: Google,Squarespace
6663,92,15/12/2024,Haywards Heath,South East,West Sussex,GB,0,12.49,Shipping,GBP,£,2.99,0,17.98,2.5,SQ7734740,1,Monthly Subscription,1,12.49,,,,Direct,Squarespace
6937,92,15/01/2025,Haywards Heath,South East,West Sussex,GB,0,12.49,Shipping,GBP,£,2.99,0,17.98,2.5,SQ7734740,1,Monthly Subscription,1,12.49,,,,Organic: Google,Squarespace
7134,92,15/02/2025,Haywards Heath,South East,West Sussex,GB,0,12.49,Shipping,GBP,£,2.99,0,17.98,2.5,SQ7734740,1,Monthly Subscription,1,12.49,,,,Direct,Squarespace
7321,92,15/03/2025,Haywards Heath,South East,West Sussex,GB,0,12.49,Shipping,GBP,£,2.99,0,17.98,2.5,SQ7734740,1,Monthly Subscription,1,12.49,,,,Direct,Squarespace
7573,92,15/04/2025,Haywards Heath,South East,West Sussex,GB,0,12.49,Shipping,GBP,£,2.99,0,17.98,2.5,SQ7734740,1,Monthly Subscription,1,12.49,,,,Web admin,Squarespace
1560,92,16/08/2024,Haywards Heath,South East,West Sussex,GB,0,14.99,Shipping,GBP,£,2.99,0,17.98,2.5,,1,Monthly Subscription,1,14.99,,,,Unknown,Woocommerce
1409,92,16/07/2024,Haywards Heath,South East,West Sussex,GB,0,14.99,Shipping,GBP,£,2.99,0,17.98,2.5,,1,Monthly Subscription,1,14.99,,,,Unknown,Woocommerce
1254,92,16/06/2024,Haywards Heath,South East,West Sussex,GB,0,14.99,Shipping,GBP,£,2.99,0,17.98,2.5,,1,Monthly Subscription,1,14.99,,,,Unknown,Woocommerce
6243,93,15/10/2024,Derby,East Midlands,Derbyshire,GB,0,12.49,Royal Mail Second Class,GBP,£,2.99,0,17.98,2.5,SQ7734740,1,Monthly Subscription,1,12.49,,,,Unknown,Squarespace
6662,93,15/12/2024,Derby,East Midlands,Derbyshire,GB,0,12.49,Royal Mail Second Class,GBP,£,2.99,0,17.98,2.5,SQ7734740,1,Monthly Subscription,1,12.49,,,,Direct,Squarespace
6936,93,15/01/2025,Derby,East Midlands,Derbyshire,GB,0,12.49,Royal Mail Second Class,GBP,£,2.99,0,17.98,2.5,SQ7734740,1,Monthly Subscription,1,12.49,,,,Direct,Squarespace
7133,93,15/02/2025,Derby,East Midlands,Derbyshire,GB,0,12.49,Royal Mail Second Class,GBP,£,2.99,0,17.98,2.5,SQ7734740,1,Monthly Subscription,1,12.49,,,,Unknown,Squarespace
7320,93,15/03/2025,Derby,East Midlands,Derbyshire,GB,0,12.49,Royal Mail Second Class,GBP,£,2.99,0,17.98,2.5,SQ7734740,1,Monthly Subscription,1,12.49,,,,Direct,Squarespace
7572,93,15/04/2025,Derby,East Midlands,Derbyshire,GB,0,12.49,Royal Mail Second Class,GBP,£,2.99,0,17.98,2.5,SQ7734740,1,Monthly Subscription,1,12.49,,,,Unknown,Squarespace
5451,93,15/09/2024,Derby,East Midlands,Derbyshire,GB,0,12.49,Royal Mail Second Class,GBP,£,2.99,0,17.98,2.5,SQ7734740,1,Monthly Subscription,1,12.49,,,,Web admin,Woocommerce
1557,93,15/08/2024,Derby,East Midlands,Derbyshire,GB,0,14.99,Shipping,GBP,£,2.99,0,17.98,2.5,,1,Monthly Subscription,1,14.99,,,,Unknown,Woocommerce
1404,93,15/07/2024,Derby,East Midlands,Derbyshire,GB,0,14.99,Shipping,GBP,£,2.99,0,17.98,2.5,,1,Monthly Subscription,1,14.99,,,,Unknown,Woocommerce
1085,93,08/05/2024,Derby,East Midlands,Derbyshire,GB,3,19.99,Shipping,GBP,£,2.99,0,19.98,2.83,,1,One Month's Supply,1,19.99,discount,3,0,Unknown,Woocommerce
849,93,01/04/2024,Derby,East Midlands,Derbyshire,GB,9,35.98,Shipping,GBP,£,2.99,0,29.97,4.49,,1,8 Week Trial,1,35.98,discount,9,0,Unknown,Woocommerce
6766,94,31/12/2024,Leeds,Yorkshire and the Humber,,GB,0,16.66,Royal Mail Second Class,GBP,£,2.99,0,22.98,3.33,SQ9497841,1,One Month's Supply,1,16.66,,,,Unknown,Squarespace
7012,94,26/01/2025,Leeds,Yorkshire and the Humber,,GB,0,29.98,Royal Mail Second Class,GBP,£,2.99,0,38.97,6,SQ3720870,1,8 Week Trial,1,29.98,,,,Direct,Squarespace
7570,94,15/04/2025,Leeds,Yorkshire and the Humber,,GB,0,12.49,Royal Mail Second Class,GBP,£,2.99,0,17.98,2.5,SQ7734740,1,Monthly Subscription,1,12.49,,,,Organic: Google,Squarespace
7567,95,15/04/2025,Guisborough,Yorkshire and the Humber,North Yorks,GB,0,16.66,Royal Mail First Class,GBP,£,3.99,0,23.98,3.33,SQ9497841,1,One Month's Supply,1,16.66,,,,Unknown,Squarespace
6840,96,15/01/2025,Dukinfield,North West,England,GB,0,12.49,Royal Mail First Class,GBP,£,3.99,0,18.98,2.5,SQ7734740,1,Monthly Subscription,1,12.49,,,,Unknown,Squarespace
7130,96,15/02/2025,Dukinfield,North West,England,GB,0,12.49,Royal Mail First Class,GBP,£,3.99,0,18.98,2.5,SQ7734740,1,Monthly Subscription,1,12.49,,,,Direct,Squarespace
7318,96,15/03/2025,Dukinfield,North West,England,GB,0,12.49,Royal Mail First Class,GBP,£,3.99,0,18.98,2.5,SQ7734740,1,Monthly Subscription,1,12.49,,,,Unknown,Squarespace
7565,96,15/04/2025,Dukinfield,North West,England,GB,0,12.49,Royal Mail First Class,GBP,£,3.99,0,18.98,2.5,SQ7734740,1,Monthly Subscription,1,12.49,,,,Organic: Google,Squarespace
6242,97,14/10/2024,Cardiff,Wales,Caerdydd,GB,0,12.49,Shipping,GBP,£,2.99,0,17.98,2.5,SQ7734740,1,Monthly Subscription,1,12.49,,,,Unknown,Squarespace
6438,97,14/11/2024,Cardiff,Wales,Caerdydd,GB,0,12.49,Shipping,GBP,£,2.99,0,17.98,2.5,SQ7734740,1,Monthly Subscription,1,12.49,,,,Unknown,Squarespace
6659,97,14/12/2024,Cardiff,Wales,Caerdydd,GB,0,12.49,Shipping,GBP,£,2.99,0,17.98,2.5,SQ7734740,1,Monthly Subscription,1,12.49,,,,Unknown,Squarespace
6839,97,14/01/2025,Cardiff,Wales,Caerdydd,GB,0,12.49,Shipping,GBP,£,2.99,0,17.98,2.5,SQ7734740,1,Monthly Subscription,1,12.49,,,,Direct,Squarespace
7128,97,14/02/2025,Cardiff,Wales,Caerdydd,GB,0,12.49,Shipping,GBP,£,2.99,0,17.98,2.5,SQ7734740,1,Monthly Subscription,1,12.49,,,,Direct,Squarespace
7316,97,14/03/2025,Cardiff,Wales,Caerdydd,GB,0,12.49,Shipping,GBP,£,2.99,0,17.98,2.5,SQ7734740,1,Monthly Subscription,1,12.49,,,,Web admin,Squarespace
7557,97,14/04/2025,Cardiff,Wales,Caerdydd,GB,0,12.49,Shipping,GBP,£,2.99,0,17.98,2.5,SQ7734740,1,Monthly Subscription,1,12.49,,,,Direct,Squarespace
1601,97,26/08/2024,Cardiff,Wales,Caerdydd,GB,9,35.98,Shipping,GBP,£,2.99,0,29.97,4.49,,1,Two Months' Supply,1,35.98,discount,9,0,Unknown,Woocommerce
1600,97,26/08/2024,Cardiff,Wales,Caerdydd,GB,0,14.99,Shipping,GBP,£,2.99,0,17.98,2.5,,1,Monthly Subscription,1,14.99,,,,Unknown,Woocommerce
6988,98,22/01/2025,Gateshead,North East,Tyne and Wear,GB,0,29.98,Royal Mail First Class,GBP,£,3.99,0,39.97,6,SQ3720870,1,8 Week Trial,1,29.98,,,,Organic: Google,Squarespace
7554,98,13/04/2025,Gateshead,North East,Tyne and Wear,GB,0,12.49,Royal Mail First Class,GBP,£,3.99,0,18.98,2.5,SQ7734740,1,Monthly Subscription,1,12.49,,,,Web admin,Squarespace
6616,99,09/12/2024,Ambleside,North West,Cumbria,GB,0,29.98,Royal Mail Second Class,GBP,£,2.99,0,38.97,6,SQ3720870,1,8 Week Trial,1,29.98,,,,Direct,Squarespace
6153,99,05/10/2024,Elterwater,Scotland,,GB,8.33,33.32,Royal Mail First Class,GBP,£,3.99,0,33.98,5,SQ9497841,1,One Month's Supply,2,12.5,glutenfree,8.32,1.66,Direct,Squarespace
7312,99,13/03/2025,Elterwater,Scotland,CUMBRIA,GB,0,12.49,Royal Mail First Class,GBP,£,3.99,0,18.98,2.5,SQ7734740,1,Monthly Subscription,1,12.49,,,,Direct,Squarespace
7553,99,13/04/2025,Elterwater,Scotland,CUMBRIA,GB,0,12.49,Royal Mail First Class,GBP,£,3.99,0,18.98,2.5,SQ7734740,1,Monthly Subscription,1,12.49,,,,Direct,Squarespace
6232,100,13/10/2024,Harrogate,Yorkshire and the Humber,,GB,0,12.49,Royal Mail Second Class,GBP,£,2.99,0,17.98,2.5,SQ7734740,1,Monthly Subscription,1,12.49,,,,Unknown,Squarespace
6428,100,13/11/2024,Harrogate,Yorkshire and the Humber,,GB,0,12.49,Royal Mail Second Class,GBP,£,2.99,0,17.98,2.5,SQ7734740,1,Monthly Subscription,1,12.49,,,,Unknown,Squarespace
6648,100,13/12/2024,Harrogate,Yorkshire and the Humber,,GB,0,12.49,Royal Mail Second Class,GBP,£,2.99,0,17.98,2.5,SQ7734740,1,Monthly Subscription,1,12.49,,,,Direct,Squarespace
6829,100,13/01/2025,Harrogate,Yorkshire and the Humber,,GB,0,12.49,Royal Mail Second Class,GBP,£,2.99,0,17.98,2.5,SQ7734740,1,Monthly Subscription,1,12.49,,,,Direct,Squarespace
7118,100,13/02/2025,Harrogate,Yorkshire and the Humber,,GB,0,12.49,Royal Mail Second Class,GBP,£,2.99,0,17.98,2.5,SQ7734740,1,Monthly Subscription,1,12.49,,,,Direct,Squarespace
7311,100,13/03/2025,Harrogate,Yorkshire and the Humber,,GB,0,12.49,Royal Mail Second Class,GBP,£,2.99,0,17.98,2.5,SQ7734740,1,Monthly Subscription,1,12.49,,,,Direct,Squarespace
7552,100,13/04/2025,Harrogate,Yorkshire and the Humber,,GB,0,12.49,Royal Mail Second Class,GBP,£,2.99,0,17.98,2.5,SQ7734740,1,Monthly Subscription,1,12.49,,,,Direct,Squarespace
5449,100,13/09/2024,Harrogate,Yorkshire and the Humber,,GB,0,12.49,Royal Mail Second Class,GBP,£,2.99,0,17.98,2.5,SQ7734740,1,Monthly Subscription,1,12.49,,,,Web admin,Woocommerce
1547,100,13/08/2024,Harrogate,Yorkshire and the Humber,England,GB,0,14.99,Shipping,GBP,£,2.99,0,17.98,2.5,,1,Monthly Subscription,1,14.99,,,,Unknown,Woocommerce
1398,100,13/07/2024,Harrogate,Yorkshire and the Humber,England,GB,0,14.99,Shipping,GBP,£,2.99,0,17.98,2.5,,1,Monthly Subscription,1,14.99,,,,Unknown,Woocommerce
1242,100,13/06/2024,Harrogate,Yorkshire and the Humber,England,GB,0,14.99,Shipping,GBP,£,2.99,0,17.98,2.5,,1,Monthly Subscription,1,14.99,,,,Unknown,Woocommerce
1112,100,13/05/2024,Harrogate,Yorkshire and the Humber,England,GB,0,14.99,Shipping,GBP,£,2.99,0,17.98,2.5,,1,Monthly Subscription,1,14.99,,,,Unknown,Woocommerce
681,100,10/02/2024,Harrogate,Yorkshire and the Humber,England,GB,5.4,35.98,Shipping,GBP,£,2.99,0,33.57,5.09,,1,Two Months' Supply,1,35.98,discount,5.4,0,Unknown,Woocommerce
556,100,29/12/2023,Harrogate,Yorkshire and the Humber,England,GB,9,35.98,Shipping,GBP,£,2.99,0,29.97,4.49,,1,Two Months' Supply,1,35.98,discount,9,0,Unknown,Woocommerce
6109,101,29/09/2024,Southsea,South East,England,GB,0,12.49,Royal Mail First Class,GBP,£,3.99,0,18.98,2.5,SQ7734740,1,Monthly Subscription,1,12.49,,,,Unknown,Squarespace
6334,101,29/10/2024,Southsea,South East,England,GB,0,12.49,Royal Mail First Class,GBP,£,3.99,0,18.98,2.5,SQ7734740,1,Monthly Subscription,1,12.49,,,,Web admin,Squarespace
6534,101,29/11/2024,Southsea,South East,England,GB,0,12.49,Royal Mail First Class,GBP,£,3.99,0,18.98,2.5,SQ7734740,1,Monthly Subscription,1,12.49,,,,Unknown,Squarespace
7310,101,13/03/2025,Southsea,South East,England,GB,0,12.49,Royal Mail First Class,GBP,£,3.99,0,18.98,2.5,SQ7734740,1,Monthly Subscription,1,12.49,,,,Direct,Squarespace
7551,101,13/04/2025,Southsea,South East,England,GB,0,12.49,Royal Mail First Class,GBP,£,3.99,0,18.98,2.5,SQ7734740,1,Monthly Subscription,1,12.49,,,,Unknown,Squarespace
1616,101,28/08/2024,Southsea,South East,England,GB,0,14.99,Shipping,GBP,£,3.99,0,18.98,2.5,,1,Monthly Subscription,1,14.99,,,,Unknown,Woocommerce
1480,101,28/07/2024,Southsea,South East,England,GB,0,14.99,Shipping,GBP,£,3.99,0,18.98,2.5,,1,Monthly Subscription,1,14.99,,,,Unknown,Woocommerce
1328,101,28/06/2024,Southsea,South East,England,GB,0,14.99,Shipping,GBP,£,3.99,0,18.98,2.5,,1,Monthly Subscription,1,14.99,,,,Unknown,Woocommerce
1170,101,28/05/2024,Southsea,South East,England,GB,0,14.99,Shipping,GBP,£,3.99,0,18.98,2.5,,1,Monthly Subscription,1,14.99,,,,Unknown,Woocommerce
1018,101,28/04/2024,Southsea,South East,England,GB,0,14.99,Shipping,GBP,£,3.99,0,18.98,2.5,,1,Monthly Subscription,1,14.99,,,,Unknown,Woocommerce
7550,102,13/04/2025,Caerphilly,Wales,,GB,0,16.66,Royal Mail Second Class,GBP,£,2.99,0,22.98,3.33,SQ9497841,1,One Month's Supply,1,16.66,,,,Unknown,Squarespace
7307,103,12/03/2025,Chalgrove,South East,Oxfordshire,GB,0,12.49,Royal Mail Second Class,GBP,£,2.99,0,17.98,2.5,SQ7734740,1,Monthly Subscription,1,12.49,,,,Organic: Google,Squarespace
7549,103,12/04/2025,Chalgrove,South East,Oxfordshire,GB,0,12.49,Royal Mail Second Class,GBP,£,2.99,0,17.98,2.5,SQ7734740,1,Monthly Subscription,1,12.49,,,,Organic: Google,Squarespace
6421,104,12/11/2024,Bristol,South West,Bristol,GB,0,12.49,Royal Mail Second Class,GBP,£,2.99,0,17.98,2.5,SQ7734740,1,Monthly Subscription,1,12.49,,,,Unknown,Squarespace
6642,104,12/12/2024,Bristol,South West,Bristol,GB,0,12.49,Royal Mail Second Class,GBP,£,2.99,0,17.98,2.5,SQ7734740,1,Monthly Subscription,1,12.49,,,,Web admin,Squarespace
6826,104,12/01/2025,Bristol,South West,Bristol,GB,0,12.49,Royal Mail Second Class,GBP,£,2.99,0,17.98,2.5,SQ7734740,1,Monthly Subscription,1,12.49,,,,Organic: Google,Squarespace
7116,104,12/02/2025,Bristol,South West,Bristol,GB,0,12.49,Royal Mail Second Class,GBP,£,2.99,0,17.98,2.5,SQ7734740,1,Monthly Subscription,1,12.49,,,,Organic: Google,Squarespace
7306,104,12/03/2025,Bristol,South West,Bristol,GB,0,12.49,Royal Mail Second Class,GBP,£,2.99,0,17.98,2.5,SQ7734740,1,Monthly Subscription,1,12.49,,,,Unknown,Squarespace
7548,104,12/04/2025,Bristol,South West,Bristol,GB,0,12.49,Royal Mail Second Class,GBP,£,2.99,0,17.98,2.5,SQ7734740,1,Monthly Subscription,1,12.49,,,,Referral: M.facebook.com,Squarespace
1548,104,14/08/2024,Bristol,South West,Bristol,GB,9,35.98,Shipping,GBP,£,2.99,0,29.97,4.49,,1,Two Months' Supply,1,35.98,discount,9,0,Unknown,Woocommerce
6227,105,12/10/2024,Cambridge,East of England,,GB,0,12.49,Royal Mail First Class,GBP,£,3.99,0,18.98,2.5,SQ7734740,1,Monthly Subscription,1,12.49,,,,Direct,Squarespace
6420,105,12/11/2024,Cambridge,East of England,,GB,0,12.49,Royal Mail First Class,GBP,£,3.99,0,18.98,2.5,SQ7734740,1,Monthly Subscription,1,12.49,,,,Unknown,Squarespace
6641,105,12/12/2024,Cambridge,East of England,,GB,0,12.49,Royal Mail First Class,GBP,£,3.99,0,18.98,2.5,SQ7734740,1,Monthly Subscription,1,12.49,,,,Unknown,Squarespace
6825,105,12/01/2025,Cambridge,East of England,,GB,0,12.49,Royal Mail First Class,GBP,£,3.99,0,18.98,2.5,SQ7734740,1,Monthly Subscription,1,12.49,,,,Organic: Google,Squarespace
7115,105,12/02/2025,Cambridge,East of England,,GB,0,12.49,Royal Mail First Class,GBP,£,3.99,0,18.98,2.5,SQ7734740,1,Monthly Subscription,1,12.49,,,,Web admin,Squarespace
7305,105,12/03/2025,Cambridge,East of England,,GB,0,12.49,Royal Mail First Class,GBP,£,3.99,0,18.98,2.5,SQ7734740,1,Monthly Subscription,1,12.49,,,,Unknown,Squarespace
7547,105,12/04/2025,Cambridge,East of England,,GB,0,12.49,Royal Mail First Class,GBP,£,3.99,0,18.98,2.5,SQ7734740,1,Monthly Subscription,1,12.49,,,,Direct,Squarespace
5296,105,12/09/2024,Cambridge,East of England,,GB,0,12.49,Royal Mail First Class,GBP,£,3.99,0,18.98,2.5,SQ7734740,1,Monthly Subscription,1,12.49,,,,Web admin,Woocommerce
1543,105,12/08/2024,Cambridge,East of England,England,GB,0,14.99,Shipping,GBP,£,3.99,0,18.98,2.5,,1,Monthly Subscription,1,14.99,,,,Unknown,Woocommerce
1394,105,12/07/2024,Cambridge,East of England,England,GB,0,14.99,Shipping,GBP,£,3.99,0,18.98,2.5,,1,Monthly Subscription,1,14.99,,,,Unknown,Woocommerce
1239,105,12/06/2024,Cambridge,East of England,England,GB,0,14.99,Shipping,GBP,£,3.99,0,18.98,2.5,,1,Monthly Subscription,1,14.99,,,,Unknown,Woocommerce
898,105,16/04/2024,Cambridge,East of England,,GB,0,35.98,Shipping,GBP,£,3.99,0,39.97,5.99,,1,8 Week Trial,1,35.98,,,,Unknown,Woocommerce
6226,106,12/10/2024,Somerton,South West,Somerset,GB,0,12.49,Royal Mail Second Class,GBP,£,2.99,0,17.98,2.5,SQ7734740,1,Monthly Subscription,1,12.49,,,,Unknown,Squarespace
6419,106,12/11/2024,Somerton,South West,Somerset,GB,0,12.49,Royal Mail Second Class,GBP,£,2.99,0,17.98,2.5,SQ7734740,1,Monthly Subscription,1,12.49,,,,Direct,Squarespace
6640,106,12/12/2024,Somerton,South West,Somerset,GB,0,12.49,Royal Mail Second Class,GBP,£,2.99,0,17.98,2.5,SQ7734740,1,Monthly Subscription,1,12.49,,,,Direct,Squarespace
6824,106,12/01/2025,Somerton,South West,Somerset,GB,0,12.49,Royal Mail Second Class,GBP,£,2.99,0,17.98,2.5,SQ7734740,1,Monthly Subscription,1,12.49,,,,Direct,Squarespace
7114,106,12/02/2025,Somerton,South West,Somerset,GB,0,12.49,Royal Mail Second Class,GBP,£,2.99,0,17.98,2.5,SQ7734740,1,Monthly Subscription,1,12.49,,,,Direct,Squarespace
7304,106,12/03/2025,Somerton,South West,Somerset,GB,0,12.49,Royal Mail Second Class,GBP,£,2.99,0,17.98,2.5,SQ7734740,1,Monthly Subscription,1,12.49,,,,Unknown,Squarespace
7546,106,12/04/2025,Somerton,South West,Somerset,GB,0,12.49,Royal Mail Second Class,GBP,£,2.99,0,17.98,2.5,SQ7734740,1,Monthly Subscription,1,12.49,,,,Unknown,Squarespace
5295,106,12/09/2024,Somerton,South West,Somerset,GB,0,12.49,Royal Mail Second Class,GBP,£,2.99,0,17.98,2.5,SQ7734740,1,Monthly Subscription,1,12.49,,,,Web admin,Woocommerce
1544,106,12/08/2024,Somerton,South West,Somerset,GB,0,14.99,Shipping,GBP,£,2.99,0,17.98,2.5,,1,Monthly Subscription,1,14.99,,,,Unknown,Woocommerce
1395,106,12/07/2024,Somerton,South West,Somerset,GB,0,14.99,Shipping,GBP,£,2.99,0,17.98,2.5,,1,Monthly Subscription,1,14.99,,,,Unknown,Woocommerce
1240,106,12/06/2024,Somerton,South West,Somerset,GB,0,14.99,Shipping,GBP,£,2.99,0,17.98,2.5,,1,Monthly Subscription,1,14.99,,,,Unknown,Woocommerce
1109,106,12/05/2024,Somerton,South West,Somerset,GB,0,14.99,Shipping,GBP,£,2.99,0,17.98,2.5,,1,Monthly Subscription,1,14.99,,,,Unknown,Woocommerce
888,106,12/04/2024,Somerton,South West,Somerset,GB,0,14.99,Shipping,GBP,£,2.99,0,17.98,2.5,,1,Monthly Subscription,1,14.99,,,,Unknown,Woocommerce
778,106,12/03/2024,Somerton,South West,Somerset,GB,0,14.99,Shipping,GBP,£,2.99,0,17.98,2.5,,1,Monthly Subscription,1,14.99,,,,Unknown,Woocommerce
688,106,12/02/2024,Somerton,South West,Somerset,GB,0,14.99,Shipping,GBP,£,2.99,0,17.98,2.5,,1,Monthly Subscription,1,14.99,,,,Unknown,Woocommerce
602,106,12/01/2024,Somerton,South West,Somerset,GB,0,14.99,Shipping,GBP,£,2.99,0,17.98,2.5,,1,Monthly Subscription,1,14.99,,,,Unknown,Woocommerce
523,106,12/12/2023,Somerton,South West,Somerset,GB,0,14.99,Shipping,GBP,£,2.99,0,17.98,2.5,,1,Monthly Subscription,1,14.99,,,,Unknown,Woocommerce
451,106,12/11/2023,Somerton,South West,Somerset,GB,0,14.99,Shipping,GBP,£,2.99,0,17.98,2.5,,1,Monthly Subscription,1,14.99,,,,Unknown,Woocommerce
380,106,12/10/2023,Somerton,South West,Somerset,GB,0,14.99,Shipping,GBP,£,2.99,0,17.98,2.5,,1,Monthly Subscription,1,14.99,,,,Unknown,Woocommerce
289,106,18/08/2023,Somerton,South West,Somerset,GB,9,35.98,Shipping,GBP,£,3.99,0,30.97,4.49,,1,Two Months' Supply,1,35.98,discount,9,0,Unknown,Woocommerce
6474,107,19/11/2024,Harpenden,South East,Hertfordshire,GB,0,29.98,Royal Mail Second Class,GBP,£,2.99,0,38.97,6,SQ3720870,1,8 Week Trial,1,29.98,,,,Direct,Squarespace
6811,107,09/01/2025,Harpenden,South East,Hertfordshire,GB,0,29.98,Royal Mail Second Class,GBP,£,2.99,0,38.97,6,SQ3720870,1,8 Week Trial,1,29.98,,,,Unknown,Squarespace
7301,107,12/03/2025,Harpenden,South East,Hertfordshire,GB,0,12.49,Royal Mail Second Class,GBP,£,2.99,0,17.98,2.5,SQ7734740,1,Monthly Subscription,1,12.49,,,,Referral: M.facebook.com,Squarespace
7545,107,12/04/2025,Harpenden,South East,Hertfordshire,GB,0,12.49,Royal Mail Second Class,GBP,£,2.99,0,17.98,2.5,SQ7734740,1,Monthly Subscription,1,12.49,,,,Unknown,Squarespace
6224,108,12/10/2024,Golcar,Yorkshire and the Humber,West Yorkshire,GB,0,12.49,Royal Mail Second Class,GBP,£,2.99,0,17.98,2.5,SQ7734740,1,Monthly Subscription,1,12.49,,,,Unknown,Squarespace
6418,108,12/11/2024,Golcar,Yorkshire and the Humber,West Yorkshire,GB,0,12.49,Royal Mail Second Class,GBP,£,2.99,0,17.98,2.5,SQ7734740,1,Monthly Subscription,1,12.49,,,,Direct,Squarespace
6639,108,12/12/2024,Golcar,Yorkshire and the Humber,West Yorkshire,GB,0,12.49,Royal Mail Second Class,GBP,£,2.99,0,17.98,2.5,SQ7734740,1,Monthly Subscription,1,12.49,,,,Direct,Squarespace
6823,108,12/01/2025,Golcar,Yorkshire and the Humber,West Yorkshire,GB,0,12.49,Royal Mail Second Class,GBP,£,2.99,0,17.98,2.5,SQ7734740,1,Monthly Subscription,1,12.49,,,,Unknown,Squarespace
7113,108,12/02/2025,Golcar,Yorkshire and the Humber,West Yorkshire,GB,0,12.49,Royal Mail Second Class,GBP,£,2.99,0,17.98,2.5,SQ7734740,1,Monthly Subscription,1,12.49,,,,Direct,Squarespace
7300,108,12/03/2025,Golcar,Yorkshire and the Humber,West Yorkshire,GB,0,12.49,Royal Mail Second Class,GBP,£,2.99,0,17.98,2.5,SQ7734740,1,Monthly Subscription,1,12.49,,,,Direct,Squarespace
7544,108,12/04/2025,Golcar,Yorkshire and the Humber,West Yorkshire,GB,0,12.49,Royal Mail Second Class,GBP,£,2.99,0,17.98,2.5,SQ7734740,1,Monthly Subscription,1,12.49,,,,Organic: Google,Squarespace
5234,108,12/09/2024,Golcar,Yorkshire and the Humber,West Yorkshire,GB,0,12.49,Royal Mail Second Class,GBP,£,2.99,0,17.98,2.5,SQ7734740,1,Monthly Subscription,1,12.49,,,,Organic: Google,Woocommerce
1527,108,09/08/2024,Golcar,Yorkshire and the Humber,West Yorkshire,GB,0,14.99,Shipping,GBP,£,2.99,0,17.98,2.5,,1,Monthly Subscription,1,14.99,,,,Unknown,Woocommerce
6820,109,11/01/2025,Boughton,East Midlands,Northamptonshire8,GB,0,12.49,Royal Mail Second Class,GBP,£,2.99,0,17.98,2.5,SQ7734740,1,Monthly Subscription,1,12.49,,,,Web admin,Squarespace
7110,109,11/02/2025,Boughton,East Midlands,Northamptonshire8,GB,0,12.49,Royal Mail Second Class,GBP,£,2.99,0,17.98,2.5,SQ7734740,1,Monthly Subscription,1,12.49,,,,Unknown,Squarespace
7299,109,11/03/2025,Boughton,East Midlands,Northamptonshire8,GB,0,12.49,Royal Mail Second Class,GBP,£,2.99,0,17.98,2.5,SQ7734740,1,Monthly Subscription,1,12.49,,,,Unknown,Squarespace
7543,109,11/04/2025,Boughton,East Midlands,Northamptonshire8,GB,0,12.49,Royal Mail Second Class,GBP,£,2.99,0,17.98,2.5,SQ7734740,1,Monthly Subscription,1,12.49,,,,Unknown,Squarespace
6220,110,11/10/2024,Leeds,Yorkshire and the Humber,Select...,GB,0,12.49,Shipping,GBP,£,2.99,0,17.98,2.5,SQ7734740,1,Monthly Subscription,1,12.49,,,,Direct,Squarespace
6416,110,11/11/2024,Leeds,Yorkshire and the Humber,Select...,GB,0,12.49,Shipping,GBP,£,2.99,0,17.98,2.5,SQ7734740,1,Monthly Subscription,1,12.49,,,,Direct,Squarespace
6632,110,11/12/2024,Leeds,Yorkshire and the Humber,Select...,GB,0,12.49,Shipping,GBP,£,2.99,0,17.98,2.5,SQ7734740,1,Monthly Subscription,1,12.49,,,,Direct,Squarespace
6819,110,11/01/2025,Leeds,Yorkshire and the Humber,Select...,GB,0,12.49,Shipping,GBP,£,2.99,0,17.98,2.5,SQ7734740,1,Monthly Subscription,1,12.49,,,,Organic: Google,Squarespace
7108,110,11/02/2025,Leeds,Yorkshire and the Humber,Select...,GB,0,12.49,Shipping,GBP,£,2.99,0,17.98,2.5,SQ7734740,1,Monthly Subscription,1,12.49,,,,Direct,Squarespace
7296,110,11/03/2025,Leeds,Yorkshire and the Humber,Select...,GB,0,12.49,Shipping,GBP,£,2.99,0,17.98,2.5,SQ7734740,1,Monthly Subscription,1,12.49,,,,Organic: Google,Squarespace
7542,110,11/04/2025,Leeds,Yorkshire and the Humber,Select...,GB,0,12.49,Shipping,GBP,£,2.99,0,17.98,2.5,SQ7734740,1,Monthly Subscription,1,12.49,,,,Direct,Squarespace
1665,110,10/09/2024,Leeds,Yorkshire and the Humber,Select...,GB,0,14.99,Shipping,GBP,£,2.99,0,17.98,0,,1,Monthly Subscription,1,14.99,,,,Unknown,Woocommerce
1043,110,30/04/2024,Leeds,Yorkshire and the Humber,Select...,GB,0,39.98,Shipping,GBP,£,2.99,0,42.97,6.66,,1,One Month's Supply,2,19.99,,,,Unknown,Woocommerce
560,110,01/01/2024,Leeds,Yorkshire and the Humber,West Yorkshire,GB,9,35.98,Shipping,GBP,£,2.99,0,29.97,4.49,,1,Two Months' Supply,1,35.98,discount,9,0,Unknown,Woocommerce
7541,111,11/04/2025,Leamington Spa,West Midlands,Warwickshire,GB,0,29.98,Royal Mail Second Class,GBP,£,2.99,0,38.97,6,SQ3720870,1,8 Week Trial,1,29.98,,,,Web admin,Squarespace
6219,112,11/10/2024,Bristol,South West,,GB,0,12.49,Royal Mail Second Class,GBP,£,2.99,0,17.98,2.5,SQ7734740,1,Monthly Subscription,1,12.49,,,,Direct,Squarespace
6415,112,11/11/2024,Bristol,South West,,GB,0,12.49,Royal Mail Second Class,GBP,£,2.99,0,17.98,2.5,SQ7734740,1,Monthly Subscription,1,12.49,,,,Web admin,Squarespace
6562,112,02/12/2024,Bristol,South West,Bristol,GB,8.991667,29.98,Royal Mail Second Class,GBP,£,2.99,0,28.18,4.2,SQ3720870,1,8 Week Trial,1,20.99,calmfri30,8.99,1.8,Unknown,Squarespace
6631,112,11/12/2024,Bristol,South West,,GB,0,12.49,Royal Mail Second Class,GBP,£,2.99,0,17.98,2.5,SQ7734740,1,Monthly Subscription,1,12.49,,,,Direct,Squarespace
6818,112,11/01/2025,Bristol,South West,,GB,0,12.49,Royal Mail Second Class,GBP,£,2.99,0,17.98,2.5,SQ7734740,1,Monthly Subscription,1,12.49,,,,Organic: Google,Squarespace
7107,112,11/02/2025,Bristol,South West,,GB,0,12.49,Royal Mail Second Class,GBP,£,2.99,0,17.98,2.5,SQ7734740,1,Monthly Subscription,1,12.49,,,,Unknown,Squarespace
7229,112,26/02/2025,Bristol,South West,,GB,0,16.66,Royal Mail Second Class,GBP,£,2.99,0,22.98,3.33,SQ9497841,1,One Month's Supply,1,16.66,,,,Organic: Google,Squarespace
7295,112,11/03/2025,Bristol,South West,,GB,0,12.49,Royal Mail Second Class,GBP,£,2.99,0,17.98,2.5,SQ7734740,1,Monthly Subscription,1,12.49,,,,Unknown,Squarespace
7516,112,06/04/2025,Bristol,South West,,GB,0,16.66,Royal Mail First Class,GBP,£,3.99,0,23.98,3.33,SQ9497841,1,One Month's Supply,1,16.66,,,,Unknown,Squarespace
7540,112,11/04/2025,Bristol,South West,,GB,0,12.49,Royal Mail Second Class,GBP,£,2.99,0,17.98,2.5,SQ7734740,1,Monthly Subscription,1,12.49,,,,Referral: Bing.com,Squarespace
1650,112,06/09/2024,Bristol,South West,,GB,0,19.99,Shipping,GBP,£,3.99,0,23.98,3.33,,1,One Month's Supply,1,19.99,,,,Unknown,Woocommerce
5062,112,11/09/2024,Bristol,South West,,GB,0,12.49,Royal Mail Second Class,GBP,£,2.99,0,17.98,2.5,SQ7734740,1,Monthly Subscription,1,12.49,,,,Web admin,Woocommerce
1536,112,11/08/2024,Bristol,South West,,GB,0,14.99,Shipping,GBP,£,2.99,0,17.98,2.5,,1,Monthly Subscription,1,14.99,,,,Unknown,Woocommerce
1390,112,11/07/2024,Bristol,South West,,GB,0,14.99,Shipping,GBP,£,2.99,0,17.98,2.5,,1,Monthly Subscription,1,14.99,,,,Unknown,Woocommerce
1188,112,03/06/2024,Bristol,South West,,GB,9,35.98,Shipping,GBP,£,3.99,0,30.97,4.49,,1,Two Months' Supply,1,35.98,discount,9,0,Unknown,Woocommerce
6217,113,11/10/2024,Great Ellingham,East of England,Norfolk,GB,0,12.49,Royal Mail Second Class,GBP,£,2.99,0,17.98,2.5,SQ7734740,1,Monthly Subscription,1,12.49,,,,Organic: Google,Squarespace
6414,113,11/11/2024,Great Ellingham,East of England,Norfolk,GB,0,12.49,Royal Mail Second Class,GBP,£,2.99,0,17.98,2.5,SQ7734740,1,Monthly Subscription,1,12.49,,,,Direct,Squarespace
6630,113,11/12/2024,Great Ellingham,East of England,Norfolk,GB,0,12.49,Royal Mail Second Class,GBP,£,2.99,0,17.98,2.5,SQ7734740,1,Monthly Subscription,1,12.49,,,,Direct,Squarespace
6815,113,11/01/2025,Great Ellingham,East of England,Norfolk,GB,0,12.49,Royal Mail Second Class,GBP,£,2.99,0,17.98,2.5,SQ7734740,1,Monthly Subscription,1,12.49,,,,Direct,Squarespace
7105,113,11/02/2025,Great Ellingham,East of England,Norfolk,GB,0,12.49,Royal Mail Second Class,GBP,£,2.99,0,17.98,2.5,SQ7734740,1,Monthly Subscription,1,12.49,,,,Unknown,Squarespace
7293,113,11/03/2025,Great Ellingham,East of England,Norfolk,GB,0,12.49,Royal Mail Second Class,GBP,£,2.99,0,17.98,2.5,SQ7734740,1,Monthly Subscription,1,12.49,,,,Organic: Google,Squarespace
7539,113,11/04/2025,Great Ellingham,East of England,Norfolk,GB,0,12.49,Royal Mail Second Class,GBP,£,2.99,0,17.98,2.5,SQ7734740,1,Monthly Subscription,1,12.49,,,,Unknown,Squarespace
1688,113,16/09/2024,Great Ellingham,East of England,Norfolk,GB,0,19.99,Shipping,GBP,£,3.99,0,23.98,3.33,,1,One Month's Supply,1,19.99,,,,Unknown,Woocommerce
1524,113,09/08/2024,Great Ellingham,East of England,Norfolk,GB,0,19.99,Shipping,GBP,£,2.99,0,22.98,3.33,,1,One Month's Supply,1,19.99,,,,Unknown,Woocommerce
1402,113,15/07/2024,Great Ellingham,East of England,Norfolk,GB,0,19.99,Shipping,GBP,£,2.99,0,22.98,3.33,,1,One Month's Supply,1,19.99,,,,Unknown,Woocommerce
931,113,23/04/2024,Great Ellingham,East of England,Norfolk,GB,0,35.98,Shipping,GBP,£,3.99,0,39.97,5.99,,1,8 Week Trial,1,35.98,,,,Unknown,Woocommerce
6249,114,16/10/2024,Gloucester,South West,England,GB,0,12.49,Shipping,GBP,£,2.99,0,17.98,2.5,SQ7734740,1,Monthly Subscription,1,12.49,,,,Organic: Google,Squarespace
6450,114,16/11/2024,Gloucester,South West,England,GB,0,12.49,Shipping,GBP,£,2.99,0,17.98,2.5,SQ7734740,1,Monthly Subscription,1,12.49,,,,Organic: Google,Squarespace
6629,114,11/12/2024,Gloucester,South West,England,GB,0,12.49,Shipping,GBP,£,2.99,0,17.98,2.5,SQ7734740,1,Monthly Subscription,1,12.49,,,,Direct,Squarespace
6814,114,11/01/2025,Gloucester,South West,England,GB,0,12.49,Shipping,GBP,£,2.99,0,17.98,2.5,SQ7734740,1,Monthly Subscription,1,12.49,,,,Organic: Google,Squarespace
7104,114,11/02/2025,Gloucester,South West,England,GB,0,12.49,Shipping,GBP,£,2.99,0,17.98,2.5,SQ7734740,1,Monthly Subscription,1,12.49,,,,Organic: Google,Squarespace
7292,114,11/03/2025,Gloucester,South West,England,GB,0,12.49,Shipping,GBP,£,2.99,0,17.98,2.5,SQ7734740,1,Monthly Subscription,1,12.49,,,,Organic: Google,Squarespace
7538,114,11/04/2025,Gloucester,South West,England,GB,0,12.49,Shipping,GBP,£,2.99,0,17.98,2.5,SQ7734740,1,Monthly Subscription,1,12.49,,,,Source: Customer_notification,Squarespace
1683,114,15/09/2024,Gloucester,South West,County,GB,0,14.99,Shipping,GBP,£,2.99,0,17.98,0,,1,Monthly Subscription,1,14.99,,,,Unknown,Woocommerce
1413,114,16/07/2024,Gloucester,South West,England,GB,0,35.98,Shipping,GBP,£,2.99,0,38.97,5.99,,1,Two Months' Supply,1,35.98,,,,Unknown,Woocommerce
752,114,03/03/2024,Gloucester,South West,County,GB,0,35.98,Shipping,GBP,£,2.99,0,38.97,5.99,,1,Two Months' Supply,1,35.98,,,,Unknown,Woocommerce
564,114,02/01/2024,Gloucester,South West,County,GB,0,35.98,Shipping,GBP,£,2.99,0,38.97,5.99,,1,8 Week Trial,1,35.98,,,,Unknown,Woocommerce
6440,115,15/11/2024,Osrblie,Slovakia,,SK,0,35.56,Royal Mail International Standard,EUR,€,8.28986,0,50.96,7.11,SQ3720870,1,8 Week Trial,1,35.56,,,,Unknown,Squarespace
6938,115,16/01/2025,Osrblie,Slovakia,,SK,0,35.56,Royal Mail International Standard,EUR,€,8.28986,0,50.96,7.11,SQ3720870,1,8 Week Trial,1,35.56,,,,Direct,Squarespace
7537,115,11/04/2025,Osrblie,Slovakia,,SK,0,35.56,Royal Mail International Standard,EUR,€,8.28986,0,50.96,7.11,SQ3720870,1,8 Week Trial,1,35.56,,,,Web admin,Squarespace
7536,116,10/04/2025,Burton In Lonsdale,North West,North Yorkshire,GB,0,16.66,Royal Mail First Class,GBP,£,3.99,0,23.98,3.33,SQ9497841,1,One Month's Supply,1,16.66,,,,Direct,Squarespace
6355,116,02/11/2024,Saxilby,East Midlands,LINCOLNSHIRE,GB,0,29.98,Royal Mail Second Class,GBP,£,2.99,0,38.97,6,SQ3720870,1,8 Week Trial,1,29.98,,,,Unknown,Squarespace
6554,116,29/11/2024,Saxilby,East Midlands,,GB,0,12.49,Royal Mail Second Class,GBP,£,2.99,0,17.98,2.5,SQ7734740,1,Monthly Subscription,1,12.49,,,,Direct,Squarespace
6752,116,29/12/2024,Saxilby,East Midlands,,GB,0,12.49,Royal Mail Second Class,GBP,£,2.99,0,17.98,2.5,SQ7734740,1,Monthly Subscription,1,12.49,,,,Organic: Google,Squarespace
7035,116,29/01/2025,Saxilby,East Midlands,,GB,0,12.49,Royal Mail Second Class,GBP,£,2.99,0,17.98,2.5,SQ7734740,1,Monthly Subscription,1,12.49,,,,Organic: Google,Squarespace
7244,116,28/02/2025,Saxilby,East Midlands,,GB,0,12.49,Royal Mail Second Class,GBP,£,2.99,0,17.98,2.5,SQ7734740,1,Monthly Subscription,1,12.49,,,,Direct,Squarespace
7471,116,31/03/2025,Saxilby,East Midlands,,GB,0,12.49,Royal Mail Second Class,GBP,£,2.99,0,17.98,2.5,SQ7734740,1,Monthly Subscription,1,12.49,,,,Organic: Google,Squarespace
6188,117,10/10/2024,East Budleigh,South West,AL,GB,0,12.49,Royal Mail Second Class,GBP,£,2.99,0,17.98,2.5,SQ7734740,1,Monthly Subscription,1,12.49,,,,Unknown,Squarespace
6412,117,10/11/2024,East Budleigh,South West,AL,GB,0,12.49,Royal Mail Second Class,GBP,£,2.99,0,17.98,2.5,SQ7734740,1,Monthly Subscription,1,12.49,,,,Unknown,Squarespace
6619,117,10/12/2024,East Budleigh,South West,AL,GB,0,12.49,Royal Mail Second Class,GBP,£,2.99,0,17.98,2.5,SQ7734740,1,Monthly Subscription,1,12.49,,,,Organic: Google,Squarespace
6813,117,10/01/2025,East Budleigh,South West,AL,GB,0,12.49,Royal Mail Second Class,GBP,£,2.99,0,17.98,2.5,SQ7734740,1,Monthly Subscription,1,12.49,,,,Direct,Squarespace
7097,117,10/02/2025,East Budleigh,South West,AL,GB,0,12.49,Royal Mail Second Class,GBP,£,2.99,0,17.98,2.5,SQ7734740,1,Monthly Subscription,1,12.49,,,,Web admin,Squarespace
7290,117,10/03/2025,East Budleigh,South West,AL,GB,0,12.49,Royal Mail Second Class,GBP,£,2.99,0,17.98,2.5,SQ7734740,1,Monthly Subscription,1,12.49,,,,Unknown,Squarespace
7535,117,10/04/2025,East Budleigh,South West,AL,GB,0,12.49,Royal Mail Second Class,GBP,£,2.99,0,17.98,2.5,SQ7734740,1,Monthly Subscription,1,12.49,,,,Direct,Squarespace
1531,117,10/08/2024,East Budleigh,South West,,GB,0,35.98,Shipping,GBP,£,2.99,0,38.97,5.99,,1,8 Week Trial,1,35.98,,,,Unknown,Woocommerce
6320,118,27/10/2024,Norwich,East of England,England,GB,0,12.49,Royal Mail Second Class,GBP,£,2.99,0,17.98,2.5,SQ7734740,1,Monthly Subscription,1,12.49,,,,Unknown,Squarespace
6521,118,27/11/2024,Norwich,East of England,England,GB,0,12.49,Royal Mail Second Class,GBP,£,2.99,0,17.98,2.5,SQ7734740,1,Monthly Subscription,1,12.49,,,,Direct,Squarespace
6741,118,27/12/2024,Norwich,East of England,England,GB,0,12.49,Royal Mail Second Class,GBP,£,2.99,0,17.98,2.5,SQ7734740,1,Monthly Subscription,1,12.49,,,,Organic: Google,Squarespace
7022,118,27/01/2025,Norwich,East of England,England,GB,0,12.49,Royal Mail Second Class,GBP,£,2.99,0,17.98,2.5,SQ7734740,1,Monthly Subscription,1,12.49,,,,Source: Trustpilot,Squarespace
7533,118,09/04/2025,Norwich,East of England,England,GB,0,12.49,Royal Mail Second Class,GBP,£,2.99,0,17.98,2.5,SQ7734740,1,Monthly Subscription,1,12.49,,,,Referral: Duckduckgo.com,Squarespace
467,118,18/11/2023,Norwich,East of England,England,GB,9,35.98,Shipping,GBP,£,2.99,0,29.97,4.49,,1,Two Months' Supply,1,35.98,discount,9,0,Unknown,Woocommerce
6182,119,09/10/2024,Churchill,South West,North Somerset,GB,0,12.49,Shipping,GBP,£,2.99,0,17.98,2.5,SQ7734740,1,Monthly Subscription,1,12.49,,,,Direct,Squarespace
6409,119,09/11/2024,Churchill,South West,North Somerset,GB,0,12.49,Shipping,GBP,£,2.99,0,17.98,2.5,SQ7734740,1,Monthly Subscription,1,12.49,,,,Web admin,Squarespace
6614,119,09/12/2024,Churchill,South West,North Somerset,GB,0,12.49,Shipping,GBP,£,2.99,0,17.98,2.5,SQ7734740,1,Monthly Subscription,1,12.49,,,,Unknown,Squarespace
6810,119,09/01/2025,Churchill,South West,North Somerset,GB,0,12.49,Shipping,GBP,£,2.99,0,17.98,2.5,SQ7734740,1,Monthly Subscription,1,12.49,,,,Organic: Google,Squarespace
7095,119,09/02/2025,Churchill,South West,North Somerset,GB,0,12.49,Shipping,GBP,£,2.99,0,17.98,2.5,SQ7734740,1,Monthly Subscription,1,12.49,,,,Direct,Squarespace
7288,119,09/03/2025,Churchill,South West,North Somerset,GB,0,12.49,Shipping,GBP,£,2.99,0,17.98,2.5,SQ7734740,1,Monthly Subscription,1,12.49,,,,Source: Customer_notification,Squarespace
7532,119,09/04/2025,Churchill,South West,North Somerset,GB,0,12.49,Shipping,GBP,£,2.99,0,17.98,2.5,SQ7734740,1,Monthly Subscription,1,12.49,,,,Direct,Squarespace
1654,119,07/09/2024,Churchill,South West,North Somerset,GB,0,14.99,Shipping,GBP,£,2.99,0,17.98,0,,1,Monthly Subscription,1,14.99,,,,Unknown,Woocommerce
1136,119,21/05/2024,Churchill,South West,North Somerset,GB,9,35.98,Shipping,GBP,£,3.99,0,30.97,4.49,,1,8 Week Trial,1,35.98,discount,9,0,Unknown,Woocommerce
7531,120,09/04/2025,Rossett,Wales,Wrexham County Borough,GB,0,29.98,Royal Mail First Class,GBP,£,3.99,0,39.97,6,SQ3720870,1,8 Week Trial,1,29.98,,,,Web admin,Squarespace
7315,120,14/03/2025,Rossett Wrexham,Wales,,GB,0,16.66,Royal Mail Second Class,GBP,£,2.99,0,22.98,3.33,SQ9497841,1,One Month's Supply,1,16.66,,,,Unknown,Squarespace
6215,121,10/10/2024,Bristol,South West,,GB,0,29.98,Royal Mail Second Class,GBP,£,2.99,0,38.97,6,SQ3720870,1,8 Week Trial,1,29.98,,,,Unknown,Squarespace
6586,121,04/12/2024,Bristol,South West,,GB,0,29.98,Royal Mail Second Class,GBP,£,2.99,0,38.97,6,SQ3720870,1,8 Week Trial,1,29.98,,,,Organic: Google,Squarespace
7069,121,04/02/2025,Bristol,South West,,GB,0,29.98,Royal Mail Second Class,GBP,£,2.99,0,38.97,6,SQ3720870,1,8 Week Trial,1,29.98,,,,Unknown,Squarespace
7529,121,08/04/2025,Bristol,South West,,GB,0,59.97,Royal Mail Second Class,GBP,£,2.99,0,74.95,11.99,SQ3720870,1,8 Week Trial,2,29.98,,,,Organic: Google,Squarespace
1453,121,24/07/2024,Bristol,South West,,GB,0,35.98,Shipping,GBP,£,2.99,0,38.97,5.99,,1,Two Months' Supply,1,35.98,,,,Unknown,Woocommerce
1173,121,28/05/2024,Bristol,South West,,GB,0,35.98,Shipping,GBP,£,2.99,0,38.97,5.99,,1,Two Months' Supply,1,35.98,,,,Unknown,Woocommerce
5846,122,22/09/2024,Belfast,Northern Ireland,,GB,0,16.66,Royal Mail Second Class,GBP,£,2.99,0,22.98,3.33,SQ9497841,1,One Month's Supply,1,16.66,,,,Unknown,Squarespace
6261,122,17/10/2024,Belfast,Northern Ireland,,GB,7.491667,29.98,Royal Mail Second Class,GBP,£,2.99,0,29.98,4.5,SQ3720870,1,8 Week Trial,1,22.49,calm1,7.49,1.5,Unknown,Squarespace
7093,122,08/02/2025,Belfast,Northern Ireland,,GB,0,12.49,Royal Mail Second Class,GBP,£,2.99,0,17.98,2.5,SQ7734740,1,Monthly Subscription,1,12.49,,,,Source: Customer_notification,Squarespace
7286,122,08/03/2025,Belfast,Northern Ireland,,GB,0,12.49,Royal Mail Second Class,GBP,£,2.99,0,17.98,2.5,SQ7734740,1,Monthly Subscription,1,12.49,,,,Direct,Squarespace
7526,122,08/04/2025,Belfast,Northern Ireland,,GB,0,12.49,Royal Mail Second Class,GBP,£,2.99,0,17.98,2.5,SQ7734740,1,Monthly Subscription,1,12.49,,,,Direct,Squarespace
5670,123,07/09/2024,Bristol,South West,Avon,GB,0,12.49,Royal Mail Second Class,GBP,£,2.99,0,17.98,2.5,SQ7734740,1,Monthly Subscription,1,12.49,,,,Direct,Squarespace
6178,123,08/10/2024,Bristol,South West,Avon,GB,0,12.49,Royal Mail Second Class,GBP,£,2.99,0,17.98,2.5,SQ7734740,1,Monthly Subscription,1,12.49,,,,Unknown,Squarespace
6400,123,08/11/2024,Bristol,South West,Avon,GB,0,12.49,Royal Mail Second Class,GBP,£,2.99,0,17.98,2.5,SQ7734740,1,Monthly Subscription,1,12.49,,,,Direct,Squarespace
6610,123,08/12/2024,Bristol,South West,Avon,GB,0,12.49,Royal Mail Second Class,GBP,£,2.99,0,17.98,2.5,SQ7734740,1,Monthly Subscription,1,12.49,,,,Organic: Google,Squarespace
6799,123,08/01/2025,Bristol,South West,Avon,GB,0,12.49,Royal Mail Second Class,GBP,£,2.99,0,17.98,2.5,SQ7734740,1,Monthly Subscription,1,12.49,,,,Unknown,Squarespace
7086,123,08/02/2025,Bristol,South West,Avon,GB,0,12.49,Royal Mail Second Class,GBP,£,2.99,0,17.98,2.5,SQ7734740,1,Monthly Subscription,1,12.49,,,,Web admin,Squarespace
7284,123,08/03/2025,Bristol,South West,Avon,GB,0,12.49,Royal Mail Second Class,GBP,£,2.99,0,17.98,2.5,SQ7734740,1,Monthly Subscription,1,12.49,,,,Organic: Google,Squarespace
7521,123,08/04/2025,Bristol,South West,Avon,GB,0,12.49,Royal Mail Second Class,GBP,£,2.99,0,17.98,2.5,SQ7734740,1,Monthly Subscription,1,12.49,,,,Organic: Google,Squarespace
1513,123,07/08/2024,Bristol,South West,Avon,GB,0,14.99,Shipping,GBP,£,2.99,0,17.98,2.5,,1,Monthly Subscription,1,14.99,,,,Unknown,Woocommerce
1378,123,07/07/2024,Bristol,South West,Avon,GB,0,14.99,Shipping,GBP,£,2.99,0,17.98,2.5,,1,Monthly Subscription,1,14.99,,,,Unknown,Woocommerce
1218,123,07/06/2024,Bristol,South West,Avon,GB,0,14.99,Shipping,GBP,£,2.99,0,17.98,2.5,,1,Monthly Subscription,1,14.99,,,,Unknown,Woocommerce
1082,123,07/05/2024,Bristol,South West,Avon,GB,0,14.99,Shipping,GBP,£,2.99,0,17.98,2.5,,1,Monthly Subscription,1,14.99,,,,Unknown,Woocommerce
869,123,07/04/2024,Bristol,South West,Avon,GB,0,14.99,Shipping,GBP,£,2.99,0,17.98,2.5,,1,Monthly Subscription,1,14.99,,,,Unknown,Woocommerce
781,123,13/03/2024,Bristol,South West,Avon,GB,0,19.99,Shipping,GBP,£,3.99,0,23.98,3.33,,1,One Month's Supply,1,19.99,,,,Unknown,Woocommerce
273,123,03/08/2023,Bristol,South West,Avon,GB,5,19.99,Shipping,GBP,£,2.99,0,17.98,2.5,,1,One Month's Supply,1,19.99,discount,5,0,Unknown,Woocommerce
6330,124,28/10/2024,Swindon,South West,I am not in US or Canada,GB,0,29.98,Royal Mail Second Class,GBP,£,2.99,0,38.97,6,SQ3720870,1,8 Week Trial,1,29.98,,,,Organic: Google,Squarespace
7084,124,07/02/2025,Swindon,South West,Wilts,GB,0,12.49,Royal Mail Second Class,GBP,£,2.99,0,17.98,2.5,SQ7734740,1,Monthly Subscription,1,12.49,,,,Organic: Google,Squarespace
7283,124,07/03/2025,Swindon,South West,Wilts,GB,0,12.49,Royal Mail Second Class,GBP,£,2.99,0,17.98,2.5,SQ7734740,1,Monthly Subscription,1,12.49,,,,Web admin,Squarespace
7520,124,07/04/2025,Swindon,South West,Wilts,GB,0,12.49,Royal Mail Second Class,GBP,£,2.99,0,17.98,2.5,SQ7734740,1,Monthly Subscription,1,12.49,,,,Unknown,Squarespace
6179,125,08/10/2024,Burnley,North West,Lancashire,GB,0,16.66,Royal Mail Second Class,GBP,£,2.99,0,22.98,3.33,SQ9497841,1,One Month's Supply,1,16.66,,,,Web admin,Squarespace
6467,125,19/11/2024,Burnley,North West,Lancashire,GB,0,16.66,Royal Mail Second Class,GBP,£,2.99,0,22.98,3.33,SQ9497841,1,One Month's Supply,1,16.66,,,,Unknown,Squarespace
6706,125,20/12/2024,Burnley,North West,Lancashire,GB,0,16.66,Royal Mail Second Class,GBP,£,2.99,0,22.98,3.33,SQ9497841,1,One Month's Supply,1,16.66,,,,Direct,Squarespace
7209,125,24/02/2025,Burnley,North West,Lancashire,GB,0,16.66,Royal Mail Second Class,GBP,£,2.99,0,22.98,3.33,SQ9497841,1,One Month's Supply,1,16.66,,,,Direct,Squarespace
7511,125,06/04/2025,Burnley,North West,Lancashire,GB,0,16.66,Royal Mail Second Class,GBP,£,2.99,0,22.98,3.33,SQ9497841,1,One Month's Supply,1,16.66,,,,Unknown,Squarespace
1623,125,30/08/2024,Burnley,North West,Lancashire,GB,0,19.99,Shipping,GBP,£,2.99,0,22.98,3.33,,1,One Month's Supply,1,19.99,,,,Unknown,Woocommerce
1434,125,20/07/2024,Lancashire,North West,,GB,0,19.99,Shipping,GBP,£,2.99,0,22.98,3.33,,1,One Month's Supply,1,19.99,,,,Unknown,Woocommerce
1246,125,14/06/2024,Lancashire,North West,Lancashire,GB,0,19.99,Shipping,GBP,£,2.99,0,22.98,3.33,,1,One Month's Supply,1,19.99,,,,Unknown,Woocommerce
1097,125,10/05/2024,Lancashire,North West,Lancashire,GB,0,19.99,Shipping,GBP,£,2.99,0,22.98,3.33,,1,One Month's Supply,1,19.99,,,,Unknown,Woocommerce
929,125,23/04/2024,Lancashire,North West,Lancashire,GB,0,19.99,Shipping,GBP,£,2.99,0,22.98,3.33,,1,One Month's Supply,1,19.99,,,,Unknown,Woocommerce
7506,126,04/04/2025,North Shields,North East,ENGLAND,GB,0,29.98,Royal Mail Second Class,GBP,£,2.99,8.99,38.97,6,SQ3720870,1,8 Week Trial,1,29.98,,,,Direct,Squarespace
7504,127,04/04/2025,Gravesend,South East,Kent,GB,7.491667,29.98,Royal Mail Second Class,GBP,£,2.99,0,29.98,4.5,SQ3720870,1,8 Week Trial,1,22.49,calm1,7.49,1.5,Direct,Squarespace
7502,128,03/04/2025,Debden,East of England,SAFFRON WALDEN,GB,0,16.66,Royal Mail Second Class,GBP,£,2.99,0,22.98,3.33,SQ9497841,1,One Month's Supply,1,16.66,,,,Direct,Squarespace
7249,128,28/02/2025,"Debden, Saffron Walden",East of England,ENGLAND,GB,0,16.66,Royal Mail Second Class,GBP,£,2.99,0,22.98,3.33,SQ9497841,1,One Month's Supply,1,16.66,,,,Unknown,Squarespace
7497,129,03/04/2025,Christchurch,South West,ENGLAND,GB,7.491667,29.98,Royal Mail Second Class,GBP,£,2.99,0,29.98,4.5,SQ3720870,1,8 Week Trial,1,22.49,gutquiz25,7.49,1.5,Direct,Squarespace
7496,130,02/04/2025,Essen,Germany,DE-NW,DE,0,35.56,Royal Mail International Standard,EUR,€,8.28986,0,50.96,7.11,SQ3720870,1,8 Week Trial,1,35.56,,,,Direct,Squarespace
7495,131,02/04/2025,Whalley Range,North West,,GB,0,16.66,Royal Mail First Class,GBP,£,3.99,0,23.98,3.33,SQ9497841,1,One Month's Supply,1,16.66,,,,Direct,Squarespace
7493,132,02/04/2025,Bath,South West,,GB,7.491667,29.98,Royal Mail First Class,GBP,£,3.99,0,30.98,4.5,SQ3720870,1,8 Week Trial,1,22.49,calm1,7.49,1.5,Organic: Google,Squarespace
7492,133,02/04/2025,Norwich,East of England,Norfolk,GB,0,16.66,Royal Mail First Class,GBP,£,3.99,0,23.98,3.33,SQ9497841,1,One Month's Supply,1,16.66,,,,Organic: Google,Squarespace
7490,134,01/04/2025,Kiltoom,Ireland,RN,IE,0,35.56,Royal Mail International Standard,EUR,€,8.28986,0,50.96,7.11,SQ3720870,1,8 Week Trial,1,35.56,,,,Direct,Squarespace
7489,135,01/04/2025,London,Greater London,ENGLAND,GB,0,29.98,Royal Mail Second Class,GBP,£,2.99,0,38.97,6,SQ3720870,1,8 Week Trial,1,29.98,,,,Organic: Google,Squarespace
7476,136,31/03/2025,Sheffield,Yorkshire and the Humber,South Yorkshire,GB,0,29.98,Royal Mail Second Class,GBP,£,2.99,0,38.97,6,SQ3720870,1,8 Week Trial,1,29.98,,,,Direct,Squarespace
7467,137,31/03/2025,Norwich,East of England,Norfolk,GB,0,12.49,Royal Mail Second Class,GBP,£,2.99,0,17.98,2.5,SQ7734740,1,Monthly Subscription,1,12.49,,,,Direct,Squarespace
6110,138,29/09/2024,Droitwich,West Midlands,,GB,0,12.49,Royal Mail Second Class,GBP,£,2.99,0,17.98,2.5,SQ7734740,1,Monthly Subscription,1,12.49,,,,Unknown,Squarespace
6335,138,29/10/2024,Droitwich,West Midlands,,GB,0,12.49,Royal Mail Second Class,GBP,£,2.99,0,17.98,2.5,SQ7734740,1,Monthly Subscription,1,12.49,,,,Unknown,Squarespace
6535,138,29/11/2024,Droitwich,West Midlands,,GB,0,12.49,Royal Mail Second Class,GBP,£,2.99,0,17.98,2.5,SQ7734740,1,Monthly Subscription,1,12.49,,,,Organic: Google,Squarespace
6750,138,29/12/2024,Droitwich,West Midlands,,GB,0,12.49,Royal Mail Second Class,GBP,£,2.99,0,17.98,2.5,SQ7734740,1,Monthly Subscription,1,12.49,,,,Direct,Squarespace
7032,138,29/01/2025,Droitwich,West Midlands,,GB,0,12.49,Royal Mail Second Class,GBP,£,2.99,0,17.98,2.5,SQ7734740,1,Monthly Subscription,1,12.49,,,,Direct,Squarespace
7241,138,28/02/2025,Droitwich,West Midlands,,GB,0,12.49,Royal Mail Second Class,GBP,£,2.99,0,17.98,2.5,SQ7734740,1,Monthly Subscription,1,12.49,,,,Organic: Google,Squarespace
7466,138,31/03/2025,Droitwich,West Midlands,,GB,0,12.49,Royal Mail Second Class,GBP,£,2.99,0,17.98,2.5,SQ7734740,1,Monthly Subscription,1,12.49,,,,Direct,Squarespace
1612,138,27/08/2024,Droitwich,West Midlands,England,GB,0,14.99,Shipping,GBP,£,2.99,0,17.98,2.5,,1,Monthly Subscription,1,14.99,,,,Unknown,Woocommerce
1475,138,27/07/2024,Droitwich,West Midlands,England,GB,0,14.99,Shipping,GBP,£,2.99,0,17.98,2.5,,1,Monthly Subscription,1,14.99,,,,Unknown,Woocommerce
1321,138,27/06/2024,Droitwich,West Midlands,England,GB,0,14.99,Shipping,GBP,£,2.99,0,17.98,2.5,,1,Monthly Subscription,1,14.99,,,,Unknown,Woocommerce
1168,138,27/05/2024,Droitwich,West Midlands,England,GB,0,14.99,Shipping,GBP,£,2.99,0,17.98,2.5,,1,Monthly Subscription,1,14.99,,,,Unknown,Woocommerce
1015,138,27/04/2024,Droitwich,West Midlands,England,GB,0,14.99,Shipping,GBP,£,2.99,0,17.98,2.5,,1,Monthly Subscription,1,14.99,,,,Unknown,Woocommerce
830,138,27/03/2024,Droitwich,West Midlands,England,GB,0,14.99,Shipping,GBP,£,2.99,0,17.98,2.5,,1,Monthly Subscription,1,14.99,,,,Unknown,Woocommerce
735,138,27/02/2024,Droitwich,West Midlands,England,GB,0,14.99,Shipping,GBP,£,2.99,0,17.98,2.5,,1,Monthly Subscription,1,14.99,,,,Unknown,Woocommerce
641,138,27/01/2024,Droitwich,West Midlands,England,GB,0,14.99,Shipping,GBP,£,2.99,0,17.98,2.5,,1,Monthly Subscription,1,14.99,,,,Unknown,Woocommerce
551,138,27/12/2023,Droitwich,West Midlands,England,GB,0,14.99,Shipping,GBP,£,2.99,0,17.98,2.5,,1,Monthly Subscription,1,14.99,,,,Unknown,Woocommerce
338,138,21/09/2023,Droitwich,West Midlands,England,GB,9,35.98,Shipping,GBP,£,2.99,0,29.97,4.49,,1,Two Months' Supply,1,35.98,discount,9,0,Unknown,Woocommerce
6668,139,16/12/2024,Skelmersdale,North West,Lancashire,GB,0,29.98,Royal Mail First Class,GBP,£,3.99,0,39.97,6,SQ3720870,1,8 Week Trial,1,29.98,,,,Organic: Google,Squarespace
7048,139,01/02/2025,Skelmersdale,North West,Lancashire,GB,0,29.98,Royal Mail Second Class,GBP,£,2.99,0,38.97,6,SQ3720870,1,8 Week Trial,1,29.98,,,,Unknown,Squarespace
7463,139,31/03/2025,Skelmersdale,North West,Lancashire,GB,0,29.98,Royal Mail Second Class,GBP,£,2.99,0,38.97,6,SQ3720870,1,8 Week Trial,1,29.98,,,,Unknown,Squarespace
6433,140,13/11/2024,Elderslie,Scotland,Renfrewshire,GB,0,29.98,Royal Mail Second Class,GBP,£,2.99,0,38.97,6,SQ3720870,1,8 Week Trial,1,29.98,,,,Unknown,Squarespace
7460,140,30/03/2025,Elderslie,Scotland,,GB,0,29.98,Royal Mail Second Class,GBP,£,2.99,0,38.97,6,SQ3720870,1,8 Week Trial,1,29.98,,,,Organic: Google,Squarespace
1488,140,31/07/2024,Johnstone,Scotland,Scotland,GB,9,35.98,Shipping,GBP,£,2.99,0,29.97,4.49,,1,8 Week Trial,1,35.98,discount,9,0,Unknown,Woocommerce
6949,140,17/01/2025,Renfrewshire,Scotland,,GB,0,29.98,Royal Mail Second Class,GBP,£,2.99,0,38.97,6,SQ3720870,1,8 Week Trial,1,29.98,,,,Organic: Google,Squarespace
7456,141,28/03/2025,Exeter,South West,Devon,GB,0,29.98,Royal Mail Second Class,GBP,£,2.99,0,38.97,6,SQ3720870,1,8 Week Trial,1,29.98,,,,Direct,Squarespace
7455,142,28/03/2025,Bucharest,Romania,B,RO,0,353.2,Royal Mail International Tracked,RON,lei,58.839701,0,482.68,70.64,SQ3720870,1,8 Week Trial,2,176.6,,,,Direct,Squarespace
870,142,08/04/2024,Bucharest,Romania,,RO,0,35.98,Shipping,GBP,£,6.99,0,42.97,6.86,,1,Two Months' Supply,1,35.98,,,,Unknown,Woocommerce
704,142,18/02/2024,Bucharest,Romania,,RO,0,35.98,Shipping,GBP,£,6.99,0,42.97,6.86,,1,Two Months' Supply,1,35.98,,,,Unknown,Woocommerce
7454,143,28/03/2025,Halesowen,West Midlands,West Midlands,GB,0,29.98,Royal Mail Second Class,GBP,£,2.99,0,38.97,6,SQ3720870,1,8 Week Trial,1,29.98,,,,Organic: Google,Squarespace
886,143,11/04/2024,Halesowen,West Midlands,,GB,9,35.98,Shipping,GBP,£,3.99,0,30.97,4.49,,1,Two Months' Supply,1,35.98,discount,9,0,Unknown,Woocommerce
6099,144,27/09/2024,Holsworthy,South West,,GB,0,12.49,Royal Mail Second Class,GBP,£,2.99,0,17.98,2.5,SQ7734740,1,Monthly Subscription,1,12.49,,,,Direct,Squarespace
6318,144,27/10/2024,Holsworthy,South West,,GB,0,12.49,Royal Mail Second Class,GBP,£,2.99,0,17.98,2.5,SQ7734740,1,Monthly Subscription,1,12.49,,,,Web admin,Squarespace
1669,144,11/09/2024,Holsworthy,South West,Devon,GB,0,35.98,Shipping,GBP,£,2.99,0,38.97,5.99,,1,Two Months' Supply,1,35.98,,,,Direct,Woocommerce
1611,144,27/08/2024,Holsworthy,South West,BFP,GB,0,14.99,Shipping,GBP,£,2.99,0,17.98,2.5,,1,Monthly Subscription,1,14.99,,,,Unknown,Woocommerce
1474,144,27/07/2024,Holsworthy,South West,,GB,0,14.99,Shipping,GBP,£,2.99,0,17.98,2.5,,1,Monthly Subscription,1,14.99,,,,Unknown,Woocommerce
1377,144,07/07/2024,Holsworthy,South West,,GB,0,35.98,Shipping,GBP,£,2.99,0,38.97,5.99,,1,Two Months' Supply,1,35.98,,,,Unknown,Woocommerce
1319,144,27/06/2024,Holsworthy,South West,,GB,0,14.99,Shipping,GBP,£,2.99,0,17.98,2.5,,1,Monthly Subscription,1,14.99,,,,Unknown,Woocommerce
1062,144,05/05/2024,Holsworthy,South West,Devon,GB,0,19.99,Shipping,GBP,£,2.99,0,22.98,3.33,,1,One Month's Supply,1,19.99,,,,Unknown,Woocommerce
850,144,01/04/2024,Holsworthy,South West,Devon,GB,9,35.98,Shipping,GBP,£,2.99,0,29.97,4.49,,1,Two Months' Supply,1,35.98,discount,9,0,Unknown,Woocommerce
6435,144,13/11/2024,"Warbstow, Launceston",South West,Cornwall,GB,0,29.98,Royal Mail Second Class,GBP,£,2.99,0,38.97,6,SQ3720870,1,8 Week Trial,1,29.98,,,,Direct,Squarespace
6517,144,27/11/2024,"Warbstow, Launceston",South West,Cornwall,GB,0,12.49,Royal Mail Second Class,GBP,£,2.99,0,17.98,2.5,SQ7734740,1,Monthly Subscription,1,12.49,,,,Direct,Squarespace
6740,144,27/12/2024,"Warbstow, Launceston",South West,Cornwall,GB,0,12.49,Royal Mail Second Class,GBP,£,2.99,0,17.98,2.5,SQ7734740,1,Monthly Subscription,1,12.49,,,,Direct,Squarespace
6981,144,21/01/2025,"Warbstow, Launceston",South West,Cornwall,GB,0,16.66,Royal Mail Second Class,GBP,£,2.99,0,22.98,3.33,SQ9497841,1,One Month's Supply,1,16.66,,,,Direct,Squarespace
7020,144,27/01/2025,"Warbstow, Launceston",South West,Cornwall,GB,0,12.49,Royal Mail Second Class,GBP,£,2.99,0,17.98,2.5,SQ7734740,1,Monthly Subscription,1,12.49,,,,Organic: Google,Squarespace
7235,144,27/02/2025,"Warbstow, Launceston",South West,Cornwall,GB,0,12.49,Royal Mail Second Class,GBP,£,2.99,0,17.98,2.5,SQ7734740,1,Monthly Subscription,1,12.49,,,,Unknown,Squarespace
7447,144,27/03/2025,"Warbstow, Launceston",South West,Cornwall,GB,0,12.49,Royal Mail Second Class,GBP,£,2.99,0,17.98,2.5,SQ7734740,1,Monthly Subscription,1,12.49,,,,Direct,Squarespace
1163,144,26/05/2024,Yelverton,South West,England,GB,0,35.98,Shipping,GBP,£,2.99,0,38.97,5.99,,1,Two Months' Supply,1,35.98,,,,Unknown,Woocommerce
7231,145,27/02/2025,Reading,South East,Berkshire,GB,0,12.49,Royal Mail Second Class,GBP,£,2.99,0,17.98,2.5,SQ7734740,1,Monthly Subscription,1,12.49,,,,Unknown,Squarespace
7445,145,27/03/2025,Reading,South East,Berkshire,GB,0,12.49,Royal Mail Second Class,GBP,£,2.99,0,17.98,2.5,SQ7734740,1,Monthly Subscription,1,12.49,,,,Unknown,Squarespace
1626,145,31/08/2024,Reading,South East,Berkshire,GB,0,19.99,Shipping,GBP,£,2.99,0,22.98,3.33,,1,One Month's Supply,1,19.99,,,,Unknown,Woocommerce
1396,145,13/07/2024,Reading,South East,Berkshire,GB,5,19.99,Shipping,GBP,£,2.99,0,17.98,2.5,,1,One Month's Supply,1,19.99,discount,5,0,Unknown,Woocommerce
5667,146,08/09/2024,Cheshire,North West,england,GB,0,12.49,Royal Mail Second Class,GBP,£,2.99,0,17.98,2.5,SQ7734740,1,Monthly Subscription,1,12.49,,,,Unknown,Squarespace
6183,146,09/10/2024,Cheshire,North West,england,GB,0,12.49,Royal Mail Second Class,GBP,£,2.99,0,17.98,2.5,SQ7734740,1,Monthly Subscription,1,12.49,,,,Web admin,Squarespace
6507,146,26/11/2024,Cheshire,North West,england,GB,0,12.49,Royal Mail Second Class,GBP,£,2.99,0,17.98,2.5,SQ7734740,1,Monthly Subscription,1,12.49,,,,Organic: Google,Squarespace
6732,146,26/12/2024,Cheshire,North West,england,GB,0,12.49,Royal Mail Second Class,GBP,£,2.99,0,17.98,2.5,SQ7734740,1,Monthly Subscription,1,12.49,,,,Direct,Squarespace
7011,146,26/01/2025,Cheshire,North West,england,GB,0,12.49,Royal Mail Second Class,GBP,£,2.99,0,17.98,2.5,SQ7734740,1,Monthly Subscription,1,12.49,,,,Direct,Squarespace
7226,146,26/02/2025,Cheshire,North West,england,GB,0,12.49,Royal Mail Second Class,GBP,£,2.99,0,17.98,2.5,SQ7734740,1,Monthly Subscription,1,12.49,,,,Unknown,Squarespace
7440,146,26/03/2025,Cheshire,North West,england,GB,0,12.49,Royal Mail Second Class,GBP,£,2.99,0,17.98,2.5,SQ7734740,1,Monthly Subscription,1,12.49,,,,Unknown,Squarespace
1521,146,08/08/2024,Cheshire,North West,england,GB,0,14.99,Shipping,GBP,£,2.99,0,17.98,2.5,,1,Monthly Subscription,1,14.99,,,,Unknown,Woocommerce
1382,146,08/07/2024,Cheshire,North West,england,GB,0,14.99,Shipping,GBP,£,2.99,0,17.98,2.5,,1,Monthly Subscription,1,14.99,,,,Unknown,Woocommerce
1222,146,08/06/2024,Cheshire,North West,england,GB,0,14.99,Shipping,GBP,£,2.99,0,17.98,2.5,,1,Monthly Subscription,1,14.99,,,,Unknown,Woocommerce
1090,146,08/05/2024,Cheshire,North West,england,GB,0,14.99,Shipping,GBP,£,2.99,0,17.98,2.5,,1,Monthly Subscription,1,14.99,,,,Unknown,Woocommerce
675,146,08/02/2024,Cheshire,North West,england,GB,9,35.98,Shipping,GBP,£,2.99,0,29.97,4.49,,1,Two Months' Supply,1,35.98,discount,9,0,Unknown,Woocommerce
7438,147,26/03/2025,Yatton,South West,,GB,0,29.98,Royal Mail Second Class,GBP,£,2.99,0,38.97,6,SQ3720870,1,8 Week Trial,1,29.98,,,,Unknown,Squarespace
5898,148,24/09/2024,Smethwick,West Midlands,,GB,0,12.49,Royal Mail First Class,GBP,£,3.99,0,18.98,2.5,SQ7734740,1,Monthly Subscription,1,12.49,,,,Direct,Squarespace
6298,148,24/10/2024,Smethwick,West Midlands,,GB,0,10.41,Royal Mail First Class,GBP,£,3.99,0,16.48,2.08,SQ7734740,1,Monthly Subscription,1,10.41,,,,Unknown,Squarespace
6496,148,24/11/2024,Smethwick,West Midlands,,GB,0,12.49,Royal Mail First Class,GBP,£,3.99,0,18.98,2.5,SQ7734740,1,Monthly Subscription,1,12.49,,,,Unknown,Squarespace
6722,148,24/12/2024,Smethwick,West Midlands,,GB,0,10.41,Royal Mail Second Class,GBP,£,2.99,0,15.48,2.08,SQ7734740,1,Monthly Subscription,1,10.41,,,,Direct,Squarespace
7004,148,25/01/2025,Smethwick,West Midlands,,GB,0,12.49,Royal Mail First Class,GBP,£,3.99,0,18.98,2.5,SQ7734740,1,Monthly Subscription,1,12.49,,,,Unknown,Squarespace
7221,148,25/02/2025,Smethwick,West Midlands,,GB,0,12.49,Royal Mail First Class,GBP,£,3.99,0,18.98,2.5,SQ7734740,1,Monthly Subscription,1,12.49,,,,Referral: Bing.com,Squarespace
7435,148,25/03/2025,Smethwick,West Midlands,,GB,0,12.49,Royal Mail First Class,GBP,£,3.99,0,18.98,2.5,SQ7734740,1,Monthly Subscription,1,12.49,,,,Unknown,Squarespace
1609,148,27/08/2024,Smethwick,West Midlands,England,GB,0,14.99,Shipping,GBP,£,3.99,0,18.98,2.5,,1,Monthly Subscription,1,14.99,,,,Unknown,Woocommerce
1460,148,25/07/2024,Smethwick,West Midlands,England,GB,0,14.99,Shipping,GBP,£,3.99,0,18.98,2.5,,1,Monthly Subscription,1,14.99,,,,Unknown,Woocommerce
1307,148,25/06/2024,Smethwick,West Midlands,England,GB,0,14.99,Shipping,GBP,£,3.99,0,18.98,2.5,,1,Monthly Subscription,1,14.99,,,,Unknown,Woocommerce
1158,148,24/05/2024,Smethwick,West Midlands,England,GB,0,14.99,Shipping,GBP,£,2.99,0,17.98,2.5,,1,Monthly Subscription,1,14.99,,,,Unknown,Woocommerce
990,148,24/04/2024,Smethwick,West Midlands,England,GB,0,14.99,Shipping,GBP,£,2.99,0,17.98,2.5,,1,Monthly Subscription,1,14.99,,,,Unknown,Woocommerce
821,148,24/03/2024,Smethwick,West Midlands,England,GB,0,14.99,Shipping,GBP,£,2.99,0,17.98,2.5,,1,Monthly Subscription,1,14.99,,,,Unknown,Woocommerce
725,148,24/02/2024,Smethwick,West Midlands,England,GB,0,14.99,Shipping,GBP,£,2.99,0,17.98,2.5,,1,Monthly Subscription,1,14.99,,,,Unknown,Woocommerce
7001,149,25/01/2025,Dorking,South East,England,GB,0,20.83,Royal Mail Second Class,GBP,£,2.99,0,27.98,4.16,SQ6831832,1,Ferrocalm Your Life,1,20.83,,,,Unknown,Squarespace
7219,149,25/02/2025,Dorking,South East,England,GB,0,20.83,Royal Mail Second Class,GBP,£,2.99,0,27.98,4.16,SQ6831832,1,Ferrocalm Your Life,1,20.83,,,,Unknown,Squarespace
7434,149,25/03/2025,Dorking,South East,England,GB,0,20.83,Royal Mail Second Class,GBP,£,2.99,0,27.98,4.16,SQ6831832,1,Ferrocalm Your Life,1,20.83,,,,Unknown,Squarespace
7431,150,24/03/2025,Bath,South West,,GB,0,29.98,Royal Mail Second Class,GBP,£,2.99,0,38.97,6,SQ3720870,1,8 Week Trial,1,29.98,,,,Web admin,Squarespace
988,150,24/04/2024,Bath,South West,England,GB,0,35.98,Shipping,GBP,£,2.99,0,38.97,5.99,,1,Two Months' Supply,1,35.98,,,,Unknown,Woocommerce
74,150,30/01/2023,Bath,South West,Somerset,GB,0,19.99,Shipping,GBP,£,2.99,0,22.98,0,,1,One Month's Supply,1,19.99,,,,Unknown,Woocommerce
251,150,13/07/2023,London,Greater London,,GB,0,19.99,Shipping,GBP,£,2.99,0,22.98,3.33,,1,One Month's Supply,1,19.99,,,,Unknown,Woocommerce
7428,151,23/03/2025,Bristol,South West,,GB,0,29.98,Royal Mail First Class,GBP,£,3.99,0,39.97,6,SQ3720870,1,8 Week Trial,1,29.98,,,,Unknown,Squarespace
7427,152,23/03/2025,Whitley Bay,North East,England,GB,7.491667,29.98,Royal Mail Second Class,GBP,£,2.99,0,29.98,4.5,SQ3720870,1,8 Week Trial,1,22.49,glutenfree,7.49,1.5,Organic: Google,Squarespace
6991,153,22/01/2025,Tarbert,Scotland,ARGYLL AND BUTE,GB,0,12.49,Royal Mail Second Class,GBP,£,2.99,0,17.98,2.5,SQ7734740,1,Monthly Subscription,1,12.49,,,,Unknown,Squarespace
7203,153,22/02/2025,Tarbert,Scotland,ARGYLL AND BUTE,GB,0,12.49,Royal Mail Second Class,GBP,£,2.99,0,17.98,2.5,SQ7734740,1,Monthly Subscription,1,12.49,,,,Referral: M.facebook.com,Squarespace
7422,153,22/03/2025,Tarbert,Scotland,ARGYLL AND BUTE,GB,0,12.49,Royal Mail Second Class,GBP,£,2.99,0,17.98,2.5,SQ7734740,1,Monthly Subscription,1,12.49,,,,Direct,Squarespace
6715,154,22/12/2024,"Stroud, Stroud",South West,ENGLAND,GB,0,12.49,Royal Mail Second Class,GBP,£,2.99,0,17.98,2.5,SQ7734740,1,Monthly Subscription,1,12.49,,,,Organic: Google,Squarespace
6989,154,22/01/2025,"Stroud, Stroud",South West,ENGLAND,GB,0,12.49,Royal Mail Second Class,GBP,£,2.99,0,17.98,2.5,SQ7734740,1,Monthly Subscription,1,12.49,,,,Unknown,Squarespace
7201,154,22/02/2025,"Stroud, Stroud",South West,ENGLAND,GB,0,12.49,Royal Mail Second Class,GBP,£,2.99,0,17.98,2.5,SQ7734740,1,Monthly Subscription,1,12.49,,,,Unknown,Squarespace
7421,154,22/03/2025,"Stroud, Stroud",South West,ENGLAND,GB,0,12.49,Royal Mail Second Class,GBP,£,2.99,0,17.98,2.5,SQ7734740,1,Monthly Subscription,1,12.49,,,,Organic: Google,Squarespace
6292,155,22/10/2024,Bury St. Edmunds,East of England,England,GB,5,29.98,Royal Mail Second Class,GBP,£,2.99,0,32.97,5,SQ3720870,1,8 Week Trial,1,24.98,d8wh21d,5,1,Unknown,Squarespace
6765,155,31/12/2024,Bury St. Edmunds,East of England,England,GB,5,29.98,Royal Mail Second Class,GBP,£,2.99,0,32.97,5,SQ3720870,1,8 Week Trial,1,24.98,d8wh21d,5,1,Web admin,Squarespace
7418,155,21/03/2025,Bury St. Edmunds,East of England,England,GB,5,29.98,Royal Mail Second Class,GBP,£,2.99,0,32.97,5,SQ3720870,1,8 Week Trial,1,24.98,d8wh21d,5,1,Unknown,Squarespace
1469,155,26/07/2024,Bury St. Edmunds,East of England,England,GB,6,35.98,Shipping,GBP,£,2.99,0,32.97,4.99,,1,Two Months' Supply,1,35.98,discount,6,0,Unknown,Woocommerce
1066,155,05/05/2024,Bury St. Edmunds,East of England,England,GB,6,35.98,Shipping,GBP,£,3.99,0,33.97,4.99,,1,Two Months' Supply,1,35.98,discount,6,0,Unknown,Woocommerce
661,155,03/02/2024,Bury St. Edmunds,East of England,England,GB,6,35.98,Shipping,GBP,£,2.99,0,32.97,4.99,,1,Two Months' Supply,1,35.98,discount,6,0,Unknown,Woocommerce
490,155,27/11/2023,Bury St. Edmunds,East of England,England,GB,6,35.98,Shipping,GBP,£,2.99,0,32.97,4.99,,1,Two Months' Supply,1,35.98,discount,6,0,Unknown,Woocommerce
322,155,11/09/2023,Bury St. Edmunds,East of England,England,GB,6,35.98,Shipping,GBP,£,2.99,0,32.97,4.99,,1,Two Months' Supply,1,35.98,discount,6,0,Unknown,Woocommerce
232,155,27/06/2023,Bury St. Edmunds,East of England,England,GB,0,29.98,Shipping,GBP,£,2.99,0,32.97,4.99,,1,Two Months' Supply,1,29.98,,,,Unknown,Woocommerce
193,155,22/05/2023,Bury St. Edmunds,East of England,England,GB,0,19.99,Shipping,GBP,£,2.99,0,22.98,3.33,,1,One Month's Supply,1,19.99,,,,Unknown,Woocommerce
7417,156,21/03/2025,Maryport,North West,Cumbria,GB,0,29.98,Royal Mail Second Class,GBP,£,2.99,0,38.97,6,SQ3720870,1,8 Week Trial,1,29.98,,,,Direct,Squarespace
5774,157,20/09/2024,Stroud,South West,,GB,0,12.49,Royal Mail First Class,GBP,£,3.99,0,18.98,2.5,SQ7734740,1,Monthly Subscription,1,12.49,,,,Direct,Squarespace
6280,157,20/10/2024,Stroud,South West,,GB,0,12.49,Royal Mail First Class,GBP,£,3.99,0,18.98,2.5,SQ7734740,1,Monthly Subscription,1,12.49,,,,Direct,Squarespace
6477,157,20/11/2024,Stroud,South West,,GB,0,12.49,Royal Mail First Class,GBP,£,3.99,0,18.98,2.5,SQ7734740,1,Monthly Subscription,1,12.49,,,,Unknown,Squarespace
6704,157,20/12/2024,Stroud,South West,,GB,0,12.49,Royal Mail First Class,GBP,£,3.99,0,18.98,2.5,SQ7734740,1,Monthly Subscription,1,12.49,,,,Direct,Squarespace
6968,157,20/01/2025,Stroud,South West,,GB,0,12.49,Royal Mail First Class,GBP,£,3.99,0,18.98,2.5,SQ7734740,1,Monthly Subscription,1,12.49,,,,Unknown,Squarespace
7185,157,20/02/2025,Stroud,South West,,GB,0,12.49,Royal Mail First Class,GBP,£,3.99,0,18.98,2.5,SQ7734740,1,Monthly Subscription,1,12.49,,,,Unknown,Squarespace
7360,157,20/03/2025,Stroud,South West,,GB,0,12.49,Royal Mail First Class,GBP,£,3.99,0,18.98,2.5,SQ7734740,1,Monthly Subscription,1,12.49,,,,Referral: Ecosia.org,Squarespace
1580,157,20/08/2024,Stroud,South West,England,GB,0,14.99,Shipping,GBP,£,3.99,0,18.98,2.5,,1,Monthly Subscription,1,14.99,,,,Unknown,Woocommerce
1433,157,20/07/2024,Stroud,South West,England,GB,0,14.99,Shipping,GBP,£,3.99,0,18.98,2.5,,1,Monthly Subscription,1,14.99,,,,Unknown,Woocommerce
1279,157,20/06/2024,Stroud,South West,England,GB,0,14.99,Shipping,GBP,£,3.99,0,18.98,2.5,,1,Monthly Subscription,1,14.99,,,,Unknown,Woocommerce
1132,157,20/05/2024,Stroud,South West,England,GB,0,14.99,Shipping,GBP,£,3.99,0,18.98,2.5,,1,Monthly Subscription,1,14.99,,,,Unknown,Woocommerce
909,157,20/04/2024,Stroud,South West,England,GB,0,14.99,Shipping,GBP,£,3.99,0,18.98,2.5,,1,Monthly Subscription,1,14.99,,,,Unknown,Woocommerce
807,157,20/03/2024,Stroud,South West,England,GB,0,14.99,Shipping,GBP,£,3.99,0,18.98,2.5,,1,Monthly Subscription,1,14.99,,,,Unknown,Woocommerce
706,157,20/02/2024,Stroud,South West,England,GB,0,14.99,Shipping,GBP,£,3.99,0,18.98,2.5,,1,Monthly Subscription,1,14.99,,,,Unknown,Woocommerce
623,157,20/01/2024,Stroud,South West,England,GB,0,14.99,Shipping,GBP,£,3.99,0,18.98,2.5,,1,Monthly Subscription,1,14.99,,,,Unknown,Woocommerce
562,157,02/01/2024,Stroud,South West,England,GB,0,19.99,Shipping,GBP,£,2.99,0,22.98,3.33,,1,One Month's Supply,1,19.99,,,,Unknown,Woocommerce
536,157,20/12/2023,Stroud,South West,England,GB,0,14.99,Shipping,GBP,£,3.99,0,18.98,2.5,,1,Monthly Subscription,1,14.99,,,,Unknown,Woocommerce
6595,158,06/12/2024,Cambridge,East of England,,GB,0,29.98,Royal Mail Second Class,GBP,£,2.99,0,38.97,6,SQ3720870,1,8 Week Trial,1,29.98,,,,Referral: M.facebook.com,Squarespace
7356,158,20/03/2025,Cambridge,East of England,Cambridgeshire,GB,0,29.98,Royal Mail Second Class,GBP,£,2.99,0,38.97,6,SQ3720870,1,8 Week Trial,1,29.98,,,,Organic: Google,Squarespace
1280,158,20/06/2024,Cambridge,East of England,England,GB,0,35.98,Shipping,GBP,£,2.99,0,38.97,5.99,,1,8 Week Trial,1,35.98,,,,Unknown,Woocommerce
7355,159,19/03/2025,Manchester,North West,,GB,0,29.98,Royal Mail Second Class,GBP,£,2.99,0,38.97,6,SQ3720870,1,8 Week Trial,1,29.98,,,,Unknown,Squarespace
7348,160,19/03/2025,Eschborn,Germany,,DE,0,19.76,Royal Mail International Tracked,EUR,€,11.84774,0,35.56,3.95,SQ9497841,1,One Month's Supply,1,19.76,,,,Unknown,Squarespace
6262,161,18/10/2024,Blagdon,South West,Somerset,GB,0,12.49,Royal Mail Second Class,GBP,£,2.99,0,17.98,2.5,SQ7734740,1,Monthly Subscription,1,12.49,,,,Organic: Google,Squarespace
6461,161,18/11/2024,Blagdon,South West,Somerset,GB,0,12.49,Royal Mail Second Class,GBP,£,2.99,0,17.98,2.5,SQ7734740,1,Monthly Subscription,1,12.49,,,,Unknown,Squarespace
6690,161,18/12/2024,Blagdon,South West,Somerset,GB,0,12.49,Royal Mail Second Class,GBP,£,2.99,0,17.98,2.5,SQ7734740,1,Monthly Subscription,1,12.49,,,,Unknown,Squarespace
6954,161,18/01/2025,Blagdon,South West,Somerset,GB,0,12.49,Royal Mail Second Class,GBP,£,2.99,0,17.98,2.5,SQ7734740,1,Monthly Subscription,1,12.49,,,,Organic: Google,Squarespace
7166,161,18/02/2025,Blagdon,South West,Somerset,GB,0,12.49,Royal Mail Second Class,GBP,£,2.99,0,17.98,2.5,SQ7734740,1,Monthly Subscription,1,12.49,,,,Organic: Google,Squarespace
7341,161,18/03/2025,Blagdon,South West,Somerset,GB,0,12.49,Royal Mail Second Class,GBP,£,2.99,0,17.98,2.5,SQ7734740,1,Monthly Subscription,1,12.49,,,,Unknown,Squarespace
1180,161,30/05/2024,Street End Lane,South West England,Somerset,GB,0,35.98,Shipping,GBP,£,2.99,0,38.97,5.99,,1,8 Week Trial,1,35.98,,,,Unknown,Woocommerce
7337,162,17/03/2025,Shewsbury,West Midlands,,GB,0,29.98,Royal Mail First Class,GBP,£,3.99,0,39.97,6,SQ3720870,1,8 Week Trial,1,29.98,,,,Unknown,Squarespace
7331,163,17/03/2025,Cheltenham,South West,,GB,0,16.66,Royal Mail First Class,GBP,£,3.99,0,23.98,3.33,SQ9497841,1,One Month's Supply,1,16.66,,,,Referral: Bing.com,Squarespace
6734,164,26/12/2024,Bexleyheath,Greater London,Kent,GB,0,16.66,Royal Mail Second Class,GBP,£,2.99,0,22.98,3.33,SQ9497841,1,One Month's Supply,1,16.66,,,,Organic: Google,Squarespace
6987,164,22/01/2025,Bexleyheath,Greater London,Kent,GB,0,29.98,Royal Mail Second Class,GBP,£,2.99,0,38.97,6,SQ3720870,1,8 Week Trial,1,29.98,,,,Web admin,Squarespace
7328,164,16/03/2025,Bexleyheath,Greater London,Kent,GB,0,29.98,Royal Mail Second Class,GBP,£,2.99,0,38.97,6,SQ3720870,1,8 Week Trial,1,29.98,,,,Unknown,Squarespace
7327,165,16/03/2025,London,Greater London,London,GB,0,29.98,Royal Mail Second Class,GBP,£,2.99,0,38.97,6,SQ3720870,1,8 Week Trial,1,29.98,,,,Unknown,Squarespace
1209,165,06/06/2024,London,Greater London,London,GB,0,71.96,Shipping,GBP,£,2.99,0,74.95,12,,1,Two Months' Supply,2,35.98,,,,Unknown,Woocommerce
866,165,06/04/2024,London,Greater London,London,GB,9,35.98,Shipping,GBP,£,2.99,0,29.97,4.49,,1,Two Months' Supply,1,35.98,discount,9,0,Unknown,Woocommerce
7326,166,16/03/2025,London,Greater London,Greater London,GB,0,29.98,Royal Mail First Class,GBP,£,3.99,0,39.97,6,SQ3720870,1,8 Week Trial,1,29.98,,,,Referral: Duckduckgo.com,Squarespace
7322,167,16/03/2025,Canterbury,South East,KENT,GB,0,29.98,Royal Mail First Class,GBP,£,3.99,20,39.97,6,SQ3720870,1,8 Week Trial,1,29.98,,,,Organic: Google,Squarespace
7319,168,15/03/2025,Nethy Bridge,Scotland,Highland,GB,7.491667,29.98,Royal Mail Second Class,GBP,£,2.99,0,29.98,4.5,SQ3720870,1,8 Week Trial,1,22.49,calm1,7.49,1.5,Direct,Squarespace
6260,169,17/10/2024,Chepstow,Wales,,GB,0,33.32,Royal Mail Second Class,GBP,£,2.99,0,42.97,6.66,SQ9497841,1,One Month's Supply,2,16.66,,,,Organic: Google,Squarespace
6520,169,27/11/2024,Chepstow,Wales,Monmouthshire,GB,0,29.98,Royal Mail Second Class,GBP,£,2.99,0,38.97,6,SQ3720870,1,8 Week Trial,1,29.98,,,,Direct,Squarespace
7317,169,15/03/2025,Chepstow,Wales,WLS,GB,0,29.98,Royal Mail Second Class,GBP,£,2.99,0,38.97,6,SQ3720870,1,8 Week Trial,1,29.98,,,,Referral: L.facebook.com,Squarespace
1638,169,04/09/2024,Chepstow,Wales,Monmouthshire,GB,0,35.98,Shipping,GBP,£,2.99,0,38.97,5.99,,1,Two Months' Supply,1,35.98,,,,Web admin,Woocommerce
1262,169,17/06/2024,Chepstow,Wales,WLS,GB,0,35.98,Shipping,GBP,£,3.99,0,39.97,5.99,,1,8 Week Trial,1,35.98,,,,Unknown,Woocommerce
980,169,24/04/2024,Chepstow,Wales,Wales,GB,0,35.98,Shipping,GBP,£,2.99,0,38.97,5.99,,1,8 Week Trial,1,35.98,,,,Unknown,Woocommerce
7309,170,12/03/2025,Newcastle Upon Tyne,North East,,GB,0,29.98,Royal Mail Second Class,GBP,£,2.99,0,38.97,6,SQ3720870,1,8 Week Trial,1,29.98,,,,Web admin,Squarespace
7303,171,12/03/2025,Nethy Bridge,Scotland,HIGHLAND,GB,7.491667,29.98,Royal Mail Second Class,GBP,£,2.99,0,29.98,4.5,SQ3720870,1,8 Week Trial,1,22.49,gutquiz25,7.49,1.5,Referral: M.facebook.com,Squarespace
7297,172,11/03/2025,Bistrita,Romania,BN,RO,0,196.23,Royal Mail International Standard,RON,lei,41.170121,0,276.65,39.25,SQ9497841,1,One Month's Supply,2,98.12,,,,Unknown,Squarespace
6816,173,11/01/2025,Hebburn,North East,England,GB,0,12.49,Royal Mail Second Class,GBP,£,2.99,0,17.98,2.5,SQ7734740,1,Monthly Subscription,1,12.49,,,,Direct,Squarespace
7106,173,11/02/2025,Hebburn,North East,England,GB,0,12.49,Royal Mail Second Class,GBP,£,2.99,0,17.98,2.5,SQ7734740,1,Monthly Subscription,1,12.49,,,,Unknown,Squarespace
7294,173,11/03/2025,Hebburn,North East,England,GB,0,12.49,Royal Mail Second Class,GBP,£,2.99,0,17.98,2.5,SQ7734740,1,Monthly Subscription,1,12.49,,,,Direct,Squarespace
1080,173,07/05/2024,Hebburn,North East,England,GB,9,35.98,Shipping,GBP,£,2.99,0,29.97,4.49,,1,8 Week Trial,1,35.98,discount,9,0,Unknown,Woocommerce
7291,174,10/03/2025,London,Greater London,,GB,4.166667,16.66,Royal Mail Second Class,GBP,£,2.99,0,17.98,2.5,SQ9497841,1,One Month's Supply,1,12.49,calm1,4.17,0.83,Web admin,Squarespace
7289,175,09/03/2025,Bristol,South West,ENGLAND,GB,0,16.66,Royal Mail Second Class,GBP,£,2.99,0,22.98,3.33,SQ9497841,1,One Month's Supply,1,16.66,,,,Direct,Squarespace
7287,176,08/03/2025,Leven,Scotland,FIFE,GB,0,29.98,Royal Mail Second Class,GBP,£,2.99,0,38.97,6,SQ3720870,1,8 Week Trial,1,29.98,,,,Web admin,Squarespace
6800,177,08/01/2025,Hebburn,North East,Tyne and Wear,GB,0,12.49,Royal Mail Second Class,GBP,£,2.99,0,17.98,2.5,SQ7734740,1,Monthly Subscription,1,12.49,,,,Direct,Squarespace
7091,177,08/02/2025,Hebburn,North East,Tyne and Wear,GB,0,12.49,Royal Mail Second Class,GBP,£,2.99,0,17.98,2.5,SQ7734740,1,Monthly Subscription,1,12.49,,,,Direct,Squarespace
7285,177,08/03/2025,Hebburn,North East,Tyne and Wear,GB,0,12.49,Royal Mail Second Class,GBP,£,2.99,0,17.98,2.5,SQ7734740,1,Monthly Subscription,1,12.49,,,,Referral: Duckduckgo.com,Squarespace
7281,178,06/03/2025,Tetbury,South West,,GB,0,29.98,Royal Mail Second Class,GBP,£,2.99,0,38.97,6,SQ3720870,1,8 Week Trial,1,29.98,,,,Organic: Google,Squarespace
1167,178,26/05/2024,Tetbury,South West,Gloucestershire,GB,0,35.98,Shipping,GBP,£,3.99,0,39.97,5.99,,1,8 Week Trial,1,35.98,,,,Unknown,Woocommerce
6130,179,02/10/2024,Barton-Upon-Humber,Yorkshire and the Humber,N. Lincs,GB,0,16.66,Royal Mail First Class,GBP,£,3.99,0,23.98,3.33,SQ9497841,1,One Month's Supply,1,16.66,,,,Unknown,Squarespace
7273,179,06/03/2025,Barton-Upon-Humber,Yorkshire and the Humber,N. Lincs,GB,0,29.98,Royal Mail Second Class,GBP,£,2.99,0,38.97,6,SQ3720870,1,8 Week Trial,1,29.98,,,,Unknown,Squarespace
676,179,08/02/2024,Barton-Upon-Humber,Yorkshire and the Humber,N. Lincs,GB,9,35.98,Shipping,GBP,£,2.99,0,29.97,4.49,,1,8 Week Trial,1,35.98,discount,9,0,Unknown,Woocommerce
7271,180,05/03/2025,Stanion,East Midlands,Northants,GB,7.491667,29.98,Royal Mail Second Class,GBP,£,2.99,0,29.98,4.5,SQ3720870,1,8 Week Trial,1,22.49,calm1,7.49,1.5,Direct,Squarespace
7267,181,03/03/2025,Glastonbury,South West,Somerset,GB,149.925,599.7,Royal Mail Second Class,GBP,£,2.99,0,542.72,89.95,SQ9497841,1,One Month's Supply,36,12.49,calm1,149.92,29.98,Direct,Squarespace
6503,182,25/11/2024,Basingstoke,South East,,GB,0,16.66,Royal Mail Second Class,GBP,£,2.99,0,22.98,3.33,SQ9497841,1,One Month's Supply,1,16.66,,,,Direct,Squarespace
6697,182,19/12/2024,Basingstoke,South East,,GB,0,29.98,Royal Mail Second Class,GBP,£,2.99,0,38.97,6,SQ3720870,1,8 Week Trial,1,29.98,,,,Organic: Google,Squarespace
7266,182,03/03/2025,Basingstoke,South East,,GB,0,29.98,Royal Mail Second Class,GBP,£,2.99,0,38.97,6,SQ3720870,1,8 Week Trial,1,29.98,,,,Referral: Bing.com,Squarespace
7264,183,03/03/2025,Gillingham,South East,Kent,GB,6,74.95,Royal Mail Second Class,GBP,£,2.99,0,85.73,13.79,SQ7734740,1,Monthly Subscription,6,11.49,sub8,6,1.2,Unknown,Squarespace
7261,184,03/03/2025,Chinnor,South East,Oxfordshire,GB,0,29.98,Royal Mail Second Class,GBP,£,2.99,0,38.97,6,SQ3720870,1,8 Week Trial,1,29.98,,,,Organic: Google,Squarespace
7257,185,01/03/2025,Hornchurch,Greater London,Essex,GB,0,16.66,Royal Mail Second Class,GBP,£,2.99,0,22.98,3.33,SQ9497841,1,One Month's Supply,1,16.66,,,,Referral: Bing.com,Squarespace
6106,186,29/09/2024,Portstewart,Northern Ireland,Northern Ireland,GB,0,12.49,Royal Mail Second Class,GBP,£,2.99,0,17.98,2.5,SQ7734740,1,Monthly Subscription,1,12.49,,,,Unknown,Squarespace
6331,186,29/10/2024,Portstewart,Northern Ireland,Northern Ireland,GB,0,12.49,Royal Mail Second Class,GBP,£,2.99,0,17.98,2.5,SQ7734740,1,Monthly Subscription,1,12.49,,,,Unknown,Squarespace
6531,186,29/11/2024,Portstewart,Northern Ireland,Northern Ireland,GB,0,12.49,Royal Mail Second Class,GBP,£,2.99,0,17.98,2.5,SQ7734740,1,Monthly Subscription,1,12.49,,,,Organic: Google,Squarespace
6746,186,29/12/2024,Portstewart,Northern Ireland,Northern Ireland,GB,0,12.49,Royal Mail Second Class,GBP,£,2.99,0,17.98,2.5,SQ7734740,1,Monthly Subscription,1,12.49,,,,Unknown,Squarespace
7029,186,29/01/2025,Portstewart,Northern Ireland,Northern Ireland,GB,0,12.49,Royal Mail Second Class,GBP,£,2.99,0,17.98,2.5,SQ7734740,1,Monthly Subscription,1,12.49,,,,Direct,Squarespace
7238,186,28/02/2025,Portstewart,Northern Ireland,Northern Ireland,GB,0,12.49,Royal Mail Second Class,GBP,£,2.99,0,17.98,2.5,SQ7734740,1,Monthly Subscription,1,12.49,,,,Direct,Squarespace
1619,186,28/08/2024,Portstewart,Northern Ireland,Northern Ireland,GB,0,14.99,Shipping,GBP,£,2.99,0,17.98,2.5,,1,Monthly Subscription,1,14.99,,,,Unknown,Woocommerce
1482,186,28/07/2024,Portstewart,Northern Ireland,Northern Ireland,GB,0,14.99,Shipping,GBP,£,2.99,0,17.98,2.5,,1,Monthly Subscription,1,14.99,,,,Unknown,Woocommerce
1330,186,28/06/2024,Portstewart,Northern Ireland,Northern Ireland,GB,0,14.99,Shipping,GBP,£,2.99,0,17.98,2.5,,1,Monthly Subscription,1,14.99,,,,Unknown,Woocommerce
1174,186,28/05/2024,Portstewart,Northern Ireland,Northern Ireland,GB,0,14.99,Shipping,GBP,£,2.99,0,17.98,2.5,,1,Monthly Subscription,1,14.99,,,,Unknown,Woocommerce
1026,186,28/04/2024,Portstewart,Northern Ireland,Northern Ireland,GB,0,14.99,Shipping,GBP,£,2.99,0,17.98,2.5,,1,Monthly Subscription,1,14.99,,,,Unknown,Woocommerce
838,186,28/03/2024,Portstewart,Northern Ireland,Northern Ireland,GB,0,14.99,Shipping,GBP,£,2.99,0,17.98,2.5,,1,Monthly Subscription,1,14.99,,,,Unknown,Woocommerce
554,186,28/12/2023,Portstewart,Northern Ireland,Northern Ireland,GB,0,14.99,Shipping,GBP,£,2.99,0,17.98,2.5,,1,Monthly Subscription,1,14.99,,,,Unknown,Woocommerce
493,186,28/11/2023,Portstewart,Northern Ireland,Northern Ireland,GB,0,14.99,Shipping,GBP,£,2.99,0,17.98,2.5,,1,Monthly Subscription,1,14.99,,,,Unknown,Woocommerce
411,186,28/10/2023,Portstewart,Northern Ireland,Northern Ireland,GB,0,14.99,Shipping,GBP,£,2.99,0,17.98,2.5,,1,Monthly Subscription,1,14.99,,,,Unknown,Woocommerce
347,186,28/09/2023,Portstewart,Northern Ireland,Northern Ireland,GB,0,14.99,Shipping,GBP,£,2.99,0,17.98,2.5,,1,Monthly Subscription,1,14.99,,,,Unknown,Woocommerce
271,186,02/08/2023,Portstewart,Northern Ireland,Northern Ireland,GB,9,35.98,Shipping,GBP,£,2.99,0,29.97,4.49,,1,Two Months' Supply,1,35.98,discount,9,0,Unknown,Woocommerce
7220,187,25/02/2025,Aberdeen,Scotland,,GB,7.491667,29.98,Royal Mail Second Class,GBP,£,2.99,0,29.98,4.5,SQ3720870,1,8 Week Trial,1,22.49,calm1,7.49,1.5,Organic: Google,Squarespace
7217,188,24/02/2025,Salford Quays,North West,,GB,0,16.66,Royal Mail Second Class,GBP,£,2.99,0,22.98,3.33,SQ9497841,1,One Month's Supply,1,16.66,,,,Organic: Google,Squarespace
7206,189,23/02/2025,Liskeard,South West,Cornwall,GB,0,29.98,Royal Mail Second Class,GBP,£,2.99,0,38.97,6,SQ3720870,1,8 Week Trial,1,29.98,,,,Direct,Squarespace
1635,189,04/09/2024,Liskeard,South West,Cornwall,GB,0,35.98,Shipping,GBP,£,2.99,0,38.97,5.99,,1,Two Months' Supply,1,35.98,,,,Web admin,Woocommerce
674,189,07/02/2024,Liskeard,South West,England,GB,9,35.98,Shipping,GBP,£,2.99,0,29.97,4.49,,1,Two Months' Supply,1,35.98,discount,9,0,Unknown,Woocommerce
7202,190,22/02/2025,Leeds,Yorkshire and the Humber,,GB,0,16.66,Royal Mail Second Class,GBP,£,2.99,0,22.98,3.33,SQ9497841,1,One Month's Supply,1,16.66,,,,Direct,Squarespace
7199,191,21/02/2025,Darwen,North West,Lancashire,GB,0,16.66,Royal Mail Second Class,GBP,£,2.99,0,22.98,3.33,SQ9497841,1,One Month's Supply,1,16.66,,,,Organic: Google,Squarespace
6612,192,08/12/2024,Dundee,Scotland,TAYSIDE,GB,7.491667,29.98,Royal Mail Second Class,GBP,£,2.99,0,29.98,4.5,SQ3720870,1,8 Week Trial,1,22.49,gutquiz25,7.49,1.5,Unknown,Squarespace
7197,192,21/02/2025,Dundee,Scotland,TAYSIDE,GB,0,12.49,Royal Mail Second Class,GBP,£,2.99,0,17.98,2.5,SQ7734740,1,Monthly Subscription,1,12.49,,,,Unknown,Squarespace
7196,193,21/02/2025,Bath,South West,Somerset,GB,0,29.98,Royal Mail Second Class,GBP,£,2.99,0,38.97,6,SQ3720870,1,8 Week Trial,1,29.98,,,,Unknown,Squarespace
6979,194,21/01/2025,Bristol,South West,,GB,0,12.49,Royal Mail Second Class,GBP,£,2.99,0,17.98,2.5,SQ7734740,1,Monthly Subscription,1,12.49,,,,Unknown,Squarespace
7194,194,21/02/2025,Bristol,South West,,GB,0,12.49,Royal Mail Second Class,GBP,£,2.99,0,17.98,2.5,SQ7734740,1,Monthly Subscription,1,12.49,,,,Referral: M.facebook.com,Squarespace
7189,195,21/02/2025,Erith,Greater London,Kent,GB,0,29.98,Royal Mail Second Class,GBP,£,2.99,0,38.97,6,SQ3720870,1,8 Week Trial,1,29.98,,,,Direct,Squarespace
6478,196,20/11/2024,Bristol,South West,ENGLAND,GB,0,12.49,Royal Mail Second Class,GBP,£,2.99,0,17.98,2.5,SQ7734740,1,Monthly Subscription,1,12.49,,,,Organic: Google,Squarespace
6707,196,20/12/2024,Bristol,South West,ENGLAND,GB,0,12.49,Royal Mail Second Class,GBP,£,2.99,0,17.98,2.5,SQ7734740,1,Monthly Subscription,1,12.49,,,,Organic: Google,Squarespace
6971,196,20/01/2025,Bristol,South West,ENGLAND,GB,0,12.49,Royal Mail Second Class,GBP,£,2.99,0,17.98,2.5,SQ7734740,1,Monthly Subscription,1,12.49,,,,Direct,Squarespace
7188,196,20/02/2025,Bristol,South West,ENGLAND,GB,0,12.49,Royal Mail Second Class,GBP,£,2.99,0,17.98,2.5,SQ7734740,1,Monthly Subscription,1,12.49,,,,Organic: Google,Squarespace
7187,197,20/02/2025,Ammanford,Wales,,GB,0,29.98,Royal Mail Second Class,GBP,£,2.99,0,38.97,6,SQ3720870,1,8 Week Trial,1,29.98,,,,Organic: Google,Squarespace
7019,198,27/01/2025,"Wandsworth, London",Greater London,ENGLAND,GB,0,16.66,Royal Mail Second Class,GBP,£,2.99,0,22.98,3.33,SQ9497841,1,One Month's Supply,1,16.66,,,,Direct,Squarespace
7186,198,20/02/2025,"Wandsworth, London",Greater London,ENGLAND,GB,0,29.98,Royal Mail First Class,GBP,£,3.99,0,39.97,6,SQ3720870,1,8 Week Trial,1,29.98,,,,Direct,Squarespace
7181,199,19/02/2025,Cardiff,Wales,WALES,GB,0,29.98,Royal Mail Second Class,GBP,£,2.99,0,38.97,6,SQ3720870,1,8 Week Trial,1,29.98,,,,Organic: Google,Squarespace
6250,200,16/10/2024,Bleadon,South West,Weston-super-Mare,GB,0,29.98,Royal Mail Second Class,GBP,£,2.99,0,38.97,6,SQ3720870,1,8 Week Trial,1,29.98,,,,Organic: Google,Squarespace
7179,200,19/02/2025,Bleadon,South West,Weston-super-Mare,GB,3,37.48,Royal Mail Second Class,GBP,£,2.99,0,44.36,6.89,SQ7734740,1,Monthly Subscription,3,11.49,sub8,3,0.6,Referral: Ferryx.com,Squarespace
7174,201,19/02/2025,Birmingham,West Midlands,WEST MIDLAND,GB,0,29.98,Royal Mail First Class,GBP,£,3.99,0,39.97,6,SQ3720870,1,8 Week Trial,1,29.98,,,,Direct,Squarespace
7171,202,18/02/2025,Morpeth,North East,Northumberland,GB,0,29.98,Royal Mail Second Class,GBP,£,2.99,0,38.97,6,SQ3720870,1,8 Week Trial,1,29.98,,,,Organic: Google,Squarespace
6266,203,18/10/2024,Red Lodge,East of England,Suffolk,GB,0,12.49,Royal Mail Second Class,GBP,£,2.99,0,17.98,2.5,SQ7734740,1,Monthly Subscription,1,12.49,,,,Referral: Ferryx.com,Squarespace
6462,203,18/11/2024,Red Lodge,East of England,Suffolk,GB,0,12.49,Royal Mail Second Class,GBP,£,2.99,0,17.98,2.5,SQ7734740,1,Monthly Subscription,1,12.49,,,,Unknown,Squarespace
6692,203,18/12/2024,Red Lodge,East of England,Suffolk,GB,0,12.49,Royal Mail Second Class,GBP,£,2.99,0,17.98,2.5,SQ7734740,1,Monthly Subscription,1,12.49,,,,Organic: Google,Squarespace
6955,203,18/01/2025,Red Lodge,East of England,Suffolk,GB,0,12.49,Royal Mail Second Class,GBP,£,2.99,0,17.98,2.5,SQ7734740,1,Monthly Subscription,1,12.49,,,,Organic: Google,Squarespace
7169,203,18/02/2025,Red Lodge,East of England,Suffolk,GB,0,12.49,Royal Mail Second Class,GBP,£,2.99,0,17.98,2.5,SQ7734740,1,Monthly Subscription,1,12.49,,,,Unknown,Squarespace
5602,203,18/09/2024,Red Lodge,East of England,Suffolk,GB,0,12.49,Royal Mail Second Class,GBP,£,2.99,0,17.98,2.5,SQ7734740,1,Monthly Subscription,1,12.49,,,,Web admin,Woocommerce
1570,203,18/08/2024,Red Lodge,East of England,Suffolk,GB,0,14.99,Shipping,GBP,£,2.99,0,17.98,2.5,,1,Monthly Subscription,1,14.99,,,,Unknown,Woocommerce
1420,203,18/07/2024,Red Lodge,East of England,Suffolk,GB,0,14.99,Shipping,GBP,£,2.99,0,17.98,2.5,,1,Monthly Subscription,1,14.99,,,,Unknown,Woocommerce
1268,203,18/06/2024,Red Lodge,East of England,Suffolk,GB,0,14.99,Shipping,GBP,£,2.99,0,17.98,2.5,,1,Monthly Subscription,1,14.99,,,,Unknown,Woocommerce
1129,203,18/05/2024,Red Lodge,East of England,Suffolk,GB,0,14.99,Shipping,GBP,£,2.99,0,17.98,2.5,,1,Monthly Subscription,1,14.99,,,,Unknown,Woocommerce
905,203,18/04/2024,Red Lodge,East of England,Suffolk,GB,0,14.99,Shipping,GBP,£,2.99,0,17.98,2.5,,1,Monthly Subscription,1,14.99,,,,Unknown,Woocommerce
799,203,18/03/2024,Red Lodge,East of England,Suffolk,GB,0,14.99,Shipping,GBP,£,2.99,0,17.98,2.5,,1,Monthly Subscription,1,14.99,,,,Unknown,Woocommerce
700,203,18/02/2024,Red Lodge,East of England,Suffolk,GB,0,14.99,Shipping,GBP,£,2.99,0,17.98,2.5,,1,Monthly Subscription,1,14.99,,,,Unknown,Woocommerce
618,203,18/01/2024,Red Lodge,East of England,Suffolk,GB,0,14.99,Shipping,GBP,£,2.99,0,17.98,2.5,,1,Monthly Subscription,1,14.99,,,,Unknown,Woocommerce
533,203,18/12/2023,Red Lodge,East of England,Suffolk,GB,0,14.99,Shipping,GBP,£,2.99,0,17.98,2.5,,1,Monthly Subscription,1,14.99,,,,Unknown,Woocommerce
465,203,18/11/2023,Red Lodge,East of England,Suffolk,GB,0,14.99,Shipping,GBP,£,2.99,0,17.98,2.5,,1,Monthly Subscription,1,14.99,,,,Unknown,Woocommerce
6652,204,13/12/2024,Basingstoke,South East,,GB,0,16.66,Royal Mail Second Class,GBP,£,2.99,0,22.98,3.33,SQ9497841,1,One Month's Supply,1,16.66,,,,Organic: Google,Squarespace
6933,204,15/01/2025,Basingstoke,South East,England,GB,0,12.49,Royal Mail Second Class,GBP,£,2.99,0,17.98,2.5,SQ7734740,1,Monthly Subscription,1,12.49,,,,Unknown,Squarespace
7132,204,15/02/2025,Basingstoke,South East,England,GB,0,12.49,Royal Mail Second Class,GBP,£,2.99,0,17.98,2.5,SQ7734740,1,Monthly Subscription,1,12.49,,,,Unknown,Squarespace
1266,204,18/06/2024,Basingstoke,South East,England,GB,0,35.98,Shipping,GBP,£,3.99,0,39.97,5.99,,1,8 Week Trial,1,35.98,,,,Unknown,Woocommerce
6490,205,21/11/2024,York,Yorkshire and the Humber,,GB,0,29.98,Royal Mail Second Class,GBP,£,2.99,0,38.97,6,SQ3720870,1,8 Week Trial,1,29.98,,,,Direct,Squarespace
7131,205,15/02/2025,York,Yorkshire and the Humber,,GB,0,33.32,Royal Mail Second Class,GBP,£,2.99,0,42.97,6.66,SQ9497841,1,One Month's Supply,2,16.66,,,,Unknown,Squarespace
1270,205,18/06/2024,York,Yorkshire and the Humber,England,GB,0,35.98,Shipping,GBP,£,2.99,0,38.97,5.99,,1,Two Months' Supply,1,35.98,,,,Unknown,Woocommerce
7129,206,14/02/2025,La Turbie,Monaco/France,,FR,0,19.76,Royal Mail International Tracked,EUR,€,11.84774,0,35.56,3.95,SQ9497841,1,One Month's Supply,1,19.76,,,,Direct,Squarespace
6237,207,14/10/2024,Woking,South East,Surrey,GB,0,12.49,Royal Mail Second Class,GBP,£,2.99,0,17.98,2.5,SQ7734740,1,Monthly Subscription,1,12.49,,,,Unknown,Squarespace
6437,207,14/11/2024,Woking,South East,Surrey,GB,0,12.49,Royal Mail Second Class,GBP,£,2.99,0,17.98,2.5,SQ7734740,1,Monthly Subscription,1,12.49,,,,Unknown,Squarespace
6655,207,14/12/2024,Woking,South East,Surrey,GB,0,12.49,Royal Mail Second Class,GBP,£,2.99,0,17.98,2.5,SQ7734740,1,Monthly Subscription,1,12.49,,,,Direct,Squarespace
6836,207,14/01/2025,Woking,South East,Surrey,GB,0,12.49,Royal Mail Second Class,GBP,£,2.99,0,17.98,2.5,SQ7734740,1,Monthly Subscription,1,12.49,,,,Organic: Google,Squarespace
7127,207,14/02/2025,Woking,South East,Surrey,GB,0,12.49,Royal Mail Second Class,GBP,£,2.99,0,17.98,2.5,SQ7734740,1,Monthly Subscription,1,12.49,,,,Unknown,Squarespace
6233,208,14/10/2024,Shaftesbury,South West,England,GB,0,12.49,Royal Mail Second Class,GBP,£,2.99,0,17.98,2.5,SQ7734740,1,Monthly Subscription,1,12.49,,,,Unknown,Squarespace
6436,208,14/11/2024,Shaftesbury,South West,England,GB,0,12.49,Royal Mail Second Class,GBP,£,2.99,0,17.98,2.5,SQ7734740,1,Monthly Subscription,1,12.49,,,,Organic: Google,Squarespace
6654,208,14/12/2024,Shaftesbury,South West,England,GB,0,12.49,Royal Mail Second Class,GBP,£,2.99,0,17.98,2.5,SQ7734740,1,Monthly Subscription,1,12.49,,,,Referral: Bing.com,Squarespace
6832,208,14/01/2025,Shaftesbury,South West,England,GB,0,12.49,Royal Mail Second Class,GBP,£,2.99,0,17.98,2.5,SQ7734740,1,Monthly Subscription,1,12.49,,,,Direct,Squarespace
7125,208,14/02/2025,Shaftesbury,South West,England,GB,0,12.49,Royal Mail Second Class,GBP,£,2.99,0,17.98,2.5,SQ7734740,1,Monthly Subscription,1,12.49,,,,Unknown,Squarespace
1509,208,06/08/2024,"Shaftesbury, Dorset",South West,England,GB,9,35.98,Shipping,GBP,£,2.99,0,29.97,4.49,,1,8 Week Trial,1,35.98,discount,9,0,Unknown,Woocommerce
6830,209,13/01/2025,London,Greater London,LONDON,GB,0,12.49,Royal Mail Second Class,GBP,£,2.99,0,17.98,2.5,SQ7734740,1,Monthly Subscription,1,12.49,,,,Unknown,Squarespace
6972,209,20/01/2025,London,Greater London,LONDON,GB,0,16.66,Royal Mail Second Class,GBP,£,2.99,0,22.98,3.33,SQ9497841,1,One Month's Supply,1,16.66,,,,Organic: Google,Squarespace
7124,209,13/02/2025,London,Greater London,LONDON,GB,0,12.49,Royal Mail Second Class,GBP,£,2.99,0,17.98,2.5,SQ7734740,1,Monthly Subscription,1,12.49,,,,Organic: Google,Squarespace
7117,210,12/02/2025,London,Greater London,,GB,4.166667,16.66,Royal Mail Second Class,GBP,£,2.99,0,17.98,2.5,SQ9497841,1,One Month's Supply,1,12.49,calm1,4.17,0.83,Direct,Squarespace
6222,211,12/10/2024,Bristol,South West,Select county,GB,0,12.49,Royal Mail Second Class,GBP,£,2.99,0,17.98,2.5,SQ7734740,1,Monthly Subscription,1,12.49,,,,Referral: Ferryx.com,Squarespace
6417,211,12/11/2024,Bristol,South West,,GB,0,12.49,Royal Mail Second Class,GBP,£,2.99,0,17.98,2.5,SQ7734740,1,Monthly Subscription,1,12.49,,,,Organic: Google,Squarespace
6638,211,12/12/2024,Bristol,South West,Select county,GB,0,12.49,Royal Mail Second Class,GBP,£,2.99,0,17.98,2.5,SQ7734740,1,Monthly Subscription,1,12.49,,,,Web admin,Squarespace
6822,211,12/01/2025,Bristol,South West,Select county,GB,0,12.49,Royal Mail Second Class,GBP,£,2.99,0,17.98,2.5,SQ7734740,1,Monthly Subscription,1,12.49,,,,Direct,Squarespace
7112,211,12/02/2025,Bristol,South West,Select county,GB,0,12.49,Royal Mail Second Class,GBP,£,2.99,0,17.98,2.5,SQ7734740,1,Monthly Subscription,1,12.49,,,,Organic: Google,Squarespace
996,211,25/04/2024,Bristol,South West,Select county,GB,9,35.98,Shipping,GBP,£,2.99,0,29.97,4.49,,1,8 Week Trial,1,35.98,discount,9,0,Unknown,Woocommerce
7109,212,11/02/2025,"Framfield, Wealden",South East,ENGLAND,GB,0,29.98,Royal Mail Second Class,GBP,£,2.99,0,38.97,6,SQ3720870,1,8 Week Trial,1,29.98,,,,Direct,Squarespace
7103,213,11/02/2025,Watford,South East,,GB,0,29.98,Royal Mail Second Class,GBP,£,2.99,0,38.97,6,SQ3720870,1,8 Week Trial,1,29.98,,,,Direct,Squarespace
7102,214,10/02/2025,London,Greater London,,GB,0,29.98,Royal Mail First Class,GBP,£,3.99,0,39.97,6,SQ3720870,1,8 Week Trial,1,29.98,,,,Organic: Google,Squarespace
7096,215,09/02/2025,Luserna San Giovanni,Italy,TO,IT,0,19.76,Royal Mail International Tracked,EUR,€,11.84774,0,35.56,3.95,SQ9497841,1,One Month's Supply,1,19.76,,,,Unknown,Squarespace
5671,216,06/09/2024,Newry,Northern Ireland,Northern Ireland,GB,0,12.49,Royal Mail Second Class,GBP,£,2.99,0,17.98,2.5,SQ7734740,1,Monthly Subscription,1,12.49,,,,Direct,Squarespace
6157,216,06/10/2024,Newry,Northern Ireland,Northern Ireland,GB,0,12.49,Royal Mail Second Class,GBP,£,2.99,0,17.98,2.5,SQ7734740,1,Monthly Subscription,1,12.49,,,,Unknown,Squarespace
1510,216,06/08/2024,Newry,Northern Ireland,Northern Ireland,GB,0,14.99,Shipping,GBP,£,2.99,0,17.98,2.5,,1,Monthly Subscription,1,14.99,,,,Unknown,Woocommerce
1057,216,03/05/2024,Newry,Northern Ireland,Northern Ireland,GB,9,35.98,Shipping,GBP,£,2.99,0,29.97,4.49,,1,Two Months' Supply,1,35.98,discount,9,0,Unknown,Woocommerce
7092,216,08/02/2025,Seaforde,Northern Ireland,County Down,GB,0,29.98,Royal Mail First Class,GBP,£,3.99,0,39.97,6,SQ3720870,1,8 Week Trial,1,29.98,,,,Web admin,Squarespace
7089,217,08/02/2025,Brigg,Yorkshire and the Humber,ENG,GB,0,12.49,Royal Mail Second Class,GBP,£,2.99,0,17.98,2.5,SQ7734740,1,Monthly Subscription,1,12.49,,,,Referral: Search.app,Squarespace
7088,218,08/02/2025,Newcastle Upon Tyne,North East,Tyne and Wear,GB,0,29.98,Royal Mail Second Class,GBP,£,2.99,0,38.97,6,SQ3720870,1,8 Week Trial,1,29.98,,,,Referral: Duckduckgo.com,Squarespace
7087,219,08/02/2025,Ogmore By Sea,Wales,,GB,0,16.66,Royal Mail Second Class,GBP,£,2.99,0,22.98,3.33,SQ9497841,1,One Month's Supply,1,16.66,,,,Direct,Squarespace
6835,220,14/01/2025,Wigan,North West,,GB,0,16.66,Royal Mail Second Class,GBP,£,2.99,0,22.98,3.33,SQ9497841,1,One Month's Supply,1,16.66,,,,Direct,Squarespace
7083,220,07/02/2025,Wigan,North West,,GB,0,29.98,Royal Mail Second Class,GBP,£,2.99,0,38.97,6,SQ3720870,1,8 Week Trial,1,29.98,,,,Organic: Google,Squarespace
6181,221,08/10/2024,Bucharest,Romania,B,RO,0,98.12,Royal Mail International Tracked,RON,lei,58.84,0,175.6,18.64,SQ9497841,1,One Month's Supply,1,98.12,,,,Unknown,Squarespace
6239,221,14/10/2024,Bucharest,Romania,B,RO,0,98.12,Royal Mail International Standard,RON,lei,41.17,0,157.93,18.64,SQ9497841,1,One Month's Supply,1,98.12,,,,Referral: Ferryx.com,Squarespace
7068,221,04/02/2025,Bucharest,Romania,B,RO,0,176.6,Royal Mail International Tracked,RON,lei,58.839701,0,270.76,35.32,SQ3720870,1,8 Week Trial,1,176.6,,,,Direct,Squarespace
7058,222,03/02/2025,London,Greater London,,GB,0,29.98,Royal Mail Second Class,GBP,£,2.99,0,38.97,6,SQ3720870,1,8 Week Trial,1,29.98,,,,Web admin,Squarespace
7053,223,02/02/2025,Helensburgh,Scotland,Argyll and Bute,GB,0,29.98,Royal Mail Second Class,GBP,£,2.99,19.96,38.97,6,SQ3720870,1,8 Week Trial,1,29.98,,,,Organic: Google,Squarespace
7052,224,02/02/2025,Jimena De La Frontera,Spain,CA,ES,0,35.56,Royal Mail International Tracked,EUR,€,11.84774,0,54.52,7.11,SQ3720870,1,8 Week Trial,1,35.56,,,,Organic: Google,Squarespace
7050,225,01/02/2025,St. Leonards-On-Sea,South East,East Sussex,GB,4.166667,16.66,Royal Mail Second Class,GBP,£,2.99,0,17.98,2.5,SQ9497841,1,One Month's Supply,1,12.49,calm1,4.17,0.83,Unknown,Squarespace
7049,226,01/02/2025,Fareham,South East,,GB,0,16.66,Royal Mail Second Class,GBP,£,2.99,0,22.98,3.33,SQ9497841,1,One Month's Supply,1,16.66,,,,Unknown,Squarespace
6754,227,30/12/2024,London,Greater London,,GB,0,16.66,Royal Mail First Class,GBP,£,3.99,0,23.98,3.33,SQ9497841,1,One Month's Supply,1,16.66,,,,Direct,Squarespace
7036,227,29/01/2025,London,Greater London,DULWICH,GB,0,16.66,Royal Mail Second Class,GBP,£,2.99,0,22.98,3.33,SQ9497841,1,One Month's Supply,1,16.66,,,,Organic: Google,Squarespace
6348,228,31/10/2024,Preston,North West,Lancs,GB,0,29.98,Royal Mail Second Class,GBP,£,2.99,0,38.97,6,SQ3720870,1,8 Week Trial,1,29.98,,,,Direct,Squarespace
7034,228,29/01/2025,Preston,North West,Lancs,GB,0,29.98,Royal Mail Second Class,GBP,£,2.99,0,38.97,6,SQ3720870,1,8 Week Trial,1,29.98,,,,Organic: Google,Squarespace
1406,228,15/07/2024,Preston,North West,Lancs,GB,0,35.98,Shipping,GBP,£,2.99,0,38.97,5.99,,1,8 Week Trial,1,35.98,,,,Unknown,Woocommerce
818,228,23/03/2024,Preston,North West,Lancs,GB,0,35.98,Shipping,GBP,£,2.99,0,38.97,5.99,,1,8 Week Trial,1,35.98,,,,Unknown,Woocommerce
701,228,18/02/2024,Preston,North West,Lancs,GB,5,19.99,Shipping,GBP,£,3.99,0,18.98,2.5,,1,One Month's Supply,1,19.99,discount,5,0,Unknown,Woocommerce
7025,229,28/01/2025,Bristol,South West,BRISTOL,GB,0,16.66,Royal Mail Second Class,GBP,£,2.99,0,22.98,3.33,SQ9497841,1,One Month's Supply,1,16.66,,,,Direct,Squarespace
7024,230,28/01/2025,Bishops Waltham,South East,HAMPSHIRE,GB,0,29.98,Royal Mail Second Class,GBP,£,2.99,0,38.97,6,SQ3720870,1,8 Week Trial,1,29.98,,,,Direct,Squarespace
6627,231,10/12/2024,Penarth,Wales,South Glamorgan,GB,0,29.98,Royal Mail Second Class,GBP,£,2.99,0,38.97,6,SQ3720870,1,8 Week Trial,1,29.98,,,,Organic: Google,Squarespace
7021,231,27/01/2025,Penarth,Wales,South Glamorgan,GB,0,29.98,Royal Mail Second Class,GBP,£,2.99,0,38.97,6,SQ3720870,1,8 Week Trial,1,29.98,,,,Direct,Squarespace
7016,232,26/01/2025,Nottingham,East Midlands,ENGLAND,GB,0,29.98,Royal Mail Second Class,GBP,£,2.99,0,38.97,6,SQ3720870,1,8 Week Trial,1,29.98,,,,Unknown,Squarespace
6342,233,30/10/2024,Exeter,South West,Devon,GB,0,29.98,Royal Mail Second Class,GBP,£,2.99,0,38.97,6,SQ3720870,1,8 Week Trial,1,29.98,,,,Unknown,Squarespace
6736,233,26/12/2024,Exeter,South West,,GB,0,12.49,Royal Mail Second Class,GBP,£,2.99,0,17.98,2.5,SQ7734740,1,Monthly Subscription,1,12.49,,,,Direct,Squarespace
7014,233,26/01/2025,Exeter,South West,,GB,0,24.98,Royal Mail Second Class,GBP,£,2.99,0,32.97,5,SQ7734740,1,Monthly Subscription,2,12.49,,,,Organic: Google,Squarespace
7003,234,25/01/2025,Bath,South West,,GB,0,29.98,Royal Mail Second Class,GBP,£,2.99,0,38.97,6,SQ3720870,1,8 Week Trial,1,29.98,,,,Direct,Squarespace
6984,235,21/01/2025,Eastville,South West,,GB,0,62.46,Royal Mail Second Class,GBP,£,2.99,2.99,77.94,12.49,SQ7734740,1,Monthly Subscription,5,12.49,,,,Organic: Google,Squarespace
6982,235,21/01/2025,Eastville,South West,,GB,0,12.49,Royal Mail Second Class,GBP,£,2.99,0,17.98,2.5,SQ7734740,1,Monthly Subscription,1,12.49,,,,Unknown,Squarespace
6575,236,03/12/2024,Aberlour,Scotland,Banffshire,GB,0,16.66,Royal Mail Second Class,GBP,£,2.99,0,22.98,3.33,SQ9497841,1,One Month's Supply,1,16.66,,,,Direct,Squarespace
6978,236,21/01/2025,Aberlour,Scotland,Moray,GB,0,29.98,Royal Mail Second Class,GBP,£,2.99,0,38.97,6,SQ3720870,1,8 Week Trial,1,29.98,,,,Unknown,Squarespace
5839,237,21/09/2024,Bath,South West,,GB,0,12.49,Royal Mail Second Class,GBP,£,2.99,0,17.98,2.5,SQ7734740,1,Monthly Subscription,1,12.49,,,,Unknown,Squarespace
6281,237,21/10/2024,Bath,South West,,GB,0,12.49,Royal Mail Second Class,GBP,£,2.99,0,17.98,2.5,SQ7734740,1,Monthly Subscription,1,12.49,,,,Unknown,Squarespace
6480,237,21/11/2024,Bath,South West,,GB,0,12.49,Royal Mail Second Class,GBP,£,2.99,0,17.98,2.5,SQ7734740,1,Monthly Subscription,1,12.49,,,,Direct,Squarespace
6708,237,21/12/2024,Bath,South West,,GB,0,12.49,Royal Mail Second Class,GBP,£,2.99,0,17.98,2.5,SQ7734740,1,Monthly Subscription,1,12.49,,,,Direct,Squarespace
6975,237,21/01/2025,Bath,South West,,GB,0,12.49,Royal Mail Second Class,GBP,£,2.99,0,17.98,2.5,SQ7734740,1,Monthly Subscription,1,12.49,,,,Direct,Squarespace
1587,237,21/08/2024,Bath,South West,England,GB,0,14.99,Shipping,GBP,£,2.99,0,17.98,2.5,,1,Monthly Subscription,1,14.99,,,,Unknown,Woocommerce
1442,237,21/07/2024,Bath,South West,England,GB,0,14.99,Shipping,GBP,£,2.99,0,17.98,2.5,,1,Monthly Subscription,1,14.99,,,,Unknown,Woocommerce
1288,237,21/06/2024,Bath,South West,England,GB,0,14.99,Shipping,GBP,£,2.99,0,17.98,2.5,,1,Monthly Subscription,1,14.99,,,,Unknown,Woocommerce
1159,237,25/05/2024,Bath,South West,England,GB,0,19.99,Shipping,GBP,£,2.99,0,22.98,3.33,,1,One Month's Supply,1,19.99,,,,Unknown,Woocommerce
6970,238,20/01/2025,Glasgow,Scotland,Glasgow,GB,0,16.66,Royal Mail Second Class,GBP,£,2.99,0,22.98,3.33,SQ9497841,1,One Month's Supply,1,16.66,,,,Organic: Google,Squarespace
6309,239,26/10/2024,Norwich,East of England,Norfolk,GB,0,16.66,Royal Mail Second Class,GBP,£,2.99,0,22.98,3.33,SQ9497841,1,One Month's Supply,1,16.66,,,,Direct,Squarespace
6963,239,20/01/2025,Norwich,East of England,Norfolk,GB,0,16.66,Royal Mail Second Class,GBP,£,2.99,0,22.98,3.33,SQ9497841,1,One Month's Supply,1,16.66,,,,Direct,Squarespace
746,239,29/02/2024,Norwich,East of England,Norfolk,GB,0,19.99,Shipping,GBP,£,2.99,0,22.98,3.33,,1,One Month's Supply,1,19.99,,,,Unknown,Woocommerce
648,239,28/01/2024,Norwich,East of England,Norfolk,GB,0,19.99,Shipping,GBP,£,2.99,0,22.98,3.33,,1,One Month's Supply,1,19.99,,,,Unknown,Woocommerce
497,239,01/12/2023,Norwich,East of England,Norfolk,GB,0,14.99,Shipping,GBP,£,2.99,0,17.98,2.5,,1,Monthly Subscription,1,14.99,,,,Unknown,Woocommerce
420,239,01/11/2023,Norwich,East of England,Norfolk,GB,0,14.99,Shipping,GBP,£,2.99,0,17.98,2.5,,1,Monthly Subscription,1,14.99,,,,Unknown,Woocommerce
351,239,01/10/2023,Norwich,East of England,Norfolk,GB,0,14.99,Shipping,GBP,£,2.99,0,17.98,2.5,,1,Monthly Subscription,1,14.99,,,,Unknown,Woocommerce
6962,240,19/01/2025,Oxford,South East,Oxfordshire,GB,0,29.98,Royal Mail First Class,GBP,£,3.99,0,39.97,6,SQ3720870,1,8 Week Trial,1,29.98,,,,Direct,Squarespace
6953,241,18/01/2025,Fort William,Scotland,State/Province,GB,0,16.66,Royal Mail First Class,GBP,£,3.99,0,23.98,3.33,SQ9497841,1,One Month's Supply,1,16.66,,,,Unknown,Squarespace
6951,242,17/01/2025,Sudbury,East of England,Suffolk,GB,0,16.66,Royal Mail Second Class,GBP,£,2.99,0,22.98,3.33,SQ9497841,1,One Month's Supply,1,16.66,,,,Direct,Squarespace
6454,243,16/11/2024,Corringham,East of England,Essex,GB,2.5,16.66,Royal Mail Second Class,GBP,£,2.99,0,19.98,2.83,SQ9497841,1,One Month's Supply,1,14.16,rev15,2.5,0.5,Unknown,Squarespace
6944,243,16/01/2025,Corringham,East of England,,GB,2.5,16.66,Royal Mail Second Class,GBP,£,2.99,0,19.98,2.83,SQ9497841,1,One Month's Supply,1,14.16,rev15,2.5,0.5,Unknown,Squarespace
6943,244,16/01/2025,Bucharest,Romania,B,RO,0,176.6,Royal Mail International Tracked,RON,lei,58.839701,0,270.76,35.32,SQ3720870,1,8 Week Trial,1,176.6,,,,Organic: Google,Squarespace
1685,244,15/09/2024,Bucuresti,Romania,,RO,0,35.98,Shipping,GBP,£,6.99,0,42.97,0,,1,8 Week Trial,1,35.98,,,,Organic: Google,Woocommerce
6940,245,16/01/2025,Wysall,East Midlands,,GB,7.491667,29.98,Royal Mail Second Class,GBP,£,2.99,0,29.98,4.5,SQ3720870,1,8 Week Trial,1,22.49,calm1,7.49,1.5,Direct,Squarespace
6888,246,15/01/2025,Kingston,South East,Surrey,GB,0,16.66,Royal Mail First Class,GBP,£,3.99,0,23.98,3.33,SQ9497841,1,One Month's Supply,1,16.66,,,,Unknown,Squarespace
6838,247,14/01/2025,Honiton,South West,Devon,GB,0,29.98,Royal Mail Second Class,GBP,£,2.99,0,38.97,6,SQ3720870,1,8 Week Trial,1,29.98,,,,Organic: Google,Squarespace
6425,248,12/11/2024,Ystrad Meurig,Wales,Ceredigion,GB,0,12.49,Royal Mail Second Class,GBP,£,2.99,0,17.98,2.5,SQ7734740,1,Monthly Subscription,1,12.49,,,,Direct,Squarespace
6645,248,12/12/2024,Ystrad Meurig,Wales,Ceredigion,GB,0,12.49,Royal Mail Second Class,GBP,£,2.99,0,17.98,2.5,SQ7734740,1,Monthly Subscription,1,12.49,,,,Direct,Squarespace
6827,248,12/01/2025,Ystrad Meurig,Wales,Ceredigion,GB,0,12.49,Royal Mail Second Class,GBP,£,2.99,0,17.98,2.5,SQ7734740,1,Monthly Subscription,1,12.49,,,,Unknown,Squarespace
1197,248,05/06/2024,Ystrad Meurig,Wales,Ceredigion,GB,9,35.98,Shipping,GBP,£,3.99,0,30.97,4.49,,1,8 Week Trial,1,35.98,discount,9,0,Unknown,Woocommerce
6812,249,09/01/2025,Wirral,North West,ENGLAND,GB,0,29.98,Royal Mail Second Class,GBP,£,2.99,0,38.97,6,SQ3720870,1,8 Week Trial,1,29.98,,,,Organic: Google,Squarespace
6802,250,08/01/2025,Gosport,South East,,GB,0,29.98,Royal Mail First Class,GBP,£,3.99,0,39.97,6,SQ3720870,1,8 Week Trial,1,29.98,,,,Referral: Bing.com,Squarespace
6798,251,07/01/2025,Oldham,North West,ENGLAND,GB,0,29.98,Royal Mail Second Class,GBP,£,2.99,0,38.97,6,SQ3720870,1,8 Week Trial,1,29.98,,,,Unknown,Squarespace
6797,252,07/01/2025,Glasgow,Scotland,,GB,0,16.66,Royal Mail Second Class,GBP,£,2.99,0,22.98,3.33,SQ9497841,1,One Month's Supply,1,16.66,,,,Unknown,Squarespace
933,252,23/04/2024,Glasgow,Scotland,SCT,GB,5,19.99,Shipping,GBP,£,3.99,0,18.98,2.5,,1,One Month's Supply,1,19.99,discount,5,0,Unknown,Woocommerce
5675,253,06/09/2024,London,Greater London,,GB,0,12.49,Royal Mail Second Class,GBP,£,2.99,0,17.98,2.5,SQ7734740,1,Monthly Subscription,1,12.49,,,,Direct,Squarespace
6161,253,06/10/2024,London,Greater London,,GB,0,12.49,Royal Mail Second Class,GBP,£,2.99,0,17.98,2.5,SQ7734740,1,Monthly Subscription,1,12.49,,,,Direct,Squarespace
6393,253,06/11/2024,London,Greater London,,GB,0,12.49,Royal Mail Second Class,GBP,£,2.99,0,17.98,2.5,SQ7734740,1,Monthly Subscription,1,12.49,,,,Referral: Bing.com,Squarespace
6603,253,06/12/2024,London,Greater London,,GB,0,12.49,Royal Mail Second Class,GBP,£,2.99,0,17.98,2.5,SQ7734740,1,Monthly Subscription,1,12.49,,,,Unknown,Squarespace
6795,253,06/01/2025,London,Greater London,,GB,0,12.49,Royal Mail Second Class,GBP,£,2.99,0,17.98,2.5,SQ7734740,1,Monthly Subscription,1,12.49,,,,Referral: Instagram.com,Squarespace
1505,253,06/08/2024,London,Greater London,BFP,GB,0,14.99,Shipping,GBP,£,2.99,0,17.98,2.5,,1,Monthly Subscription,1,14.99,,,,Unknown,Woocommerce
1371,253,06/07/2024,London,Greater London,,GB,0,14.99,Shipping,GBP,£,2.99,0,17.98,2.5,,1,Monthly Subscription,1,14.99,,,,Unknown,Woocommerce
1202,253,06/06/2024,London,Greater London,,GB,0,14.99,Shipping,GBP,£,2.99,0,17.98,2.5,,1,Monthly Subscription,1,14.99,,,,Unknown,Woocommerce
1045,253,01/05/2024,London,Greater London,,GB,9,35.98,Shipping,GBP,£,3.99,0,30.97,4.49,,1,8 Week Trial,1,35.98,discount,9,0,Unknown,Woocommerce
6383,254,05/11/2024,Bristol,South West,Avon,GB,0,16.66,Royal Mail Second Class,GBP,£,2.99,0,22.98,3.33,SQ9497841,1,One Month's Supply,1,16.66,,,,Unknown,Squarespace
6597,254,06/12/2024,Bristol,South West,,GB,0,12.49,Royal Mail Second Class,GBP,£,2.99,0,17.98,2.5,SQ7734740,1,Monthly Subscription,1,12.49,,,,Unknown,Squarespace
6791,254,06/01/2025,Bristol,South West,,GB,0,12.49,Royal Mail Second Class,GBP,£,2.99,0,17.98,2.5,SQ7734740,1,Monthly Subscription,1,12.49,,,,Source: Customer_notification,Squarespace
6241,254,14/10/2024,"Soundwell, Bristol",South West,South Gloucestershire,GB,4.166667,16.66,Royal Mail Second Class,GBP,£,2.99,0,17.98,2.5,SQ9497841,1,One Month's Supply,1,12.49,calm1,4.17,0.83,Unknown,Squarespace
6158,255,06/10/2024,Swindon,South West,Wiltshire,GB,0,12.49,Shipping,GBP,£,2.99,0,17.98,2.5,SQ7734740,1,Monthly Subscription,1,12.49,,,,Unknown,Squarespace
6388,255,06/11/2024,Swindon,South West,Wiltshire,GB,0,12.49,Shipping,GBP,£,2.99,0,17.98,2.5,SQ7734740,1,Monthly Subscription,1,12.49,,,,Direct,Squarespace
6596,255,06/12/2024,Swindon,South West,Wiltshire,GB,0,12.49,Shipping,GBP,£,2.99,0,17.98,2.5,SQ7734740,1,Monthly Subscription,1,12.49,,,,Unknown,Squarespace
6790,255,06/01/2025,Swindon,South West,Wiltshire,GB,0,12.49,Shipping,GBP,£,2.99,0,17.98,2.5,SQ7734740,1,Monthly Subscription,1,12.49,,,,Web admin,Squarespace
1653,255,06/09/2024,Swindon,South West,Wiltshire,GB,0,14.99,Shipping,GBP,£,2.99,0,17.98,0,,1,Monthly Subscription,1,14.99,,,,Unknown,Woocommerce
1183,255,31/05/2024,Swindon,South West,Wiltshire,GB,9,35.98,Shipping,GBP,£,2.99,0,29.97,4.49,,1,Two Months' Supply,1,35.98,discount,9,0,Unknown,Woocommerce
6789,256,06/01/2025,Bristol,South West,Bristol,GB,0,16.66,Royal Mail Second Class,GBP,£,2.99,0,22.98,3.33,SQ9497841,1,One Month's Supply,1,16.66,,,,Referral: Duckduckgo.com,Squarespace
6142,257,03/10/2024,Tregaron,Wales,,GB,0,12.49,Shipping,GBP,£,2.99,0,17.98,2.5,SQ7734740,1,Monthly Subscription,1,12.49,,,,Unknown,Squarespace
6141,257,03/10/2024,Tregaron,Wales,WLS,GB,0,12.49,Shipping,GBP,£,2.99,2.99,17.98,2.5,SQ7734740,1,Monthly Subscription,1,12.49,,,,Referral: Lm.facebook.com,Squarespace
6362,257,03/11/2024,Tregaron,Wales,,GB,0,12.49,Shipping,GBP,£,2.99,2.99,17.98,2.5,SQ7734740,1,Monthly Subscription,1,12.49,,,,Web admin,Squarespace
6361,257,03/11/2024,Tregaron,Wales,WLS,GB,0,12.49,Shipping,GBP,£,2.99,0,17.98,2.5,SQ7734740,1,Monthly Subscription,1,12.49,,,,Organic: Google,Squarespace
6584,257,03/12/2024,Tregaron,Wales,,GB,0,12.49,Shipping,GBP,£,2.99,0,17.98,2.5,SQ7734740,1,Monthly Subscription,1,12.49,,,,Unknown,Squarespace
6583,257,03/12/2024,Tregaron,Wales,WLS,GB,0,12.49,Shipping,GBP,£,2.99,2.99,17.98,2.5,SQ7734740,1,Monthly Subscription,1,12.49,,,,Unknown,Squarespace
6783,257,03/01/2025,Tregaron,Wales,,GB,0,12.49,Shipping,GBP,£,2.99,2.99,17.98,2.5,SQ7734740,1,Monthly Subscription,1,12.49,,,,Organic: Google,Squarespace
6782,257,03/01/2025,Tregaron,Wales,WLS,GB,0,12.49,Shipping,GBP,£,2.99,0,17.98,2.5,SQ7734740,1,Monthly Subscription,1,12.49,,,,Unknown,Squarespace
1634,257,03/09/2024,Tregaron,Wales,WLS,GB,0,14.99,Shipping,GBP,£,2.99,0,17.98,2.5,,1,Monthly Subscription,1,14.99,,,,Web admin,Woocommerce
1495,257,03/08/2024,Tregaron,Wales,WLS,GB,0,14.99,Shipping,GBP,£,2.99,0,17.98,2.5,,1,Monthly Subscription,1,14.99,,,,Unknown,Woocommerce
1360,257,03/07/2024,Tregaron,Wales,WLS,GB,0,14.99,Shipping,GBP,£,2.99,0,17.98,2.5,,1,Monthly Subscription,1,14.99,,,,Unknown,Woocommerce
1193,257,03/06/2024,Tregaron,Wales,WLS,GB,0,14.99,Shipping,GBP,£,2.99,0,17.98,2.5,,1,Monthly Subscription,1,14.99,,,,Unknown,Woocommerce
729,257,25/02/2024,Tregaron,Wales,Wales,GB,9,35.98,Shipping,GBP,£,2.99,0,29.97,4.49,,1,8 Week Trial,1,35.98,discount,9,0,Unknown,Woocommerce
6770,258,31/12/2024,Glastonbury,South West,,GB,0,16.66,Royal Mail Second Class,GBP,£,2.99,0,22.98,3.33,SQ9497841,1,One Month's Supply,1,16.66,,,,Organic: Google,Squarespace
6767,259,31/12/2024,Nott,East Midlands,Nottinghamshire,GB,0,29.98,Royal Mail Second Class,GBP,£,2.99,0,38.97,6,SQ3720870,1,8 Week Trial,1,29.98,,,,Unknown,Squarespace
6764,260,31/12/2024,Chatham,South East,KENT,GB,0,29.98,Royal Mail Second Class,GBP,£,2.99,0,38.97,6,SQ3720870,1,8 Week Trial,1,29.98,,,,Unknown,Squarespace
6763,261,31/12/2024,Stowmarket,East of England,ENGLAND,GB,0,29.98,Royal Mail Second Class,GBP,£,2.99,0,38.97,6,SQ3720870,1,8 Week Trial,1,29.98,,,,Organic: Google,Squarespace
6762,262,30/12/2024,Leeds,Yorkshire and the Humber,Leeds,GB,0,16.66,Royal Mail Second Class,GBP,£,2.99,0,22.98,3.33,SQ9497841,1,One Month's Supply,1,16.66,,,,Web admin,Squarespace
6755,263,30/12/2024,Bristol,South West,,GB,0,29.98,Royal Mail Second Class,GBP,£,2.99,0,38.97,6,SQ3720870,1,8 Week Trial,1,29.98,,,,Organic: Google,Squarespace
6753,264,29/12/2024,Worthing,South East,West Sussex,GB,0,29.98,Royal Mail Second Class,GBP,£,2.99,0,38.97,6,SQ3720870,1,8 Week Trial,1,29.98,,,,Organic: Google,Squarespace
6742,265,27/12/2024,Kenton,Greater London,Devon,GB,0,29.98,Royal Mail Second Class,GBP,£,2.99,0,38.97,6,SQ3720870,1,8 Week Trial,1,29.98,,,,Organic: Google,Squarespace
6735,266,26/12/2024,Linköping,Sweden,,SE,0,224.99,Royal Mail International Standard,SEK,kr,94.4068,0,364.4,45,SQ9497841,1,One Month's Supply,1,224.99,,,,Direct,Squarespace
6727,267,25/12/2024,London,Greater London,England,GB,0,12.49,Royal Mail First Class,GBP,£,3.99,0,18.98,2.5,SQ7734740,1,Monthly Subscription,1,12.49,,,,Unknown,Squarespace
908,267,19/04/2024,London,Greater London,England,GB,0,14.99,Shipping,GBP,£,2.99,0,17.98,2.5,,1,Monthly Subscription,1,14.99,,,,Unknown,Woocommerce
806,267,19/03/2024,London,Greater London,England,GB,0,14.99,Shipping,GBP,£,2.99,0,17.98,2.5,,1,Monthly Subscription,1,14.99,,,,Unknown,Woocommerce
574,267,05/01/2024,London,Greater London,England,GB,9,35.98,Shipping,GBP,£,3.99,0,30.97,4.49,,1,Two Months' Supply,1,35.98,discount,9,0,Unknown,Woocommerce
1419,267,17/07/2024,"Wandsworth, London",Greater London,England,GB,0,14.99,Shipping,GBP,£,2.99,0,17.98,2.5,,1,Monthly Subscription,1,14.99,,,,Unknown,Woocommerce
1265,267,17/06/2024,"Wandsworth, London",Greater London,England,GB,0,14.99,Shipping,GBP,£,2.99,0,17.98,2.5,,1,Monthly Subscription,1,14.99,,,,Unknown,Woocommerce
5680,268,19/09/2024,Jarrow,North East,TYNE AND WEAR,GB,0,16.66,Royal Mail Second Class,GBP,£,2.99,0,22.98,3.33,SQ9497841,1,One Month's Supply,1,16.66,,,,Unknown,Squarespace
6295,268,23/10/2024,Jarrow,North East,TYNE AND WEAR,GB,0,16.66,Royal Mail Second Class,GBP,£,2.99,0,22.98,3.33,SQ9497841,1,One Month's Supply,1,16.66,,,,Direct,Squarespace
6487,268,21/11/2024,Jarrow,North East,,GB,0,16.66,Royal Mail Second Class,GBP,£,2.99,0,22.98,3.33,SQ9497841,1,One Month's Supply,1,16.66,,,,Unknown,Squarespace
1554,268,15/08/2024,Jarrow,North East,England,GB,0,19.99,Shipping,GBP,£,2.99,0,22.98,3.33,,1,One Month's Supply,1,19.99,,,,Unknown,Woocommerce
6726,268,25/12/2024,South Tyneside,North East,ENGLAND,GB,0,16.66,Royal Mail Second Class,GBP,£,2.99,0,22.98,3.33,SQ9497841,1,One Month's Supply,1,16.66,,,,Unknown,Squarespace
6725,269,24/12/2024,Reading,South East,Berkshire,GB,0,29.98,Royal Mail Second Class,GBP,£,2.99,0,38.97,6,SQ3720870,1,8 Week Trial,1,29.98,,,,Organic: Google,Squarespace
474,269,21/11/2023,Reading,South East,Berkshire,GB,41.22,164.89,Shipping,GBP,£,2.99,0,126.66,20.61,SQ0940587,1,Twelve months' supply,1,164.89,discount,41.22,0,Unknown,Woocommerce
6724,270,24/12/2024,Glasgow,Scotland,,GB,7.491667,29.98,Royal Mail First Class,GBP,£,3.99,0,30.98,4.5,SQ3720870,1,8 Week Trial,1,22.49,calm1,7.49,1.5,Organic: Google,Squarespace
6723,271,24/12/2024,West Malling,South East,Kent,GB,0,16.66,Royal Mail Second Class,GBP,£,2.99,0,22.98,3.33,SQ9497841,1,One Month's Supply,1,16.66,,,,Organic: Google,Squarespace
6717,272,23/12/2024,Dagenham,Greater London,United kingdom,GB,0,29.98,Royal Mail Second Class,GBP,£,2.99,0,38.97,6,SQ3720870,1,8 Week Trial,1,29.98,,,,Direct,Squarespace
6713,273,21/12/2024,Stockport,North West,,GB,0,29.98,Royal Mail First Class,GBP,£,3.99,0,39.97,6,SQ3720870,1,8 Week Trial,1,29.98,,,,Unknown,Squarespace
6698,274,19/12/2024,Rickmansworth,South East,Hertfordshire,GB,0,29.98,Royal Mail First Class,GBP,£,3.99,0,39.97,6,SQ3720870,1,8 Week Trial,1,29.98,,,,Direct,Squarespace
6695,275,18/12/2024,Enfield,Greater London,MIDDLESEX,GB,0,16.66,Royal Mail Second Class,GBP,£,2.99,0,22.98,3.33,SQ9497841,1,One Month's Supply,1,16.66,,,,Organic: Google,Squarespace
6691,276,18/12/2024,Saltcoats,Scotland,NORTH AYRSHIRE,GB,0,16.66,Royal Mail First Class,GBP,£,3.99,0,23.98,3.33,SQ9497841,1,One Month's Supply,1,16.66,,,,Unknown,Squarespace
6689,277,18/12/2024,London,Greater London,GREATER LONDON,GB,0,29.98,Royal Mail Second Class,GBP,£,2.99,0,38.97,6,SQ3720870,1,8 Week Trial,1,29.98,,,,Unknown,Squarespace
6685,278,17/12/2024,Ellon,Scotland,Aberdeenshire,GB,0,16.66,Royal Mail First Class,GBP,£,3.99,0,23.98,3.33,SQ9497841,1,One Month's Supply,1,16.66,,,,Unknown,Squarespace
6670,279,16/12/2024,Chester,North West,Cheshire,GB,0,29.98,Royal Mail Second Class,GBP,£,2.99,0,38.97,6,SQ3720870,1,8 Week Trial,1,29.98,,,,Direct,Squarespace
1567,279,17/08/2024,Chester,North West,Cheshire,GB,0,19.99,Shipping,GBP,£,2.99,0,22.98,3.33,,1,One Month's Supply,1,19.99,,,,Unknown,Woocommerce
6666,280,16/12/2024,Colyton,South West,Devon,GB,0,29.98,Royal Mail Second Class,GBP,£,2.99,0,38.97,6,SQ3720870,1,8 Week Trial,1,29.98,,,,Unknown,Squarespace
6228,281,12/10/2024,Calne,South West,Wiltshire,GB,0,29.98,Royal Mail Second Class,GBP,£,2.99,0,38.97,6,SQ3720870,1,8 Week Trial,1,29.98,,,,Direct,Squarespace
6664,281,16/12/2024,Calne,South West,Wiltshire,GB,0,137.41,Royal Mail Second Class,GBP,£,2.99,0,167.88,27.48,SQ0940587,1,Twelve months' supply,1,137.41,,,,Direct,Squarespace
1537,281,11/08/2024,Calne,South West,Wiltshire,GB,0,35.98,Shipping,GBP,£,2.99,0,38.97,5.99,,1,Two Months' Supply,1,35.98,,,,Unknown,Woocommerce
1131,281,19/05/2024,Calne,South West,Wiltshire,GB,9,35.98,Shipping,GBP,£,3.99,0,30.97,4.49,,1,Two Months' Supply,1,35.98,discount,9,0,Unknown,Woocommerce
6661,282,15/12/2024,Widnes,North West,Cheshire,GB,0,29.98,Royal Mail First Class,GBP,£,3.99,0,39.97,6,SQ3720870,1,8 Week Trial,1,29.98,,,,Direct,Squarespace
6660,283,15/12/2024,Kettering,East Midlands,Northants,GB,7.491667,29.98,Royal Mail Second Class,GBP,£,2.99,0,29.98,4.5,SQ3720870,1,8 Week Trial,1,22.49,calm1,7.49,1.5,Referral: Bing.com,Squarespace
6657,284,14/12/2024,St. Leonards-On-Sea,South East,East Sussex,GB,0,12.49,Royal Mail Second Class,GBP,£,2.99,0,17.98,2.5,SQ7734740,1,Monthly Subscription,1,12.49,,,,Unknown,Squarespace
6653,285,13/12/2024,Corringham,East of England,,GB,0,16.66,Royal Mail Second Class,GBP,£,2.99,0,22.98,3.33,SQ9497841,1,One Month's Supply,1,16.66,,,,Direct,Squarespace
6651,286,13/12/2024,West Drayton,Greater London,Harmondsworth,GB,0,59.97,Royal Mail First Class,GBP,£,3.99,0,75.95,11.99,SQ3720870,1,8 Week Trial,2,29.98,,,,Direct,Squarespace
6644,287,12/12/2024,Hove,South East,,GB,0,29.98,Royal Mail First Class,GBP,£,3.99,0,39.97,6,SQ3720870,1,8 Week Trial,1,29.98,,,,Organic: Google,Squarespace
6643,288,12/12/2024,Deuil La Barre,France,,FR,0,35.56,Royal Mail International Standard,EUR,€,8.28986,0,50.96,7.11,SQ3720870,1,8 Week Trial,1,35.56,,,,Organic: Google,Squarespace
6637,289,12/12/2024,Worthing,South East,West Sussex,GB,0,29.98,Royal Mail Second Class,GBP,£,2.99,0,38.97,6,SQ3720870,1,8 Week Trial,1,29.98,,,,Organic: Google,Squarespace
6628,290,10/12/2024,Moneyreagh,Northern Ireland,Down,GB,0,29.98,Royal Mail Second Class,GBP,£,2.99,0,38.97,6,SQ3720870,1,8 Week Trial,1,29.98,,,,Organic: Google,Squarespace
6620,291,10/12/2024,Romsey,South East,Hants,GB,0,29.98,Royal Mail Second Class,GBP,£,2.99,0,38.97,6,SQ3720870,1,8 Week Trial,1,29.98,,,,Unknown,Squarespace
6618,292,09/12/2024,Hornchurch,Greater London,Essex,GB,0,29.98,Royal Mail Second Class,GBP,£,2.99,0,38.97,6,SQ3720870,1,8 Week Trial,1,29.98,,,,Referral: Bing.com,Squarespace
6615,293,09/12/2024,Guilden Sutton,North West,"Please select region, state or province",GB,0,29.98,Royal Mail Second Class,GBP,£,2.99,0,38.97,6,SQ3720870,1,8 Week Trial,1,29.98,,,,Direct,Squarespace
6611,294,08/12/2024,Surrey,South East,ENGLAND,GB,0,16.66,Royal Mail Second Class,GBP,£,2.99,0,22.98,3.33,SQ9497841,1,One Month's Supply,1,16.66,,,,Unknown,Squarespace
1027,294,28/04/2024,Surrey,South East,England,GB,0,19.99,Shipping,GBP,£,2.99,0,22.98,3.33,,1,One Month's Supply,1,19.99,,,,Unknown,Woocommerce
719,294,23/02/2024,Surrey,South East,England,GB,9,35.98,Shipping,GBP,£,2.99,0,29.97,4.49,,1,Two Months' Supply,1,35.98,discount,9,0,Unknown,Woocommerce
6606,295,06/12/2024,Lancaster,North West,Lancashire,GB,0,16.66,Royal Mail First Class,GBP,£,3.99,0,23.98,3.33,SQ9497841,1,One Month's Supply,1,16.66,,,,Web admin,Squarespace
6225,296,12/10/2024,Carmarthenshire,Wales,Luciana Pivano,GB,0,33.32,Royal Mail Second Class,GBP,£,2.99,0,42.97,6.66,SQ9497841,1,One Month's Supply,2,16.66,,,,Unknown,Squarespace
6599,296,06/12/2024,Carmarthenshire,Wales,Luciana Pivano,GB,0,33.32,Royal Mail Second Class,GBP,£,2.99,0,42.97,6.66,SQ9497841,1,One Month's Supply,2,16.66,,,,Organic: Google,Squarespace
1532,296,10/08/2024,Carmarthenshire,Wales,Luciana Pivano,GB,0,35.98,Shipping,GBP,£,2.99,0,38.97,5.99,,1,Two Months' Supply,1,35.98,,,,Unknown,Woocommerce
845,296,31/03/2024,Carmarthenshire,Wales,Luciana Pivano,GB,0,35.98,Shipping,GBP,£,3.99,0,39.97,5.99,,1,8 Week Trial,1,35.98,,,,Unknown,Woocommerce
6592,297,06/12/2024,Berchem,Belgium,,BE,0,19.76,Royal Mail International Standard,EUR,€,8.28986,0,32,3.95,SQ9497841,1,One Month's Supply,1,19.76,,,,Organic: Google,Squarespace
6591,298,05/12/2024,Folkestone,South East,Kent,GB,0,29.98,Royal Mail Second Class,GBP,£,2.99,0,38.97,6,SQ3720870,1,8 Week Trial,1,29.98,,,,Direct,Squarespace
5679,299,04/09/2024,Banbury,South East,,GB,0,12.49,Royal Mail Second Class,GBP,£,2.99,0,17.98,2.5,SQ7734740,1,Monthly Subscription,1,12.49,,,,Unknown,Squarespace
6150,299,05/10/2024,Banbury,South East,,GB,0,12.49,Royal Mail Second Class,GBP,£,2.99,0,17.98,2.5,SQ7734740,1,Monthly Subscription,1,12.49,,,,Unknown,Squarespace
6378,299,05/11/2024,Banbury,South East,,GB,0,12.49,Royal Mail Second Class,GBP,£,2.99,0,17.98,2.5,SQ7734740,1,Monthly Subscription,1,12.49,,,,Organic: Google,Squarespace
6590,299,05/12/2024,Banbury,South East,,GB,0,12.49,Royal Mail Second Class,GBP,£,2.99,0,17.98,2.5,SQ7734740,1,Monthly Subscription,1,12.49,,,,Direct,Squarespace
1499,299,04/08/2024,Banbury,South East,England,GB,0,14.99,Shipping,GBP,£,2.99,0,17.98,2.5,,1,Monthly Subscription,1,14.99,,,,Unknown,Woocommerce
1364,299,04/07/2024,Banbury,South East,England,GB,0,14.99,Shipping,GBP,£,2.99,0,17.98,2.5,,1,Monthly Subscription,1,14.99,,,,Unknown,Woocommerce
6588,300,04/12/2024,Bude,South West,Cornwall,GB,0,29.98,Royal Mail Second Class,GBP,£,2.99,0,38.97,6,SQ3720870,1,8 Week Trial,1,29.98,,,,Unknown,Squarespace
6187,301,09/10/2024,Falkirk,Scotland,SCOTLAND,GB,0,29.98,Royal Mail First Class,GBP,£,3.99,0,39.97,6,SQ3720870,1,8 Week Trial,1,29.98,,,,Direct,Squarespace
6576,301,03/12/2024,Falkirk,Scotland,SCOTLAND,GB,0,29.98,Royal Mail Second Class,GBP,£,2.99,0,38.97,6,SQ3720870,1,8 Week Trial,1,29.98,,,,Direct,Squarespace
6560,302,01/12/2024,Bristol,South West,ENGLAND,GB,8.991667,29.98,Royal Mail Second Class,GBP,£,2.99,0,28.18,4.2,SQ3720870,1,8 Week Trial,1,20.99,calmfri30,8.99,1.8,Unknown,Squarespace
6557,303,30/11/2024,London,Greater London,.,GB,0,137.41,Royal Mail Second Class,GBP,£,2.99,0,167.88,27.48,SQ0940587,1,Twelve months' supply,1,137.41,,,,Direct,Squarespace
610,303,15/01/2024,London,Greater London,London,GB,0,164.89,Shipping,GBP,£,2.99,0,167.88,27.48,SQ0940587,1,Twelve months' supply,1,164.89,,,,Unknown,Woocommerce
492,303,27/11/2023,London,Greater London,England,GB,0,19.99,Shipping,GBP,£,2.99,0,22.98,3.33,,1,One Month's Supply,1,19.99,,,,Unknown,Woocommerce
468,303,18/11/2023,London,Greater London,England,GB,0,19.99,Shipping,GBP,£,2.99,0,22.98,3.33,,1,One Month's Supply,1,19.99,,,,Unknown,Woocommerce
6556,304,29/11/2024,Clapham,Greater London,LONDON,GB,0,29.98,Royal Mail Second Class,GBP,£,2.99,0,38.97,6,SQ3720870,1,8 Week Trial,1,29.98,,,,Web admin,Squarespace
6112,305,29/09/2024,Chilton,South East,,GB,0,12.49,Royal Mail Second Class,GBP,£,2.99,0,17.98,2.5,SQ7734740,1,Monthly Subscription,1,12.49,,,,Direct,Squarespace
6337,305,29/10/2024,Chilton,South East,,GB,0,12.49,Royal Mail Second Class,GBP,£,2.99,0,17.98,2.5,SQ7734740,1,Monthly Subscription,1,12.49,,,,Web admin,Squarespace
6536,305,29/11/2024,Chilton,South East,,GB,0,12.49,Royal Mail Second Class,GBP,£,2.99,0,17.98,2.5,SQ7734740,1,Monthly Subscription,1,12.49,,,,Direct,Squarespace
1620,305,29/08/2024,Chilton,South East,BFP,GB,0,14.99,Shipping,GBP,£,2.99,0,17.98,2.5,,1,Monthly Subscription,1,14.99,,,,Unknown,Woocommerce
1599,305,25/08/2024,Newton Aycliffe,North East,England,GB,0,14.99,Shipping,GBP,£,2.99,0,17.98,2.5,,1,Monthly Subscription,1,14.99,,,,Unknown,Woocommerce
1462,305,25/07/2024,Newton Aycliffe,North East,England,GB,0,14.99,Shipping,GBP,£,2.99,0,17.98,2.5,,1,Monthly Subscription,1,14.99,,,,Unknown,Woocommerce
1309,305,25/06/2024,Newton Aycliffe,North East,England,GB,0,14.99,Shipping,GBP,£,2.99,0,17.98,2.5,,1,Monthly Subscription,1,14.99,,,,Unknown,Woocommerce
1161,305,25/05/2024,Newton Aycliffe,North East,England,GB,0,14.99,Shipping,GBP,£,2.99,0,17.98,2.5,,1,Monthly Subscription,1,14.99,,,,Unknown,Woocommerce
1000,305,25/04/2024,Newton Aycliffe,North East,England,GB,0,14.99,Shipping,GBP,£,2.99,0,17.98,2.5,,1,Monthly Subscription,1,14.99,,,,Unknown,Woocommerce
825,305,25/03/2024,Newton Aycliffe,North East,England,GB,0,14.99,Shipping,GBP,£,2.99,0,17.98,2.5,,1,Monthly Subscription,1,14.99,,,,Unknown,Woocommerce
731,305,25/02/2024,Newton Aycliffe,North East,England,GB,0,14.99,Shipping,GBP,£,2.99,0,17.98,2.5,,1,Monthly Subscription,1,14.99,,,,Unknown,Woocommerce
635,305,25/01/2024,Newton Aycliffe,North East,England,GB,0,14.99,Shipping,GBP,£,2.99,0,17.98,2.5,,1,Monthly Subscription,1,14.99,,,,Unknown,Woocommerce
545,305,25/12/2023,Newton Aycliffe,North East,England,GB,0,14.99,Shipping,GBP,£,2.99,0,17.98,2.5,,1,Monthly Subscription,1,14.99,,,,Unknown,Woocommerce
482,305,25/11/2023,Newton Aycliffe,North East,England,GB,0,14.99,Shipping,GBP,£,2.99,0,17.98,2.5,,1,Monthly Subscription,1,14.99,,,,Unknown,Woocommerce
6322,306,28/10/2024,Sandown,South East,Isle of Wight,GB,0,12.49,Royal Mail Second Class,GBP,£,2.99,0,17.98,2.5,SQ7734740,1,Monthly Subscription,1,12.49,,,,Direct,Squarespace
6523,306,28/11/2024,Sandown,South East,Isle of Wight,GB,0,12.49,Royal Mail Second Class,GBP,£,2.99,0,17.98,2.5,SQ7734740,1,Monthly Subscription,1,12.49,,,,Web admin,Squarespace
1610,306,27/08/2024,Sandown,South East,Isle of Wight,GB,0,14.99,Shipping,GBP,£,2.99,0,17.98,2.5,,1,Monthly Subscription,1,14.99,,,,Unknown,Woocommerce
1444,306,22/07/2024,Sandown,South East,Isle of Wight,GB,0,14.99,Shipping,GBP,£,2.99,0,17.98,2.5,,1,Monthly Subscription,1,14.99,,,,Unknown,Woocommerce
1291,306,22/06/2024,Sandown,South East,Isle of Wight,GB,0,14.99,Shipping,GBP,£,2.99,0,17.98,2.5,,1,Monthly Subscription,1,14.99,,,,Unknown,Woocommerce
1139,306,22/05/2024,Sandown,South East,Isle of Wight,GB,0,14.99,Shipping,GBP,£,2.99,0,17.98,2.5,,1,Monthly Subscription,1,14.99,,,,Unknown,Woocommerce
915,306,22/04/2024,Sandown,South East,Isle of Wight,GB,0,14.99,Shipping,GBP,£,2.99,0,17.98,2.5,,1,Monthly Subscription,1,14.99,,,,Unknown,Woocommerce
813,306,22/03/2024,Sandown,South East,Isle of Wight,GB,0,14.99,Shipping,GBP,£,2.99,0,17.98,2.5,,1,Monthly Subscription,1,14.99,,,,Unknown,Woocommerce
714,306,22/02/2024,Sandown,South East,Isle of Wight,GB,0,14.99,Shipping,GBP,£,2.99,0,17.98,2.5,,1,Monthly Subscription,1,14.99,,,,Unknown,Woocommerce
546,306,26/12/2023,Sandown,South East,Isle of Wight,GB,0,19.99,Shipping,GBP,£,3.99,0,23.98,3.33,,1,One Month's Supply,1,19.99,,,,Unknown,Woocommerce
431,306,05/11/2023,Sandown,South East,Isle of Wight,GB,9,35.98,Shipping,GBP,£,2.99,0,29.97,4.49,,1,Two Months' Supply,1,35.98,discount,9,0,Unknown,Woocommerce
6512,307,27/11/2024,Clevedon,South West,NORTH SOMERSET,GB,0,29.98,Royal Mail Second Class,GBP,£,2.99,2.99,38.97,6,SQ3720870,1,8 Week Trial,1,29.98,,,,Direct,Squarespace
6511,308,26/11/2024,Crawley,South East,West Sussex,GB,0,29.98,Royal Mail Second Class,GBP,£,2.99,0,38.97,6,SQ3720870,1,8 Week Trial,1,29.98,,,,Unknown,Squarespace
6504,309,25/11/2024,Milford Haven,Wales,,GB,0,16.66,Royal Mail Second Class,GBP,£,2.99,0,22.98,3.33,SQ9497841,1,One Month's Supply,1,16.66,,,,Organic: Google,Squarespace
6499,310,25/11/2024,London,Greater London,Juniper Drive,GB,0,29.98,Royal Mail Second Class,GBP,£,2.99,0,38.97,6,SQ3720870,1,8 Week Trial,1,29.98,,,,Unknown,Squarespace
6497,311,24/11/2024,Bristol,South West,South Gloucestershire,GB,0,29.98,Royal Mail Second Class,GBP,£,2.99,0,38.97,6,SQ3720870,1,8 Week Trial,1,29.98,,,,Unknown,Squarespace
724,311,24/02/2024,Bristol,South West,South Gloucestershire,GB,0,19.99,Shipping,GBP,£,2.99,0,22.98,3.33,,1,One Month's Supply,1,19.99,,,,Unknown,Woocommerce
555,311,29/12/2023,Bristol,South West,England,GB,5,19.99,Shipping,GBP,£,3.99,0,18.98,2.5,,1,One Month's Supply,1,19.99,discount,5,0,Unknown,Woocommerce
6485,312,21/11/2024,Wolverhampton,West Midlands,England,GB,0,29.98,Royal Mail Second Class,GBP,£,2.99,0,38.97,6,SQ3720870,1,8 Week Trial,1,29.98,,,,Unknown,Squarespace
1695,312,17/09/2024,Wolverhampton,West Midlands,England,GB,0,35.98,Shipping,GBP,£,2.99,0,38.97,5.99,,1,Two Months' Supply,1,35.98,,,,Unknown,Woocommerce
1452,312,23/07/2024,Wolverhampton,West Midlands,ENG,GB,0,35.98,Shipping,GBP,£,2.99,0,38.97,5.99,,1,8 Week Trial,1,35.98,,,,Unknown,Woocommerce
1230,312,10/06/2024,Wolverhampton,West Midlands,ENG,GB,0,35.98,Shipping,GBP,£,3.99,0,39.97,5.99,,1,Two Months' Supply,1,35.98,,,,Unknown,Woocommerce
1113,312,13/05/2024,Wolverhampton,West Midlands,ENG,GB,0,35.98,Shipping,GBP,£,2.99,0,38.97,5.99,,1,Two Months' Supply,1,35.98,,,,Unknown,Woocommerce
1003,312,26/04/2024,Wolverhampton,West Midlands,England,GB,0,19.99,Shipping,GBP,£,2.99,0,22.98,3.33,,1,One Month's Supply,1,19.99,,,,Unknown,Woocommerce
6484,313,21/11/2024,Epsom Downs,South East,Surrey,GB,0,16.66,Royal Mail Second Class,GBP,£,2.99,0,22.98,3.33,SQ9497841,1,One Month's Supply,1,16.66,,,,Unknown,Squarespace
6483,314,21/11/2024,Coulsdon,Greater London,GREATER LONDON,GB,0,137.41,Royal Mail Second Class,GBP,£,2.99,0,167.88,27.48,SQ0940587,1,Twelve months' supply,1,137.41,,,,Unknown,Squarespace
932,314,23/04/2024,Croydon,Greater London,Greater London,GB,5,19.99,Shipping,GBP,£,2.99,0,17.98,2.5,,1,One Month's Supply,1,19.99,discount,5,0,Unknown,Woocommerce
6465,315,19/11/2024,Carlow,Ireland,CW,IE,0,35.56,Royal Mail International Standard,EUR,€,8.28986,0,50.96,7.11,SQ3720870,1,8 Week Trial,1,35.56,,,,Unknown,Squarespace
6459,316,17/11/2024,Bristol,South West,,GB,0,16.66,Royal Mail Second Class,GBP,£,2.99,0,22.98,3.33,SQ9497841,1,One Month's Supply,1,16.66,,,,Organic: Google,Squarespace
6453,317,16/11/2024,Southampton,South East,ENGLAND,GB,0,29.98,Royal Mail Second Class,GBP,£,2.99,0,38.97,6,SQ3720870,1,8 Week Trial,1,29.98,,,,Unknown,Squarespace
6246,318,16/10/2024,Cardiff,Wales,,GB,0,12.49,Royal Mail Second Class,GBP,£,2.99,0,17.98,2.5,SQ7734740,1,Monthly Subscription,1,12.49,,,,Organic: Google,Squarespace
6448,318,16/11/2024,Cardiff,Wales,,GB,0,12.49,Royal Mail Second Class,GBP,£,2.99,0,17.98,2.5,SQ7734740,1,Monthly Subscription,1,12.49,,,,Unknown,Squarespace
5454,318,16/09/2024,Cardiff,Wales,,GB,0,12.49,Royal Mail Second Class,GBP,£,2.99,0,17.98,2.5,SQ7734740,1,Monthly Subscription,1,12.49,,,,Web admin,Woocommerce
1559,318,16/08/2024,Cardiff,Wales,Wales,GB,0,14.99,Shipping,GBP,£,2.99,0,17.98,2.5,,1,Monthly Subscription,1,14.99,,,,Unknown,Woocommerce
1407,318,16/07/2024,Cardiff,Wales,Wales,GB,0,14.99,Shipping,GBP,£,2.99,0,17.98,2.5,,1,Monthly Subscription,1,14.99,,,,Unknown,Woocommerce
1253,318,16/06/2024,Cardiff,Wales,Wales,GB,0,14.99,Shipping,GBP,£,2.99,0,17.98,2.5,,1,Monthly Subscription,1,14.99,,,,Unknown,Woocommerce
1118,318,16/05/2024,Cardiff,Wales,Wales,GB,0,14.99,Shipping,GBP,£,2.99,0,17.98,2.5,,1,Monthly Subscription,1,14.99,,,,Unknown,Woocommerce
894,318,16/04/2024,Cardiff,Wales,Wales,GB,0,14.99,Shipping,GBP,£,2.99,0,17.98,2.5,,1,Monthly Subscription,1,14.99,,,,Unknown,Woocommerce
638,318,26/01/2024,Cardiff,Wales,Wales,GB,5.4,35.98,Shipping,GBP,£,3.99,0,34.57,5.09,,1,Two Months' Supply,1,35.98,discount,5.4,0,Unknown,Woocommerce
499,318,02/12/2023,Cardiff,Wales,Wales,GB,9,35.98,Shipping,GBP,£,2.99,0,29.97,4.49,,1,Two Months' Supply,1,35.98,discount,9,0,Unknown,Woocommerce
6443,319,15/11/2024,Cambridge,East of England,,GB,0,16.66,Royal Mail Second Class,GBP,£,2.99,0,22.98,3.33,SQ9497841,1,One Month's Supply,1,16.66,,,,Organic: Google,Squarespace
510,319,06/12/2023,Cambridge,East of England,England,GB,0,35.98,Shipping,GBP,£,2.99,0,38.97,5.99,,1,Two Months' Supply,1,35.98,,,,Unknown,Woocommerce
375,319,11/10/2023,Cambridge,East of England,England,GB,0,35.98,Shipping,GBP,£,2.99,0,38.97,5.99,,1,Two Months' Supply,1,35.98,,,,Unknown,Woocommerce
6302,320,25/10/2024,Mirfield,Yorkshire and the Humber,England,GB,0,19.76,Royal Mail Second Class,EUR,€,3.54602,0,27.46,4.15,SQ9497841,1,One Month's Supply,1,19.76,,,,Direct,Squarespace
6434,320,13/11/2024,Torre Pacheco,Spain,MU,ES,0,162.96,Royal Mail International Tracked,EUR,€,11.85,0,207.4,32.59,SQ0940587,1,Twelve months' supply,1,162.96,,,,Unknown,Squarespace
6427,321,12/11/2024,Llanarth,Wales,Ceredigion,GB,0,16.66,Royal Mail Second Class,GBP,£,2.99,0,22.98,3.33,SQ9497841,1,One Month's Supply,1,16.66,,,,Direct,Squarespace
914,321,21/04/2024,Llanarth,Wales,Ceredigion,GB,0,19.99,Shipping,GBP,£,2.99,0,22.98,3.33,,1,One Month's Supply,1,19.99,,,,Unknown,Woocommerce
6216,322,10/10/2024,Shelfanger,East of England,,GB,0,12.49,Royal Mail Second Class,GBP,£,2.99,0,17.98,2.5,SQ7734740,1,Monthly Subscription,1,12.49,,,,Organic: Google,Squarespace
6413,322,10/11/2024,Shelfanger,East of England,,GB,0,12.49,Royal Mail Second Class,GBP,£,2.99,0,17.98,2.5,SQ7734740,1,Monthly Subscription,1,12.49,,,,Unknown,Squarespace
5060,322,10/09/2024,Shelfanger,East of England,,GB,0,12.49,Royal Mail Second Class,GBP,£,2.99,0,17.98,2.5,SQ7734740,1,Monthly Subscription,1,12.49,,,,Web admin,Woocommerce
1530,322,10/08/2024,Shelfanger,East of England,,GB,0,14.99,Shipping,GBP,£,2.99,0,17.98,2.5,,1,Monthly Subscription,1,14.99,,,,Unknown,Woocommerce
1385,322,10/07/2024,Shelfanger,East of England,,GB,0,14.99,Shipping,GBP,£,2.99,0,17.98,2.5,,1,Monthly Subscription,1,14.99,,,,Unknown,Woocommerce
1231,322,11/06/2024,Shelfanger,East of England,,GB,0,35.98,Shipping,GBP,£,2.99,0,38.97,5.99,,1,Two Months' Supply,1,35.98,,,,Unknown,Woocommerce
1226,322,10/06/2024,Shelfanger,East of England,,GB,0,14.99,Shipping,GBP,£,2.99,0,17.98,2.5,,1,Monthly Subscription,1,14.99,,,,Unknown,Woocommerce
1096,322,10/05/2024,Shelfanger,East of England,,GB,0,14.99,Shipping,GBP,£,2.99,0,17.98,2.5,,1,Monthly Subscription,1,14.99,,,,Unknown,Woocommerce
6079,323,26/09/2024,Bristol,South West,,GB,0,12.49,Royal Mail Second Class,GBP,£,2.99,0,17.98,2.5,SQ7734740,1,Monthly Subscription,1,12.49,,,,Unknown,Squarespace
6308,323,26/10/2024,Bristol,South West,,GB,0,12.49,Royal Mail Second Class,GBP,£,2.99,0,17.98,2.5,SQ7734740,1,Monthly Subscription,1,12.49,,,,Organic: Google,Squarespace
6408,323,09/11/2024,Bristol,South West,England,GB,0,137.41,Royal Mail Second Class,GBP,£,2.99,0,167.88,27.48,SQ0940587,1,Twelve months' supply,1,137.41,,,,Unknown,Squarespace
1604,323,26/08/2024,Bristol,South West,England,GB,0,14.99,Shipping,GBP,£,2.99,0,17.98,2.5,,1,Monthly Subscription,1,14.99,,,,Unknown,Woocommerce
1466,323,26/07/2024,Bristol,South West,England,GB,0,14.99,Shipping,GBP,£,2.99,0,17.98,2.5,,1,Monthly Subscription,1,14.99,,,,Unknown,Woocommerce
1041,323,30/04/2024,Bristol,South West,England,GB,9,35.98,Shipping,GBP,£,2.99,0,29.97,4.49,,1,8 Week Trial,1,35.98,discount,9,0,Unknown,Woocommerce
6405,324,08/11/2024,Cardiff,Wales,,GB,0,137.41,Royal Mail Second Class,GBP,£,2.99,0,167.88,27.48,SQ0940587,1,Twelve months' supply,1,137.41,,,,Organic: Google,Squarespace
861,324,04/04/2024,Cardiff,Wales,Wales,GB,44.98,179.9,Shipping,GBP,£,2.99,0,137.91,22.47,,1,Two Months' Supply,4,35.98,discount,44.98,0,Unknown,Woocommerce
861,324,04/04/2024,Cardiff,Wales,Wales,GB,44.98,179.9,Shipping,GBP,£,2.99,0,137.91,22.47,,2,8 Week Trial,1,35.98,,,,Unknown,Woocommerce
5668,325,08/09/2024,West Kirby Wirral,North West,Wirral,GB,0,12.49,Royal Mail Second Class,GBP,£,2.99,0,17.98,2.5,SQ7734740,1,Monthly Subscription,1,12.49,,,,Referral: Duckduckgo.com,Squarespace
6180,325,08/10/2024,West Kirby Wirral,North West,Wirral,GB,0,12.49,Royal Mail Second Class,GBP,£,2.99,0,17.98,2.5,SQ7734740,1,Monthly Subscription,1,12.49,,,,Unknown,Squarespace
6403,325,08/11/2024,West Kirby Wirral,North West,Wirral,GB,0,12.49,Royal Mail Second Class,GBP,£,2.99,0,17.98,2.5,SQ7734740,1,Monthly Subscription,1,12.49,,,,Web admin,Squarespace
1517,325,08/08/2024,West Kirby Wirral,North West,Wirral,GB,0,14.99,Shipping,GBP,£,2.99,0,17.98,2.5,,1,Monthly Subscription,1,14.99,,,,Unknown,Woocommerce
1380,325,08/07/2024,West Kirby Wirral,North West,Wirral,GB,0,14.99,Shipping,GBP,£,2.99,0,17.98,2.5,,1,Monthly Subscription,1,14.99,,,,Unknown,Woocommerce
1052,325,03/05/2024,West Kirby Wirral,North West,Wirral,GB,0,14.99,Shipping,GBP,£,2.99,0,17.98,2.5,,1,Monthly Subscription,1,14.99,,,,Unknown,Woocommerce
856,325,03/04/2024,West Kirby Wirral,North West,Wirral,GB,0,14.99,Shipping,GBP,£,2.99,0,17.98,2.5,,1,Monthly Subscription,1,14.99,,,,Unknown,Woocommerce
750,325,03/03/2024,West Kirby Wirral,North West,Wirral,GB,0,14.99,Shipping,GBP,£,2.99,0,17.98,2.5,,1,Monthly Subscription,1,14.99,,,,Unknown,Woocommerce
660,325,03/02/2024,West Kirby Wirral,North West,Wirral,GB,0,14.99,Shipping,GBP,£,2.99,0,17.98,2.5,,1,Monthly Subscription,1,14.99,,,,Unknown,Woocommerce
569,325,03/01/2024,West Kirby Wirral,North West,Wirral,GB,0,14.99,Shipping,GBP,£,2.99,0,17.98,2.5,,1,Monthly Subscription,1,14.99,,,,Unknown,Woocommerce
502,325,03/12/2023,West Kirby Wirral,North West,Wirral,GB,0,14.99,Shipping,GBP,£,2.99,0,17.98,2.5,,1,Monthly Subscription,1,14.99,,,,Unknown,Woocommerce
427,325,03/11/2023,West Kirby Wirral,North West,Wirral,GB,0,14.99,Shipping,GBP,£,2.99,0,17.98,2.5,,1,Monthly Subscription,1,14.99,,,,Unknown,Woocommerce
355,325,03/10/2023,West Kirby Wirral,North West,Wirral,GB,0,14.99,Shipping,GBP,£,2.99,0,17.98,2.5,,1,Monthly Subscription,1,14.99,,,,Unknown,Woocommerce
308,325,03/09/2023,West Kirby Wirral,North West,Wirral,GB,0,14.99,Shipping,GBP,£,2.99,0,17.98,2.5,,1,Monthly Subscription,1,14.99,,,,Unknown,Woocommerce
248,325,09/07/2023,West Kirby Wirral,North West,Wirral,GB,0,29.98,Shipping,GBP,£,3.99,0,33.97,4.99,,1,Two Months' Supply,1,29.98,,,,Unknown,Woocommerce
6399,326,07/11/2024,Leyland,North West,ENGLAND,GB,0,29.98,Royal Mail Second Class,GBP,£,2.99,0,38.97,6,SQ3720870,1,8 Week Trial,1,29.98,,,,Organic: Google,Squarespace
6398,327,07/11/2024,Aberystwyth,Wales,Ceredigion,GB,0,16.66,Royal Mail Second Class,GBP,£,2.99,0,22.98,3.33,SQ9497841,1,One Month's Supply,1,16.66,,,,Direct,Squarespace
6397,328,07/11/2024,Liverpool,North West,ENGLAND,GB,0,59.97,Royal Mail First Class,GBP,£,3.99,0,75.95,11.99,SQ3720870,1,8 Week Trial,2,29.98,,,,Organic: Google,Squarespace
6376,329,05/11/2024,Dublin 17,Ireland,D,IE,0,35.56,Royal Mail International Standard,EUR,€,8.28986,0,50.96,7.11,SQ3720870,1,8 Week Trial,1,35.56,,,,Unknown,Squarespace
6369,330,04/11/2024,Llanelli,Wales,Carmarthenshire,GB,0,12.49,Royal Mail Second Class,GBP,£,2.99,0,17.98,2.5,SQ7734740,1,Monthly Subscription,1,12.49,,,,Referral: Duckduckgo.com,Squarespace
6360,331,03/11/2024,Weymouth,South West,ENGLAND,GB,0,137.41,Royal Mail Second Class,GBP,£,2.99,0,167.88,27.48,SQ0940587,1,Twelve months' supply,1,137.41,,,,Organic: Google,Squarespace
5763,332,03/09/2024,Bakewell,East Midlands,Derbyshire,GB,0,12.49,Royal Mail Second Class,GBP,£,2.99,0,17.98,2.5,SQ7734740,1,Monthly Subscription,1,12.49,,,,Unknown,Squarespace
6137,332,03/10/2024,Bakewell,East Midlands,Derbyshire,GB,0,12.49,Royal Mail Second Class,GBP,£,2.99,0,17.98,2.5,SQ7734740,1,Monthly Subscription,1,12.49,,,,Unknown,Squarespace
6359,332,03/11/2024,Bakewell,East Midlands,Derbyshire,GB,0,12.49,Royal Mail Second Class,GBP,£,2.99,0,17.98,2.5,SQ7734740,1,Monthly Subscription,1,12.49,,,,Direct,Squarespace
1493,332,03/08/2024,Bakewell,East Midlands,Derbyshire,GB,0,14.99,Shipping,GBP,£,2.99,0,17.98,2.5,,1,Monthly Subscription,1,14.99,,,,Unknown,Woocommerce
6136,333,02/10/2024,Stroud,South West,England,GB,0,12.49,Shipping,GBP,£,2.99,0,17.98,2.5,SQ7734740,1,Monthly Subscription,1,12.49,,,,Web admin,Squarespace
6358,333,02/11/2024,Stroud,South West,England,GB,0,12.49,Shipping,GBP,£,2.99,0,17.98,2.5,SQ7734740,1,Monthly Subscription,1,12.49,,,,Organic: Google,Squarespace
1631,333,02/09/2024,Stroud,South West,England,GB,0,14.99,Shipping,GBP,£,2.99,0,17.98,2.5,,1,Monthly Subscription,1,14.99,,,,Web admin,Woocommerce
1491,333,02/08/2024,Stroud,South West,England,GB,0,14.99,Shipping,GBP,£,2.99,0,17.98,2.5,,1,Monthly Subscription,1,14.99,,,,Unknown,Woocommerce
1348,333,02/07/2024,Stroud,South West,England,GB,0,14.99,Shipping,GBP,£,2.99,0,17.98,2.5,,1,Monthly Subscription,1,14.99,,,,Unknown,Woocommerce
1187,333,02/06/2024,Stroud,South West,England,GB,0,14.99,Shipping,GBP,£,2.99,0,17.98,2.5,,1,Monthly Subscription,1,14.99,,,,Unknown,Woocommerce
1049,333,02/05/2024,Stroud,South West,England,GB,0,14.99,Shipping,GBP,£,2.99,0,17.98,2.5,,1,Monthly Subscription,1,14.99,,,,Unknown,Woocommerce
855,333,02/04/2024,Stroud,South West,England,GB,0,14.99,Shipping,GBP,£,2.99,0,17.98,2.5,,1,Monthly Subscription,1,14.99,,,,Unknown,Woocommerce
764,333,07/03/2024,Stroud,South West,England,GB,0,14.99,Shipping,GBP,£,2.99,0,17.98,2.5,,1,Monthly Subscription,1,14.99,,,,Unknown,Woocommerce
658,333,02/02/2024,Stroud,South West,England,GB,0,14.99,Shipping,GBP,£,2.99,0,17.98,2.5,,1,Monthly Subscription,1,14.99,,,,Unknown,Woocommerce
563,333,02/01/2024,Stroud,South West,England,GB,0,14.99,Shipping,GBP,£,2.99,0,17.98,2.5,,1,Monthly Subscription,1,14.99,,,,Unknown,Woocommerce
500,333,02/12/2023,Stroud,South West,England,GB,0,14.99,Shipping,GBP,£,2.99,0,17.98,2.5,,1,Monthly Subscription,1,14.99,,,,Unknown,Woocommerce
426,333,02/11/2023,Stroud,South West,England,GB,0,14.99,Shipping,GBP,£,2.99,0,17.98,2.5,,1,Monthly Subscription,1,14.99,,,,Unknown,Woocommerce
309,333,03/09/2023,Stroud,South West,England,GB,6,35.98,Shipping,GBP,£,2.99,0,32.97,4.99,,1,Two Months' Supply,1,35.98,discount,6,0,Unknown,Woocommerce
247,333,09/07/2023,Stroud,South West,England,GB,0,29.98,Shipping,GBP,£,2.99,0,32.97,4.99,,1,Two Months' Supply,1,29.98,,,,Unknown,Woocommerce
173,333,03/05/2023,Stroud,South West,England,GB,4.5,29.98,Shipping,GBP,£,2.99,0,28.47,4.24,,1,Two Months' Supply,1,29.98,discount,4.5,0,Unknown,Woocommerce
77,333,02/02/2023,Stroud,South West,Glos,GB,0,29.98,Shipping,GBP,£,2.99,0,32.97,0,,1,Two Months' Supply,1,29.98,,,,Unknown,Woocommerce
6357,334,02/11/2024,Chippenham,South West,WILTSHIRE,GB,34.35,137.41,Royal Mail Second Class,GBP,£,2.99,0,126.66,20.61,SQ0940587,1,Twelve months' supply,1,103.06,calm1,34.35,6.87,Unknown,Squarespace
6356,335,02/11/2024,Hamilton,Scotland,,GB,0,16.66,Royal Mail Second Class,GBP,£,2.99,0,22.98,3.33,SQ9497841,1,One Month's Supply,1,16.66,,,,Referral: Bing.com,Squarespace
6354,336,02/11/2024,Horsham,South East,West Sussex,GB,7.491667,29.98,Royal Mail Second Class,GBP,£,2.99,0,29.98,4.5,SQ3720870,1,8 Week Trial,1,22.49,calm1,7.49,1.5,Direct,Squarespace
6344,337,31/10/2024,Coalville,East Midlands,Leicestershire,GB,0,29.98,Royal Mail First Class,GBP,£,3.99,0,39.97,6,SQ3720870,1,8 Week Trial,1,29.98,,,,Unknown,Squarespace
6329,338,28/10/2024,Colchester,East of England,,GB,0,137.41,Royal Mail Second Class,GBP,£,2.99,0,140.4,0,SQ0940587,1,Twelve months' supply,1,137.41,,,,Direct,Squarespace
6101,339,27/09/2024,Warrington,North West,Cheshire,GB,0,12.49,Royal Mail Second Class,GBP,£,2.99,0,17.98,2.5,SQ7734740,1,Monthly Subscription,1,12.49,,,,Direct,Squarespace
6319,339,27/10/2024,Warrington,North West,Cheshire,GB,0,12.49,Royal Mail Second Class,GBP,£,2.99,0,17.98,2.5,SQ7734740,1,Monthly Subscription,1,12.49,,,,Web admin,Squarespace
1621,339,29/08/2024,Warrington,North West,Cheshire,GB,0,14.99,Shipping,GBP,£,2.99,0,17.98,2.5,,1,Monthly Subscription,1,14.99,,,,Unknown,Woocommerce
1484,339,29/07/2024,Warrington,North West,Cheshire,GB,0,14.99,Shipping,GBP,£,2.99,0,17.98,2.5,,1,Monthly Subscription,1,14.99,,,,Unknown,Woocommerce
1333,339,29/06/2024,Warrington,North West,Cheshire,GB,0,14.99,Shipping,GBP,£,2.99,0,17.98,2.5,,1,Monthly Subscription,1,14.99,,,,Unknown,Woocommerce
1176,339,29/05/2024,Warrington,North West,Cheshire,GB,0,14.99,Shipping,GBP,£,2.99,0,17.98,2.5,,1,Monthly Subscription,1,14.99,,,,Unknown,Woocommerce
1030,339,29/04/2024,Warrington,North West,Cheshire,GB,0,14.99,Shipping,GBP,£,2.99,0,17.98,2.5,,1,Monthly Subscription,1,14.99,,,,Unknown,Woocommerce
6317,340,27/10/2024,Norwich,East of England,,GB,0,16.66,Royal Mail First Class,GBP,£,3.99,0,23.98,3.33,SQ9497841,1,One Month's Supply,1,16.66,,,,Direct,Squarespace
6310,341,26/10/2024,Bristol,South West,ENGLAND,GB,0,29.98,Royal Mail Second Class,GBP,£,2.99,0,38.97,6,SQ3720870,1,8 Week Trial,1,29.98,,,,Direct,Squarespace
6305,342,25/10/2024,Bristol,South West,,GB,7.491667,29.98,Royal Mail Second Class,GBP,£,2.99,0,29.98,4.5,SQ3720870,1,8 Week Trial,1,22.49,calm1,7.49,1.5,Organic: Google,Squarespace
1675,343,12/09/2024,Perugia,Italy,Umbria,IT,9,35.98,Shipping,GBP,£,9.99,0,36.97,6.67,,1,8 Week Trial,1,35.98,discount,9,0,Unknown,Woocommerce
6301,343,24/10/2024,Watford,South East,,GB,7.49,29.98,Royal Mail First Class,GBP,£,3.99,0,26.48,0,SQ3720870,1,8 Week Trial,1,22.49,calm25,7.49,0,Unknown,Squarespace
6300,344,24/10/2024,Swansea,Wales,,GB,4.166667,16.66,Royal Mail Second Class,GBP,£,2.99,0,17.98,2.5,SQ9497841,1,One Month's Supply,1,12.49,calm1,4.17,0.83,Unknown,Squarespace
6299,345,24/10/2024,Midsomer Norton,South West,,GB,0,29.98,Royal Mail Second Class,GBP,£,2.99,0,38.97,6,SQ3720870,1,8 Week Trial,1,29.98,,,,Unknown,Squarespace
6297,346,24/10/2024,"Bordon, Hampshire",South East,Other,GB,4.166667,16.66,Royal Mail Second Class,GBP,£,2.99,0,17.98,2.5,SQ9497841,1,One Month's Supply,1,12.49,calm1,4.17,0.83,Unknown,Squarespace
959,346,23/04/2024,"Headley Down, Bordon",South East,Hampshire,GB,9,35.98,Shipping,GBP,£,3.99,0,30.97,4.49,,1,Two Months' Supply,1,35.98,discount,9,0,Unknown,Woocommerce
6291,347,22/10/2024,Swindon,South West,,GB,0,137.41,Royal Mail Second Class,GBP,£,2.99,0,167.88,27.48,SQ0940587,1,Twelve months' supply,1,137.41,,,,Direct,Squarespace
1369,347,05/07/2024,Swindon,South West,England,GB,0,71.96,Shipping,GBP,£,2.99,0,74.95,12,,1,Two Months' Supply,2,35.98,,,,Unknown,Woocommerce
1072,347,06/05/2024,Swindon,South West,England,GB,0,35.98,Shipping,GBP,£,2.99,0,38.97,5.99,,1,Two Months' Supply,1,35.98,,,,Unknown,Woocommerce
765,347,07/03/2024,Swindon,South West,England,GB,0,35.98,Shipping,GBP,£,2.99,0,38.97,5.99,,1,Two Months' Supply,1,35.98,,,,Unknown,Woocommerce
632,347,24/01/2024,Swindon,South West,England,GB,9,35.98,Shipping,GBP,£,2.99,0,29.97,4.49,,1,Two Months' Supply,1,35.98,discount,9,0,Unknown,Woocommerce
6289,348,22/10/2024,Walsall,West Midlands,,GB,0,29.98,Royal Mail First Class,GBP,£,3.99,0,39.97,6,SQ3720870,1,8 Week Trial,1,29.98,,,,Unknown,Squarespace
6285,349,21/10/2024,Bucuresti,Romania,B,RO,0,353.2,Royal Mail International Tracked,RON,lei,58.839701,0,479.15,67.11,SQ3720870,1,8 Week Trial,2,176.6,,,,Organic: Google,Squarespace
548,349,27/12/2023,Bucuresti,Romania,,RO,9,35.98,Shipping,GBP,£,6.99,0,33.97,5.42,,1,Two Months' Supply,1,35.98,discount,9,0,Unknown,Woocommerce
352,349,01/10/2023,Bucuresti,Romania,Romania - Bucharest,RO,0,35.98,Shipping,GBP,£,9.99,0,45.97,7.34,,1,Two Months' Supply,1,35.98,,,,Unknown,Woocommerce
6277,350,19/10/2024,Bristol,South West,,GB,0,29.98,Royal Mail Second Class,GBP,£,2.99,0,38.97,6,SQ3720870,1,8 Week Trial,1,29.98,,,,Unknown,Squarespace
6273,351,19/10/2024,Woodbridge,East of England,Suffolk,GB,7.491667,29.98,Royal Mail Second Class,GBP,£,2.99,0,29.98,4.5,SQ3720870,1,8 Week Trial,1,22.49,calm1,7.49,1.5,Direct,Squarespace
6271,352,19/10/2024,Portsmouth,South East,Hampshire,GB,0,29.98,Royal Mail First Class,GBP,£,3.99,0,39.97,6,SQ3720870,1,8 Week Trial,1,29.98,,,,Organic: Google,Squarespace
455,352,14/11/2023,Portsmouth,South East,Hampshire,GB,0,35.98,Shipping,GBP,£,2.99,0,38.97,5.99,,1,Two Months' Supply,1,35.98,,,,Unknown,Woocommerce
389,352,17/10/2023,Portsmouth,South East,England,GB,0,19.99,Shipping,GBP,£,2.99,0,22.98,3.33,,1,One Month's Supply,1,19.99,,,,Unknown,Woocommerce
6265,353,18/10/2024,Leeds,Yorkshire and the Humber,West Yorkshire,GB,0,29.98,Royal Mail Second Class,GBP,£,2.99,0,38.97,6,SQ3720870,1,8 Week Trial,1,29.98,,,,Direct,Squarespace
1190,353,03/06/2024,Leeds,Yorkshire and the Humber,West Yorkshire,GB,0,164.89,Shipping,GBP,£,2.99,0,167.88,27.48,SQ0940587,1,Twelve months' supply,1,164.89,,,,Unknown,Woocommerce
994,353,25/04/2024,Leeds,Yorkshire and the Humber,,GB,0,35.98,Shipping,GBP,£,2.99,0,38.97,5.99,,1,Two Months' Supply,1,35.98,,,,Unknown,Woocommerce
6257,354,17/10/2024,London,Greater London,Middlesex,GB,0,12.49,Royal Mail Second Class,GBP,£,2.99,0,17.98,2.5,SQ7734740,1,Monthly Subscription,1,12.49,,,,Unknown,Squarespace
6240,355,14/10/2024,Bristol,South West,,GB,0,29.98,Royal Mail Second Class,GBP,£,2.99,0,38.97,6,SQ3720870,1,8 Week Trial,1,29.98,,,,Unknown,Squarespace
1198,356,05/06/2024,Aylesford,South East,kent,GB,9,35.98,Shipping,GBP,£,2.99,0,29.97,4.49,,1,8 Week Trial,1,35.98,discount,9,0,Unknown,Woocommerce
6229,356,12/10/2024,"Ditton, Aylesford",South East,Kent,GB,0,12.49,Royal Mail Second Class,GBP,£,2.99,0,17.98,2.5,SQ7734740,1,Monthly Subscription,1,12.49,,,,Unknown,Squarespace
620,357,18/01/2024,Harrogaate,Yorkshire and the Humber,Nth Yorkshire,GB,0,35.98,Shipping,GBP,£,2.99,0,38.97,5.99,,1,8 Week Trial,1,35.98,,,,Unknown,Woocommerce
6221,357,11/10/2024,Harrogate,Yorkshire and the Humber,,GB,0,29.98,Royal Mail Second Class,GBP,£,2.99,0,38.97,6,SQ3720870,1,8 Week Trial,1,29.98,,,,Unknown,Squarespace
794,357,16/03/2024,Harrogate,Yorkshire and the Humber,,GB,0,35.98,Shipping,GBP,£,2.99,0,38.97,5.99,,1,8 Week Trial,1,35.98,,,,Unknown,Woocommerce
6184,358,09/10/2024,Clevedon,South West,,GB,0,12.49,Royal Mail Second Class,GBP,£,2.99,2.99,17.98,2.5,SQ7734740,1,Monthly Subscription,1,12.49,,,,Organic: Google,Squarespace
6177,359,07/10/2024,Dover,South East,Kent,GB,7.491667,29.98,Royal Mail Second Class,GBP,£,2.99,0,29.98,4.5,SQ3720870,1,8 Week Trial,1,22.49,calm1,7.49,1.5,Web admin,Squarespace
1285,359,20/06/2024,Eythorne Dover,South East,Dover,GB,0,35.98,Shipping,GBP,£,2.99,0,38.97,5.99,,1,8 Week Trial,1,35.98,,,,Unknown,Woocommerce
935,359,23/04/2024,Eythorne Dover,South East,Dover,GB,0,35.98,Shipping,GBP,£,2.99,0,38.97,5.99,,1,8 Week Trial,1,35.98,,,,Unknown,Woocommerce
6176,360,07/10/2024,Essen,Germany,DE-NW,DE,8.890756,35.56,Royal Mail International Tracked,EUR,€,11.84774,0,43.59,5.07,SQ3720870,1,8 Week Trial,1,26.67,calm1,8.89,1.69,Organic: Google,Squarespace
6175,361,07/10/2024,Loughborough,East Midlands,Leicestershire,GB,0,16.66,Royal Mail Second Class,GBP,£,2.99,0,22.98,3.33,SQ9497841,1,One Month's Supply,1,16.66,,,,Direct,Squarespace
6164,362,07/10/2024,Standish Wigan,North West,Greater Manchester,GB,0,12.49,Royal Mail Second Class,GBP,£,2.99,0,17.98,2.5,SQ7734740,1,Monthly Subscription,1,12.49,,,,Direct,Squarespace
1213,363,07/06/2024,Beaconsfield,South East,Buckinghamshire,GB,9,35.98,Shipping,GBP,£,2.99,0,29.97,4.49,,1,8 Week Trial,1,35.98,discount,9,0,Unknown,Woocommerce
6163,363,06/10/2024,Frome,South West,ENGLAND,GB,0,29.98,Royal Mail Second Class,GBP,£,2.99,0,38.97,6,SQ3720870,1,8 Week Trial,1,29.98,,,,Direct,Squarespace
6162,364,06/10/2024,Bristol,South West,,GB,7.491667,29.98,Royal Mail Second Class,GBP,£,2.99,0,29.98,4.5,SQ3720870,1,8 Week Trial,1,22.49,calm1,7.49,1.5,Unknown,Squarespace
219,364,18/06/2023,Bristol,South West,England,GB,0,29.98,Shipping,GBP,£,2.99,0,32.97,4.99,,1,Two Months' Supply,1,29.98,,,,Unknown,Woocommerce
90,364,21/02/2023,Bristol,South West,England,GB,0,29.98,Shipping,GBP,£,2.99,0,32.97,0,,1,Two Months' Supply,1,29.98,,,,Unknown,Woocommerce
31,364,17/01/2023,Bristol,South West,England,GB,0,29.98,Shipping,GBP,£,2.99,0,32.97,0,,1,Two Months' Supply,1,29.98,,,,Unknown,Woocommerce
6154,365,05/10/2024,Bristol,South West,Bristol,GB,0,16.66,Royal Mail Second Class,GBP,£,2.99,0,22.98,3.33,SQ9497841,1,One Month's Supply,1,16.66,,,,Organic: Google,Squarespace
6152,366,05/10/2024,Sidcup,Greater London,,GB,0,29.98,Royal Mail Second Class,GBP,£,2.99,0,38.97,6,SQ3720870,1,8 Week Trial,1,29.98,,,,Web admin,Squarespace
6148,367,05/10/2024,Huddersfield,Yorkshire and the Humber,England,GB,103.05,137.41,Royal Mail Second Class,GBP,£,2.99,0,44.22,6.87,SQ0940587,1,Twelve months' supply,1,34.36,calm25,34.35,6.87,Unknown,Squarespace
6148,367,05/10/2024,Huddersfield,Yorkshire and the Humber,England,GB,103.05,137.41,Royal Mail Second Class,GBP,£,2.99,0,44.22,6.87,SQ0940587,,Twelve months' supply,1,34.36,gutquiz25,34.35,6.87,Direct,Squarespace
6148,367,05/10/2024,Huddersfield,Yorkshire and the Humber,England,GB,103.05,137.41,Royal Mail Second Class,GBP,£,2.99,0,44.22,6.87,SQ0940587,,Twelve months' supply,1,34.36,calm1,34.35,6.87,Referral: Duckduckgo.com,Squarespace
1514,367,07/08/2024,Huddersfield,Yorkshire and the Humber,England,GB,9,35.98,Shipping,GBP,£,2.99,0,29.97,4.49,,1,Two Months' Supply,1,35.98,discount,9,0,Unknown,Woocommerce
1070,367,06/05/2024,Huddersfield,Yorkshire and the Humber,England,GB,9,35.98,Shipping,GBP,£,2.99,0,29.97,4.49,,1,Two Months' Supply,1,35.98,discount,9,0,Unknown,Woocommerce
803,367,18/03/2024,Huddersfield,Yorkshire and the Humber,England,GB,9,35.98,Shipping,GBP,£,2.99,0,29.97,4.49,,1,8 Week Trial,1,35.98,discount,9,0,Unknown,Woocommerce
171,368,03/05/2023,Liss,South East,Hampshire,GB,0,29.98,Shipping,GBP,£,2.99,0,32.97,4.99,,1,Two Months' Supply,1,29.98,,,,Unknown,Woocommerce
114,368,09/03/2023,Liss,South East,Hampshire,GB,0,29.98,Shipping,GBP,£,2.99,0,32.97,0,,1,Two Months' Supply,1,29.98,,,,Unknown,Woocommerce
6147,368,04/10/2024,Penarth,Wales,,GB,0,137.41,Royal Mail Second Class,GBP,£,2.99,0,167.88,27.48,SQ0940587,1,Twelve months' supply,1,137.41,,,,Direct,Squarespace
6117,369,30/09/2024,Bishopton,Scotland,Renfrewshire,GB,0,29.98,Royal Mail Second Class,GBP,£,2.99,0,38.97,6,SQ3720870,1,8 Week Trial,1,29.98,,,,Referral: Ecosia.org,Squarespace
1408,369,16/07/2024,Bishopton,Scotland,Renfrewshire,GB,0,19.99,Shipping,GBP,£,2.99,0,22.98,3.33,,1,One Month's Supply,1,19.99,,,,Unknown,Woocommerce
1108,369,12/05/2024,Bishopton,Scotland,Renfrewshire,GB,9,35.98,Shipping,GBP,£,3.99,0,30.97,4.49,,1,Two Months' Supply,1,35.98,discount,9,0,Unknown,Woocommerce
6114,370,30/09/2024,London,Greater London,,GB,0,29.98,Royal Mail Second Class,GBP,£,2.99,0,38.97,6,SQ3720870,1,8 Week Trial,1,29.98,,,,Unknown,Squarespace
6113,371,29/09/2024,Swansea,Wales,AL,GB,2.5,16.66,Royal Mail Second Class,GBP,£,2.99,0,19.98,2.83,SQ9497841,1,One Month's Supply,1,14.16,rev15,2.5,0.5,Organic: Google,Squarespace
1556,371,15/08/2024,Swansea,Wales,,GB,9,35.98,Shipping,GBP,£,2.99,0,29.97,4.49,,1,8 Week Trial,1,35.98,discount,9,0,Unknown,Woocommerce
6111,372,29/09/2024,Bristol,South West,Gloucestershire,GB,0,12.49,Royal Mail Second Class,GBP,£,2.99,0,17.98,2.5,SQ7734740,1,Monthly Subscription,1,12.49,,,,Direct,Squarespace
1622,372,29/08/2024,Bristol,South West,Gloucestershire,GB,0,14.99,Shipping,GBP,£,2.99,0,17.98,2.5,SQ7734740,1,Monthly Subscription,1,14.99,,,,Unknown,Woocommerce
1485,372,29/07/2024,Bristol,South West,Gloucestershire,GB,0,14.99,Shipping,GBP,£,2.99,0,17.98,2.5,SQ7734740,1,Monthly Subscription,1,14.99,,,,Unknown,Woocommerce
1335,372,29/06/2024,Bristol,South West,Gloucestershire,GB,0,14.99,Shipping,GBP,£,2.99,0,17.98,2.5,SQ7734740,1,Monthly Subscription,1,14.99,,,,Unknown,Woocommerce
1177,372,29/05/2024,Bristol,South West,Gloucestershire,GB,0,14.99,Shipping,GBP,£,2.99,0,17.98,2.5,SQ7734740,1,Monthly Subscription,1,14.99,,,,Unknown,Woocommerce
633,372,24/01/2024,Bristol,South West,Gloucestershire,GB,0,14.99,Shipping,GBP,£,2.99,0,17.98,2.5,SQ7734740,1,Monthly Subscription,1,14.99,,,,Unknown,Woocommerce
543,372,24/12/2023,Bristol,South West,Gloucestershire,GB,0,14.99,Shipping,GBP,£,2.99,0,17.98,2.5,SQ7734740,1,Monthly Subscription,1,14.99,,,,Unknown,Woocommerce
481,372,24/11/2023,Bristol,South West,Gloucestershire,GB,0,14.99,Shipping,GBP,£,2.99,0,17.98,2.5,SQ7734740,1,Monthly Subscription,1,14.99,,,,Unknown,Woocommerce
403,372,24/10/2023,Bristol,South West,Gloucestershire,GB,0,14.99,Shipping,GBP,£,2.99,0,17.98,2.5,SQ7734740,1,Monthly Subscription,1,14.99,,,,Unknown,Woocommerce
342,372,24/09/2023,Bristol,South West,Gloucestershire,GB,0,14.99,Shipping,GBP,£,2.99,0,17.98,2.5,SQ7734740,1,Monthly Subscription,1,14.99,,,,Unknown,Woocommerce
296,372,24/08/2023,Bristol,South West,Gloucestershire,GB,0,14.99,Shipping,GBP,£,2.99,0,17.98,2.5,SQ7734740,1,Monthly Subscription,1,14.99,,,,Unknown,Woocommerce
6105,373,28/09/2024,Ballyboden,Ireland,D,IE,0,35.56,Royal Mail International Standard,EUR,€,8.29,0,52.03,8.18,SQ3720870,1,8 Week Trial,1,35.56,,,,Unknown,Squarespace
6104,374,27/09/2024,Winchester,South East,Hampshire,GB,7.491667,29.98,Royal Mail Second Class,GBP,£,2.99,0,29.98,4.5,SQ3720870,1,8 Week Trial,1,22.49,calm1,7.49,1.5,Web admin,Squarespace
1443,374,22/07/2024,Winchester,South East,Hants,GB,0,35.98,Shipping,GBP,£,2.99,0,38.97,5.99,,1,Two Months' Supply,1,35.98,,,,Unknown,Woocommerce
6096,375,27/09/2024,Rayleigh,East of England,Essex,GB,0,12.49,Royal Mail Second Class,GBP,£,2.99,0,17.98,2.5,SQ7734740,1,Monthly Subscription,1,12.49,,,,Unknown,Squarespace
1605,375,26/08/2024,Rayleigh,East of England,Essex,GB,0,14.99,Shipping,GBP,£,2.99,0,17.98,2.5,,1,Monthly Subscription,1,14.99,,,,Unknown,Woocommerce
1467,375,26/07/2024,Rayleigh,East of England,Essex,GB,0,14.99,Shipping,GBP,£,2.99,0,17.98,2.5,,1,Monthly Subscription,1,14.99,,,,Unknown,Woocommerce
1316,375,26/06/2024,Rayleigh,East of England,Essex,GB,0,14.99,Shipping,GBP,£,2.99,0,17.98,2.5,,1,Monthly Subscription,1,14.99,,,,Unknown,Woocommerce
1166,375,26/05/2024,Rayleigh,East of England,Essex,GB,0,14.99,Shipping,GBP,£,2.99,0,17.98,2.5,,1,Monthly Subscription,1,14.99,,,,Unknown,Woocommerce
1012,375,26/04/2024,Rayleigh,East of England,Essex,GB,0,14.99,Shipping,GBP,£,2.99,0,17.98,2.5,,1,Monthly Subscription,1,14.99,,,,Unknown,Woocommerce
6085,376,26/09/2024,Carrickfergus,Northern Ireland,Northern Ireland,GB,0,12.49,Royal Mail Second Class,GBP,£,2.99,0,17.98,2.5,SQ7734740,1,Monthly Subscription,1,12.49,,,,Organic: Google,Squarespace
940,376,23/04/2024,Carrickfergus,Northern Ireland,Northern Ireland,GB,9,35.98,Shipping,GBP,£,2.99,0,29.97,4.49,,1,Two Months' Supply,1,35.98,discount,9,0,Unknown,Woocommerce
6070,377,25/09/2024,Manchester,North West,England,GB,0,137.41,Royal Mail Second Class,GBP,£,2.99,0,167.88,27.48,SQ0940587,1,Twelve months' supply,1,137.41,,,,Web admin,Squarespace
819,377,23/03/2024,Manchester,North West,England,GB,9,35.98,Shipping,GBP,£,3.99,0,30.97,4.49,,1,8 Week Trial,1,35.98,discount,9,0,Unknown,Woocommerce
5872,378,24/09/2024,Ilkley,Yorkshire and the Humber,,GB,20.61,137.41,Royal Mail Second Class,GBP,£,2.99,0,143.15,23.36,SQ0940587,1,Twelve months' supply,1,116.8,rev15,20.61,4.12,Web admin,Squarespace
1347,378,02/07/2024,Ilkley,Yorkshire and the Humber,England,GB,9,35.98,Shipping,GBP,£,2.99,0,29.97,4.49,,1,Two Months' Supply,1,35.98,discount,9,0,Unknown,Woocommerce
5853,379,23/09/2024,Weymouth,South West,DORSET,GB,0,29.98,Royal Mail Second Class,GBP,£,2.99,0,38.97,6,SQ3720870,1,8 Week Trial,1,29.98,,,,Unknown,Squarespace
5848,380,23/09/2024,Stratford-Upon-Avon,West Midlands,Warwickshire,GB,0,12.49,Royal Mail Second Class,GBP,£,2.99,0,17.98,2.5,SQ7734740,1,Monthly Subscription,1,12.49,,,,Organic: Google,Squarespace
1594,380,23/08/2024,Stratford-Upon-Avon,West Midlands,Warwickshire,GB,0,14.99,Shipping,GBP,£,2.99,0,17.98,2.5,,1,Monthly Subscription,1,14.99,,,,Unknown,Woocommerce
1449,380,23/07/2024,Stratford-Upon-Avon,West Midlands,Warwickshire,GB,0,14.99,Shipping,GBP,£,2.99,0,17.98,2.5,,1,Monthly Subscription,1,14.99,,,,Unknown,Woocommerce
1299,380,23/06/2024,Stratford-Upon-Avon,West Midlands,Warwickshire,GB,0,14.99,Shipping,GBP,£,2.99,0,17.98,2.5,,1,Monthly Subscription,1,14.99,,,,Unknown,Woocommerce
1150,380,23/05/2024,Stratford-Upon-Avon,West Midlands,Warwickshire,GB,0,14.99,Shipping,GBP,£,2.99,0,17.98,2.5,,1,Monthly Subscription,1,14.99,,,,Unknown,Woocommerce
958,380,23/04/2024,Stratford-Upon-Avon,West Midlands,Warwickshire,GB,0,14.99,Shipping,GBP,£,2.99,0,17.98,2.5,,1,Monthly Subscription,1,14.99,,,,Unknown,Woocommerce
817,380,23/03/2024,Stratford-Upon-Avon,West Midlands,Warwickshire,GB,0,14.99,Shipping,GBP,£,2.99,0,17.98,2.5,,1,Monthly Subscription,1,14.99,,,,Unknown,Woocommerce
722,380,23/02/2024,Stratford-Upon-Avon,West Midlands,Warwickshire,GB,0,14.99,Shipping,GBP,£,2.99,0,17.98,2.5,,1,Monthly Subscription,1,14.99,,,,Unknown,Woocommerce
461,380,17/11/2023,Stratford-Upon-Avon,West Midlands,Warwickshire,GB,9,35.98,Shipping,GBP,£,2.99,0,29.97,4.49,,1,Two Months' Supply,1,35.98,discount,9,0,Unknown,Woocommerce
5843,381,21/09/2024,Northwich,North West,,GB,0,29.98,Royal Mail First Class,GBP,£,3.99,0,39.97,6,SQ3720870,1,8 Week Trial,1,29.98,,,,Unknown,Squarespace
1437,381,20/07/2024,Northwich,North West,England,GB,0,35.98,Shipping,GBP,£,3.99,0,39.97,5.99,,1,Two Months' Supply,1,35.98,,,,Unknown,Woocommerce
1326,381,28/06/2024,Northwich,North West,Cheshire,GB,0,19.99,Shipping,GBP,£,3.99,0,23.98,3.33,,1,One Month's Supply,1,19.99,,,,Unknown,Woocommerce
5838,382,20/09/2024,Kendal,North West,Cumbria,GB,29.983333,29.98,Royal Mail Second Class,GBP,£,2.99,0,2.99,0,SQ3720870,1,8 Week Trial,1,0,test100,29.98,6,Unknown,Squarespace
5775,383,20/09/2024,Hexham,North East,,GB,7.491667,29.98,Royal Mail Second Class,GBP,£,2.99,0,29.98,4.5,SQ3720870,1,8 Week Trial,1,22.49,calm1,7.49,1.5,Direct,Squarespace
5681,384,19/09/2024,Chippenham,South West,Wiltshire,GB,7.491667,29.98,Royal Mail Second Class,GBP,£,2.99,0,29.98,4.5,SQ3720870,1,8 Week Trial,1,22.49,calm1,7.49,1.5,Unknown,Squarespace
5676,385,05/09/2024,Roslin,Scotland,Scotland,GB,0,12.49,Royal Mail Second Class,GBP,£,2.99,0,17.98,2.5,SQ7734740,1,Monthly Subscription,1,12.49,,,,Organic: Google,Squarespace
1504,385,05/08/2024,Roslin,Scotland,Scotland,GB,0,14.99,Shipping,GBP,£,2.99,0,17.98,2.5,,1,Monthly Subscription,1,14.99,,,,Unknown,Woocommerce
1368,385,05/07/2024,Roslin,Scotland,Scotland,GB,0,14.99,Shipping,GBP,£,2.99,0,17.98,2.5,,1,Monthly Subscription,1,14.99,,,,Unknown,Woocommerce
1199,385,05/06/2024,Roslin,Scotland,Scotland,GB,0,14.99,Shipping,GBP,£,2.99,0,17.98,2.5,,1,Monthly Subscription,1,14.99,,,,Unknown,Woocommerce
1091,385,08/05/2024,Roslin,Scotland,Scotland,GB,9,35.98,Shipping,GBP,£,2.99,0,29.97,4.49,,1,8 Week Trial,1,35.98,discount,9,0,Unknown,Woocommerce
5655,386,19/09/2024,Cambridge,East of England,England,GB,0,16.66,Royal Mail Second Class,GBP,£,2.99,0,22.98,3.33,SQ9497841,1,One Month's Supply,1,16.66,,,,Unknown,Squarespace
1701,387,18/09/2024,Mitcham,Greater London,Greater London,GB,10,39.98,Shipping,GBP,£,2.99,0,32.97,4.99,,1,One Month's Supply,2,19.99,discount,10,0,Source: Google,Woocommerce
1698,388,17/09/2024,Hertford,South East,,GB,0,35.98,Shipping,GBP,£,2.99,0,38.97,5.99,,1,8 Week Trial,1,35.98,,,,Referral: M.facebook.com,Woocommerce
1696,389,17/09/2024,Northampton,East Midlands,England,GB,9,35.98,Shipping,GBP,£,2.99,0,29.97,4.49,,1,8 Week Trial,1,35.98,discount,9,0,Unknown,Woocommerce
1689,390,16/09/2024,Bristol,South West,Bristol,GB,0,35.98,Shipping,GBP,£,2.99,0,38.97,5.99,,1,8 Week Trial,1,35.98,,,,Unknown,Woocommerce
1686,391,15/09/2024,Truro,South West,Cornwall,GB,0,35.98,Shipping,GBP,£,2.99,0,38.97,5.99,,1,8 Week Trial,1,35.98,,,,Direct,Woocommerce
1668,392,11/09/2024,Midhurst,South East,West Sussex,GB,0,71.96,Shipping,GBP,£,2.99,0,74.95,12,,1,8 Week Trial,2,35.98,,,,Unknown,Woocommerce
1336,392,30/06/2024,Midhurst,South East,West Sussex,GB,9,35.98,Shipping,GBP,£,2.99,0,29.97,4.49,,1,Two Months' Supply,1,35.98,discount,9,0,Unknown,Woocommerce
1011,392,26/04/2024,Midhurst,South East,West Sussex,GB,0,35.98,Shipping,GBP,£,2.99,0,38.97,5.99,,1,Two Months' Supply,1,35.98,,,,Unknown,Woocommerce
1667,393,10/09/2024,Colchester,East of England,Essex,GB,9,35.98,Shipping,GBP,£,2.99,0,29.97,4.49,,1,Two Months' Supply,1,35.98,discount,9,0,Unknown,Woocommerce
1666,394,10/09/2024,Bristol,South West,England,GB,0,35.98,Shipping,GBP,£,2.99,0,38.97,5.99,,1,8 Week Trial,1,35.98,,,,Unknown,Woocommerce
1663,395,10/09/2024,Reading,South East,Berkshire,GB,9,35.98,Shipping,GBP,£,2.99,0,29.97,4.49,,1,Two Months' Supply,1,35.98,discount,9,0,Unknown,Woocommerce
1660,396,09/09/2024,Washington,North East,England,GB,0,35.98,Shipping,GBP,£,2.99,0,38.97,5.99,,1,8 Week Trial,1,35.98,,,,Organic: Google,Woocommerce
1649,397,06/09/2024,Brandenburg An Der Havel,Germany,Brandenburg,DE,0,19.99,Shipping,GBP,£,6.99,0,26.98,4.31,,1,One Month's Supply,1,19.99,,,,Unknown,Woocommerce
1643,398,05/09/2024,Birmingham,West Midlands,,GB,9,35.98,Shipping,GBP,£,2.99,0,29.97,4.49,,1,Two Months' Supply,1,35.98,discount,9,0,Direct,Woocommerce
1639,399,05/09/2024,Harrogate,Yorkshire and the Humber,England,GB,0,19.99,Shipping,GBP,£,2.99,0,22.98,3.33,,1,One Month's Supply,1,19.99,,,,Organic: Google,Woocommerce
1533,399,11/08/2024,Harrogate,Yorkshire and the Humber,England,GB,0,19.99,Shipping,GBP,£,3.99,0,23.98,3.33,,1,One Month's Supply,1,19.99,,,,Unknown,Woocommerce
1191,399,03/06/2024,Harrogate,Yorkshire and the Humber,North Yorkshire,GB,0,35.98,Shipping,GBP,£,3.99,0,39.97,5.99,,1,8 Week Trial,1,35.98,,,,Unknown,Woocommerce
5612,400,18/09/2024,Bolton,North West,England,GB,0,12.49,Royal Mail Second Class,GBP,£,2.99,0,17.98,2.5,SQ7734740,1,Monthly Subscription,1,12.49,,,,Web admin,Woocommerce
1573,400,18/08/2024,Bolton,North West,England,GB,0,14.99,Shipping,GBP,£,2.99,0,17.98,2.5,,1,Monthly Subscription,1,14.99,,,,Unknown,Woocommerce
1425,400,18/07/2024,Bolton,North West,England,GB,0,14.99,Shipping,GBP,£,2.99,0,17.98,2.5,,1,Monthly Subscription,1,14.99,,,,Unknown,Woocommerce
1271,400,18/06/2024,Bolton,North West,England,GB,0,14.99,Shipping,GBP,£,2.99,0,17.98,2.5,,1,Monthly Subscription,1,14.99,,,,Unknown,Woocommerce
1130,400,18/05/2024,Bolton,North West,England,GB,0,14.99,Shipping,GBP,£,2.99,0,17.98,2.5,,1,Monthly Subscription,1,14.99,,,,Unknown,Woocommerce
906,400,18/04/2024,Bolton,North West,England,GB,0,14.99,Shipping,GBP,£,2.99,0,17.98,2.5,,1,Monthly Subscription,1,14.99,,,,Unknown,Woocommerce
802,400,18/03/2024,Bolton,North West,England,GB,0,14.99,Shipping,GBP,£,2.99,0,17.98,2.5,,1,Monthly Subscription,1,14.99,,,,Unknown,Woocommerce
703,400,18/02/2024,Bolton,North West,England,GB,0,14.99,Shipping,GBP,£,2.99,0,17.98,2.5,,1,Monthly Subscription,1,14.99,,,,Unknown,Woocommerce
621,400,18/01/2024,Bolton,North West,England,GB,0,14.99,Shipping,GBP,£,2.99,0,17.98,2.5,,1,Monthly Subscription,1,14.99,,,,Unknown,Woocommerce
534,400,18/12/2023,Bolton,North West,England,GB,0,14.99,Shipping,GBP,£,2.99,0,17.98,2.5,,1,Monthly Subscription,1,14.99,,,,Unknown,Woocommerce
466,400,18/11/2023,Bolton,North West,England,GB,0,14.99,Shipping,GBP,£,2.99,0,17.98,2.5,,1,Monthly Subscription,1,14.99,,,,Unknown,Woocommerce
363,400,07/10/2023,Bolton,North West,England,GB,0,35.98,Shipping,GBP,£,3.99,0,39.97,5.99,,1,Two Months' Supply,1,35.98,,,,Unknown,Woocommerce
5600,401,18/09/2024,Hagley,West Midlands,,GB,0,12.49,Royal Mail Second Class,GBP,£,2.99,0,17.98,2.5,SQ7734740,1,Monthly Subscription,1,12.49,,,,Web admin,Woocommerce
1572,401,18/08/2024,Hagley,West Midlands,England,GB,0,14.99,Shipping,GBP,£,2.99,0,17.98,2.5,,1,Monthly Subscription,1,14.99,,,,Unknown,Woocommerce
1421,401,18/07/2024,Hagley,West Midlands,England,GB,0,14.99,Shipping,GBP,£,2.99,0,17.98,2.5,,1,Monthly Subscription,1,14.99,,,,Unknown,Woocommerce
1092,401,08/05/2024,Hagley,West Midlands,England,GB,9,35.98,Shipping,GBP,£,2.99,0,29.97,4.49,,1,Two Months' Supply,1,35.98,discount,9,0,Unknown,Woocommerce
5126,402,11/09/2024,Lisburn,Northern Ireland,,GB,0,12.49,Royal Mail Second Class,GBP,£,2.99,0,17.98,2.5,SQ7734740,1,Monthly Subscription,1,12.49,,,,Referral: Com.google.android.gm,Woocommerce
1391,402,11/07/2024,Lisburn,Northern Ireland,,GB,0,16.99,Shipping,GBP,£,2.99,0,19.98,2.83,,1,Monthly Subscription,1,16.99,,,,Unknown,Woocommerce
211,402,09/06/2023,Lisburn,Northern Ireland,,GB,0,29.98,Shipping,GBP,£,2.99,0,32.97,4.99,,1,Two Months' Supply,1,29.98,,,,Unknown,Woocommerce
189,402,19/05/2023,Lisburn,Northern Ireland,,GB,0,19.99,Shipping,GBP,£,2.99,0,22.98,3.33,,1,One Month's Supply,1,19.99,,,,Unknown,Woocommerce
5063,403,11/09/2024,Heckmondwike,Yorkshire and the Humber,West Yorkshire,GB,0,12.49,Royal Mail Second Class,GBP,£,2.99,0,17.98,2.5,SQ7734740,1,Monthly Subscription,1,12.49,,,,Web admin,Woocommerce
1534,403,11/08/2024,Heckmondwike,Yorkshire and the Humber,West Yorkshire,GB,0,14.99,Shipping,GBP,£,2.99,0,17.98,2.5,,1,Monthly Subscription,1,14.99,,,,Unknown,Woocommerce
1389,403,11/07/2024,Heckmondwike,Yorkshire and the Humber,West Yorkshire,GB,0,14.99,Shipping,GBP,£,2.99,0,17.98,2.5,,1,Monthly Subscription,1,14.99,,,,Unknown,Woocommerce
1232,403,11/06/2024,Heckmondwike,Yorkshire and the Humber,West Yorkshire,GB,0,14.99,Shipping,GBP,£,2.99,0,17.98,2.5,,1,Monthly Subscription,1,14.99,,,,Unknown,Woocommerce
1101,403,11/05/2024,Heckmondwike,Yorkshire and the Humber,West Yorkshire,GB,0,14.99,Shipping,GBP,£,2.99,0,17.98,2.5,,1,Monthly Subscription,1,14.99,,,,Unknown,Woocommerce
883,403,11/04/2024,Heckmondwike,Yorkshire and the Humber,West Yorkshire,GB,0,14.99,Shipping,GBP,£,2.99,0,17.98,2.5,,1,Monthly Subscription,1,14.99,,,,Unknown,Woocommerce
793,403,16/03/2024,Heckmondwike,Yorkshire and the Humber,West Yorkshire,GB,0,14.99,Shipping,GBP,£,2.99,0,17.98,2.5,,1,Monthly Subscription,1,14.99,,,,Unknown,Woocommerce
684,403,11/02/2024,Heckmondwike,Yorkshire and the Humber,West Yorkshire,GB,0,14.99,Shipping,GBP,£,2.99,0,17.98,2.5,,1,Monthly Subscription,1,14.99,,,,Unknown,Woocommerce
597,403,11/01/2024,Heckmondwike,Yorkshire and the Humber,West Yorkshire,GB,0,14.99,Shipping,GBP,£,2.99,0,17.98,2.5,,1,Monthly Subscription,1,14.99,,,,Unknown,Woocommerce
447,403,12/11/2023,Mirfield,Yorkshire and the Humber,England,GB,0,14.99,Shipping,GBP,£,2.99,0,17.98,2.5,,1,Monthly Subscription,1,14.99,,,,Unknown,Woocommerce
439,403,09/11/2023,Mirfield,Yorkshire and the Humber,England,GB,0,14.99,Shipping,GBP,£,2.99,0,17.98,2.5,,1,Monthly Subscription,1,14.99,,,,Unknown,Woocommerce
378,403,12/10/2023,Mirfield,Yorkshire and the Humber,England,GB,0,14.99,Shipping,GBP,£,2.99,0,17.98,2.5,,1,Monthly Subscription,1,14.99,,,,Unknown,Woocommerce
335,403,18/09/2023,Mirfield,Yorkshire and the Humber,England,GB,5,19.99,Shipping,GBP,£,3.99,0,18.98,2.5,,1,One Month's Supply,1,19.99,discount,5,0,Unknown,Woocommerce
1628,404,31/08/2024,Bristol,South West,North Somerset,GB,0,19.99,Shipping,GBP,£,2.99,0,22.98,3.33,,1,One Month's Supply,1,19.99,,,,Unknown,Woocommerce
1625,405,30/08/2024,Ilkley,Yorkshire and the Humber,West Yorkshire,GB,9,35.98,Shipping,GBP,£,2.99,0,29.97,4.49,,1,Two Months' Supply,1,35.98,discount,9,0,Unknown,Woocommerce
934,406,23/04/2024,Ayrshire,Scotland,Scotland,GB,9,35.98,Shipping,GBP,£,2.99,0,29.97,4.49,,1,Two Months' Supply,1,35.98,discount,9,0,Unknown,Woocommerce
1624,406,30/08/2024,North Ayrshire,Scotland,Uk,GB,0,35.98,Shipping,GBP,£,2.99,0,38.97,5.99,,1,8 Week Trial,1,35.98,,,,Unknown,Woocommerce
1192,406,03/06/2024,Skelmorlie,Scotland,Scotland,GB,0,35.98,Shipping,GBP,£,2.99,0,38.97,5.99,,1,Two Months' Supply,1,35.98,,,,Unknown,Woocommerce
1615,407,27/08/2024,Dublin 11,Ireland,D,IE,0,35.98,Shipping,GBP,£,6.99,0,42.97,8.04,,1,Two Months' Supply,1,35.98,,,,Unknown,Woocommerce
1229,407,10/06/2024,Dublin 11,Ireland,D,IE,9,35.98,Shipping,GBP,£,6.99,0,33.97,6.36,,1,Two Months' Supply,1,35.98,discount,9,0,Unknown,Woocommerce
1607,408,27/08/2024,Coston,East of England,Norfolk,GB,0,14.99,Shipping,GBP,£,3.99,0,18.98,2.5,,1,Monthly Subscription,1,14.99,,,,Unknown,Woocommerce
1470,408,27/07/2024,Coston,East of England,Norfolk,GB,0,14.99,Shipping,GBP,£,3.99,0,18.98,2.5,,1,Monthly Subscription,1,14.99,,,,Unknown,Woocommerce
1457,408,24/07/2024,Coston,East of England,Norfolk,GB,0,35.98,Shipping,GBP,£,3.99,0,39.97,5.99,,1,Two Months' Supply,1,35.98,,,,Unknown,Woocommerce
1432,408,19/07/2024,Coston,East of England,Norfolk,GB,0,19.99,Shipping,GBP,£,2.99,0,22.98,3.33,,1,One Month's Supply,1,19.99,,,,Unknown,Woocommerce
1317,408,27/06/2024,Coston,East of England,Norfolk,GB,0,14.99,Shipping,GBP,£,3.99,0,18.98,2.5,,1,Monthly Subscription,1,14.99,,,,Unknown,Woocommerce
1067,408,05/05/2024,Coston,East of England,Norfolk,GB,3,19.99,Shipping,GBP,£,3.99,0,20.98,2.83,,1,One Month's Supply,1,19.99,discount,3,0,Unknown,Woocommerce
820,408,24/03/2024,Coston,East of England,Norfolk,GB,0,35.98,Shipping,GBP,£,3.99,0,39.97,5.99,,1,Two Months' Supply,1,35.98,,,,Unknown,Woocommerce
1598,409,25/08/2024,Bristol,South West,England,GB,9,35.98,Shipping,GBP,£,2.99,0,29.97,4.49,,1,Two Months' Supply,1,35.98,discount,9,0,Unknown,Woocommerce
979,409,24/04/2024,Bristol,South West,England,GB,0,35.98,Shipping,GBP,£,2.99,0,38.97,5.99,,1,8 Week Trial,1,35.98,,,,Unknown,Woocommerce
1596,410,25/08/2024,Newbury,South East,Berkshire,GB,0,19.99,Shipping,GBP,£,2.99,0,22.98,3.33,,1,One Month's Supply,1,19.99,,,,Unknown,Woocommerce
1591,411,23/08/2024,Sheffield,Yorkshire and the Humber,England,GB,9,35.98,Shipping,GBP,£,2.99,0,29.97,4.49,,1,Two Months' Supply,1,35.98,discount,9,0,Unknown,Woocommerce
1588,412,22/08/2024,Bristol,South West,England,GB,9,35.98,Shipping,GBP,£,3.99,0,30.97,4.49,,1,8 Week Trial,1,35.98,discount,9,0,Unknown,Woocommerce
1585,413,21/08/2024,Glasgow,Scotland,Derbyshire,GB,9,35.98,Shipping,GBP,£,3.99,0,30.97,4.49,,1,8 Week Trial,1,35.98,discount,9,0,Unknown,Woocommerce
1574,414,18/08/2024,Stanford-Le-Hope,East of England,England,GB,9,35.98,Shipping,GBP,£,2.99,0,29.97,4.49,,1,8 Week Trial,1,35.98,discount,9,0,Unknown,Woocommerce
1569,415,17/08/2024,Bristol,South West,England,GB,9,35.98,Shipping,GBP,£,3.99,0,30.97,4.49,,1,Two Months' Supply,1,35.98,discount,9,0,Unknown,Woocommerce
1561,416,16/08/2024,Southampton,South East,Hampshire,GB,9,35.98,Shipping,GBP,£,2.99,0,29.97,4.49,,1,Two Months' Supply,1,35.98,discount,9,0,Unknown,Woocommerce
1555,417,15/08/2024,Chippenham,South West,Wilts,GB,5,19.99,Shipping,GBP,£,2.99,0,17.98,2.5,,1,One Month's Supply,1,19.99,discount,5,0,Unknown,Woocommerce
1553,418,14/08/2024,"Taplow, South Bucks",South East,England,GB,0,35.98,Shipping,GBP,£,2.99,0,38.97,5.99,,1,8 Week Trial,1,35.98,,,,Unknown,Woocommerce
1551,419,14/08/2024,Bristol,South West,England,GB,9,35.98,Shipping,GBP,£,2.99,0,29.97,4.49,,1,Two Months' Supply,1,35.98,discount,9,0,Unknown,Woocommerce
1550,420,14/08/2024,Bristol,South West,,GB,0,14.99,Shipping,GBP,£,2.99,0,17.98,2.5,,1,Monthly Subscription,1,14.99,,,,Unknown,Woocommerce
1549,421,14/08/2024,Southsea,South East,Hampshire,GB,0,35.98,Shipping,GBP,£,2.99,0,38.97,5.99,,1,Two Months' Supply,1,35.98,,,,Unknown,Woocommerce
1546,422,13/08/2024,Amstelveen,Netherlands,,NL,0,35.98,Shipping,GBP,£,6.99,0,42.97,7.46,,1,Two Months' Supply,1,35.98,,,,Unknown,Woocommerce
1545,423,13/08/2024,Uvaly,Czech Republic,,CZ,0,107.94,Shipping,GBP,£,6.99,0,114.93,19.95,,1,Two Months' Supply,3,35.98,,,,Unknown,Woocommerce
1248,423,14/06/2024,Uvaly,Czech Republic,,CZ,0,71.96,Shipping,GBP,£,6.99,0,78.95,13.7,,1,Two Months' Supply,2,35.98,,,,Unknown,Woocommerce
1542,424,12/08/2024,Ledbury,West Midlands,,GB,0,35.98,Shipping,GBP,£,2.99,0,38.97,5.99,,1,Two Months' Supply,1,35.98,,,,Unknown,Woocommerce
938,424,23/04/2024,Ledbury,West Midlands,,GB,9,35.98,Shipping,GBP,£,2.99,0,29.97,4.49,,1,Two Months' Supply,1,35.98,discount,9,0,Unknown,Woocommerce
1541,425,11/08/2024,Sheffield,Yorkshire and the Humber,South Yorkshire,GB,0,164.89,Shipping,GBP,£,2.99,0,167.88,27.48,SQ0940587,1,Twelve months' supply,1,164.89,,,,Unknown,Woocommerce
1540,426,11/08/2024,Shrewsbury,West Midlands,England,GB,9,35.98,Shipping,GBP,£,2.99,0,29.97,4.49,,1,8 Week Trial,1,35.98,discount,9,0,Unknown,Woocommerce
1538,427,11/08/2024,Bristol,South West,,GB,0,164.89,Shipping,GBP,£,2.99,0,167.88,27.48,SQ0940587,1,Twelve months' supply,1,164.89,,,,Unknown,Woocommerce
1051,427,03/05/2024,Bristol,South West,UK,GB,9,35.98,Shipping,GBP,£,3.99,0,30.97,4.49,,1,8 Week Trial,1,35.98,discount,9,0,Unknown,Woocommerce
1535,428,11/08/2024,Daventry,West Midlands,Northamptonshire,GB,9,35.98,Shipping,GBP,£,2.99,0,29.97,4.49,,1,Two Months' Supply,1,35.98,discount,9,0,Unknown,Woocommerce
1529,429,10/08/2024,Newton Abbot,South West,England,GB,9,35.98,Shipping,GBP,£,3.99,0,30.97,4.49,,1,Two Months' Supply,1,35.98,discount,9,0,Unknown,Woocommerce
1528,430,10/08/2024,Belfast,Northern Ireland,Northern Ireland,GB,0,35.98,Shipping,GBP,£,2.99,0,38.97,5.99,,1,8 Week Trial,1,35.98,,,,Unknown,Woocommerce
1525,431,09/08/2024,Stratford Upon Avon,West Midlands,Warwickshire,GB,0,19.99,Shipping,GBP,£,2.99,0,22.98,3.33,,1,One Month's Supply,1,19.99,,,,Unknown,Woocommerce
1522,432,08/08/2024,Iver,South East,England,GB,0,19.99,Shipping,GBP,£,3.99,0,23.98,3.33,,1,One Month's Supply,1,19.99,,,,Unknown,Woocommerce
1338,432,30/06/2024,London,Greater London,Buckinghamshire,GB,0,19.99,Shipping,GBP,£,2.99,0,22.98,3.33,,1,One Month's Supply,1,19.99,,,,Unknown,Woocommerce
1520,433,08/08/2024,London,Greater London,England,GB,0,164.89,Shipping,GBP,£,3.99,0,168.88,27.48,SQ0940587,1,Twelve months' supply,1,164.89,,,,Unknown,Woocommerce
1205,433,06/06/2024,London,Greater London,England,GB,0,71.96,Shipping,GBP,£,2.99,0,74.95,12,,1,8 Week Trial,2,35.98,,,,Unknown,Woocommerce
986,433,24/04/2024,London,Greater London,England,GB,0,35.98,Shipping,GBP,£,2.99,0,38.97,5.99,,1,Two Months' Supply,1,35.98,,,,Unknown,Woocommerce
1516,434,08/08/2024,Walton On Thames,South East,Surrey,GB,9,35.98,Shipping,GBP,£,2.99,0,29.97,4.49,,1,Two Months' Supply,1,35.98,discount,9,0,Unknown,Woocommerce
1515,435,07/08/2024,Crathes,Scotland,Scotland,GB,0,35.98,Shipping,GBP,£,2.99,0,38.97,5.99,,1,8 Week Trial,1,35.98,,,,Unknown,Woocommerce
1512,436,07/08/2024,Liverpool,North West,England,GB,24.73,164.89,Shipping,GBP,£,3.99,0,144.15,23.36,SQ0940587,1,Twelve months' supply,1,164.89,discount,24.73,0,Unknown,Woocommerce
1050,436,03/05/2024,Liverpool,North West,England,GB,9,35.98,Shipping,GBP,£,3.99,0,30.97,4.49,,1,Two Months' Supply,1,35.98,discount,9,0,Unknown,Woocommerce
1511,437,06/08/2024,Warlingham,South East,Surrey,GB,9,35.98,Shipping,GBP,£,2.99,0,29.97,4.49,,1,8 Week Trial,1,35.98,discount,9,0,Unknown,Woocommerce
1502,438,05/08/2024,London,Greater London,Greater London,GB,0,35.98,Shipping,GBP,£,2.99,0,38.97,5.99,,1,Two Months' Supply,1,35.98,,,,Unknown,Woocommerce
1500,439,04/08/2024,Saffron Walden,East of England,England,GB,0,35.98,Shipping,GBP,£,2.99,0,38.97,5.99,,1,8 Week Trial,1,35.98,,,,Unknown,Woocommerce
40,439,17/01/2023,Saffron Walden,East of England,England,GB,0,29.98,Shipping,GBP,£,2.99,0,32.97,0,,1,Two Months' Supply,1,29.98,,,,Unknown,Woocommerce
1498,440,04/08/2024,Newport Pagnell,South East,England,GB,0,19.99,Shipping,GBP,£,3.99,0,23.98,3.33,,1,One Month's Supply,1,19.99,,,,Unknown,Woocommerce
1356,440,03/07/2024,Newport Pagnell,South East,England,GB,0,19.99,Shipping,GBP,£,2.99,0,22.98,3.33,,1,One Month's Supply,1,19.99,,,,Unknown,Woocommerce
1497,441,04/08/2024,Wrexham,Wales,Wales,GB,9,35.98,Shipping,GBP,£,3.99,0,30.97,4.49,,1,Two Months' Supply,1,35.98,discount,9,0,Unknown,Woocommerce
1494,442,03/08/2024,Carluke,Scotland,Scotland,GB,0,35.98,Shipping,GBP,£,2.99,0,38.97,5.99,,1,Two Months' Supply,1,35.98,,,,Unknown,Woocommerce
1492,443,02/08/2024,Brough,Yorkshire and the Humber,England,GB,0,35.98,Shipping,GBP,£,2.99,0,38.97,5.99,,1,Two Months' Supply,1,35.98,,,,Unknown,Woocommerce
1489,444,31/07/2024,Bristol,South West,Bristol,GB,41.22,164.89,Shipping,GBP,£,3.99,0,127.66,20.61,SQ0940587,1,Twelve months' supply,1,164.89,discount,41.22,0,Unknown,Woocommerce
1487,445,31/07/2024,Folkestone,South East,Kent,GB,9,35.98,Shipping,GBP,£,2.99,0,29.97,4.49,,1,Two Months' Supply,1,35.98,discount,9,0,Unknown,Woocommerce
1486,446,30/07/2024,Cheltenham,South West,Gloucestershire,GB,0,14.99,Shipping,GBP,£,2.99,0,17.98,2.5,,1,Monthly Subscription,1,14.99,,,,Unknown,Woocommerce
1340,446,30/06/2024,Cheltenham,South West,Gloucestershire,GB,0,14.99,Shipping,GBP,£,2.99,0,17.98,2.5,,1,Monthly Subscription,1,14.99,,,,Unknown,Woocommerce
1182,446,30/05/2024,Cheltenham,South West,Gloucestershire,GB,0,14.99,Shipping,GBP,£,2.99,0,17.98,2.5,,1,Monthly Subscription,1,14.99,,,,Unknown,Woocommerce
1044,446,30/04/2024,Cheltenham,South West,Gloucestershire,GB,0,14.99,Shipping,GBP,£,2.99,0,17.98,2.5,,1,Monthly Subscription,1,14.99,,,,Unknown,Woocommerce
460,446,16/11/2023,Cheltenham,South West,Gloucestershire,GB,0,35.98,Shipping,GBP,£,2.99,0,38.97,5.99,,1,Two Months' Supply,1,35.98,,,,Unknown,Woocommerce
1483,447,29/07/2024,Liskeard,South West,Cornwall,GB,0,35.98,Shipping,GBP,£,2.99,0,38.97,5.99,,1,8 Week Trial,1,35.98,,,,Unknown,Woocommerce
1478,448,28/07/2024,"Wingrave, Aylesbury",South East,Buckinghamshire,GB,0,19.99,Shipping,GBP,£,3.99,0,23.98,3.33,,1,One Month's Supply,1,19.99,,,,Unknown,Woocommerce
1471,449,27/07/2024,Badminton,South West,,GB,9,35.98,Shipping,GBP,£,3.99,0,30.97,4.49,,1,Two Months' Supply,1,35.98,discount,9,0,Unknown,Woocommerce
1468,450,26/07/2024,Cardiff,Wales,Wales,GB,9,35.98,Shipping,GBP,£,2.99,0,29.97,4.49,,1,Two Months' Supply,1,35.98,discount,9,0,Unknown,Woocommerce
1463,451,26/07/2024,Bristol,South West,England,GB,0,35.98,Shipping,GBP,£,2.99,0,38.97,5.99,,1,Two Months' Supply,1,35.98,,,,Unknown,Woocommerce
1140,451,22/05/2024,Bristol,South West,England,GB,9,35.98,Shipping,GBP,£,2.99,0,29.97,4.49,,1,Two Months' Supply,1,35.98,discount,9,0,Unknown,Woocommerce
1459,452,24/07/2024,Bristol,South West,,GB,9,35.98,Shipping,GBP,£,2.99,0,29.97,4.49,,1,8 Week Trial,1,35.98,discount,9,0,Unknown,Woocommerce
1458,453,24/07/2024,Caerphilly,Wales,Wales,GB,9,35.98,Shipping,GBP,£,3.99,0,30.97,4.49,,1,8 Week Trial,1,35.98,discount,9,0,Unknown,Woocommerce
1455,454,24/07/2024,London,Greater London,United Kingdom,GB,9,35.98,Shipping,GBP,£,2.99,0,29.97,4.49,,1,Two Months' Supply,1,35.98,discount,9,0,Unknown,Woocommerce
1454,455,24/07/2024,Praha,Czech Republic,,CZ,0,35.98,Shipping,GBP,£,9.99,0,45.97,7.98,,1,Two Months' Supply,1,35.98,,,,Unknown,Woocommerce
1451,456,23/07/2024,Bristol,South West,England,GB,0,35.98,Shipping,GBP,£,2.99,0,38.97,5.99,,1,Two Months' Supply,1,35.98,,,,Unknown,Woocommerce
526,456,13/12/2023,Bristol,South West,England,GB,9,35.98,Shipping,GBP,£,2.99,0,29.97,4.49,,1,Two Months' Supply,1,35.98,discount,9,0,Unknown,Woocommerce
1450,457,23/07/2024,London,Greater London,,GB,0,35.98,Shipping,GBP,£,2.99,0,38.97,5.99,,1,Two Months' Supply,1,35.98,,,,Unknown,Woocommerce
1142,457,22/05/2024,London,Greater London,,GB,0,35.98,Shipping,GBP,£,3.99,0,39.97,5.99,,1,Two Months' Supply,1,35.98,,,,Unknown,Woocommerce
738,457,27/02/2024,London,Greater London,UK,GB,9,35.98,Shipping,GBP,£,2.99,0,29.97,4.49,,1,Two Months' Supply,1,35.98,discount,9,0,Unknown,Woocommerce
1446,458,22/07/2024,Bristol,South West,,GB,9,35.98,Shipping,GBP,£,2.99,0,29.97,4.49,,1,Two Months' Supply,1,35.98,discount,9,0,Unknown,Woocommerce
1435,459,20/07/2024,Milford Haven,Wales,Wales,GB,0,19.99,Shipping,GBP,£,2.99,0,22.98,3.33,,1,One Month's Supply,1,19.99,,,,Unknown,Woocommerce
1426,459,18/07/2024,Milford Haven,Wales,Wales,GB,0,19.99,Shipping,GBP,£,2.99,0,22.98,3.33,,1,One Month's Supply,1,19.99,,,,Unknown,Woocommerce
1430,460,19/07/2024,Clacton On Sea,East of England,Essex,GB,0,14.99,Shipping,GBP,£,2.99,0,17.98,2.5,,1,Monthly Subscription,1,14.99,,,,Unknown,Woocommerce
1275,460,19/06/2024,Clacton On Sea,East of England,Essex,GB,0,14.99,Shipping,GBP,£,2.99,0,17.98,2.5,,1,Monthly Subscription,1,14.99,,,,Unknown,Woocommerce
976,460,24/04/2024,Clacton-On-Sea,East of England,Essex,GB,9,35.98,Shipping,GBP,£,3.99,0,30.97,4.49,,1,8 Week Trial,1,35.98,discount,9,0,Unknown,Woocommerce
1428,461,19/07/2024,Washington,North East,England,GB,9,35.98,Shipping,GBP,£,2.99,0,29.97,4.49,,1,Two Months' Supply,1,35.98,discount,9,0,Unknown,Woocommerce
1424,462,18/07/2024,Stanford-Le-Hope,East of England,England,GB,3,19.99,Shipping,GBP,£,3.99,0,20.98,2.83,,1,One Month's Supply,1,19.99,discount,3,0,Unknown,Woocommerce
847,462,31/03/2024,Stanford-Le-Hope,East of England,England,GB,9,35.98,Shipping,GBP,£,2.99,0,29.97,4.49,,1,8 Week Trial,1,35.98,discount,9,0,Unknown,Woocommerce
1423,463,18/07/2024,Stoke On Trent,West Midlands,Staffordshire,GB,9,35.98,Shipping,GBP,£,3.99,0,30.97,4.49,,1,8 Week Trial,1,35.98,discount,9,0,Unknown,Woocommerce
1417,464,17/07/2024,Bath,South West,England,GB,0,35.98,Shipping,GBP,£,2.99,0,38.97,5.99,,1,8 Week Trial,1,35.98,,,,Unknown,Woocommerce
259,464,20/07/2023,Bath,South West,England,GB,0,29.98,Shipping,GBP,£,2.99,0,32.97,4.99,,1,Two Months' Supply,1,29.98,,,,Unknown,Woocommerce
1412,465,16/07/2024,New Romney,South East,England,GB,41.22,164.89,Shipping,GBP,£,2.99,0,126.66,20.61,SQ0940587,1,Twelve months' supply,1,164.89,discount,41.22,0,Unknown,Woocommerce
1411,466,16/07/2024,Salisbury,South West,UK,GB,0,107.94,Shipping,GBP,£,2.99,0,110.93,17.99,,1,Two Months' Supply,3,35.98,,,,Unknown,Woocommerce
470,466,19/11/2023,Salisbury,South West,Wilts,GB,0,164.89,Shipping,GBP,£,2.99,0,167.88,27.48,SQ0940587,1,Twelve months' supply,1,164.89,,,,Unknown,Woocommerce
206,466,05/06/2023,Salisbury,South West,England,GB,0,89.94,Shipping,GBP,£,2.99,0,92.93,14.99,,1,Two Months' Supply,3,29.98,,,,Unknown,Woocommerce
168,466,02/05/2023,Salisbury,South West,Wiltshire,GB,0,29.98,Shipping,GBP,£,2.99,0,32.97,4.99,,1,Two Months' Supply,1,29.98,,,,Unknown,Woocommerce
1405,467,15/07/2024,Maldon,East of England,Essex,GB,5,19.99,Shipping,GBP,£,2.99,0,17.98,2.5,,1,One Month's Supply,1,19.99,discount,5,0,Unknown,Woocommerce
1400,468,13/07/2024,London,Greater London,England,GB,0,35.98,Shipping,GBP,£,2.99,0,38.97,5.99,,1,8 Week Trial,1,35.98,,,,Unknown,Woocommerce
1399,469,13/07/2024,Jarrow,North East,England,GB,0,19.99,Shipping,GBP,£,2.99,0,22.98,3.33,,1,One Month's Supply,1,19.99,,,,Unknown,Woocommerce
1221,469,08/06/2024,Jarrow,North East,England,GB,5,19.99,Shipping,GBP,£,2.99,0,17.98,2.5,,1,One Month's Supply,1,19.99,discount,5,0,Unknown,Woocommerce
1397,470,13/07/2024,Bourne,East Midlands,England,GB,9,35.98,Shipping,GBP,£,2.99,0,29.97,4.49,,1,Two Months' Supply,1,35.98,discount,9,0,Unknown,Woocommerce
1392,471,11/07/2024,Sudbury,East of England,,GB,5.4,35.98,Shipping,GBP,£,2.99,0,33.57,5.09,,1,Two Months' Supply,1,35.98,discount,5.4,0,Unknown,Woocommerce
917,471,23/04/2024,Sudbury,East of England,suffolk,GB,9,35.98,Shipping,GBP,£,2.99,0,29.97,4.49,,1,8 Week Trial,1,35.98,discount,9,0,Unknown,Woocommerce
1388,472,10/07/2024,Daventry,West Midlands,Northamptonshire,GB,0,35.98,Shipping,GBP,£,3.99,0,39.97,5.99,,1,8 Week Trial,1,35.98,,,,Unknown,Woocommerce
1386,473,10/07/2024,Tunbridge Wells,South East,England,GB,9,35.98,Shipping,GBP,£,2.99,0,29.97,4.49,,1,Two Months' Supply,1,35.98,discount,9,0,Unknown,Woocommerce
1384,474,09/07/2024,Blyth,North East,England,GB,0,19.99,Shipping,GBP,£,2.99,0,22.98,3.33,,1,One Month's Supply,1,19.99,,,,Unknown,Woocommerce
1383,475,09/07/2024,Winchester,South East,England,GB,9,35.98,Shipping,GBP,£,2.99,0,29.97,4.49,,1,Two Months' Supply,1,35.98,discount,9,0,Unknown,Woocommerce
1381,476,08/07/2024,Cheltenham,South West,England,GB,0,14.99,Shipping,GBP,£,2.99,0,17.98,2.5,,1,Monthly Subscription,1,14.99,,,,Unknown,Woocommerce
1219,476,08/06/2024,Cheltenham,South West,England,GB,0,14.99,Shipping,GBP,£,2.99,0,17.98,2.5,,1,Monthly Subscription,1,14.99,,,,Unknown,Woocommerce
1087,476,08/05/2024,Cheltenham,South West,England,GB,0,14.99,Shipping,GBP,£,2.99,0,17.98,2.5,,1,Monthly Subscription,1,14.99,,,,Unknown,Woocommerce
871,476,08/04/2024,Cheltenham,South West,England,GB,0,14.99,Shipping,GBP,£,2.99,0,17.98,2.5,,1,Monthly Subscription,1,14.99,,,,Unknown,Woocommerce
766,476,08/03/2024,Cheltenham,South West,England,GB,0,14.99,Shipping,GBP,£,2.99,0,17.98,2.5,,1,Monthly Subscription,1,14.99,,,,Unknown,Woocommerce
677,476,08/02/2024,Cheltenham,South West,England,GB,0,14.99,Shipping,GBP,£,2.99,0,17.98,2.5,,1,Monthly Subscription,1,14.99,,,,Unknown,Woocommerce
586,476,08/01/2024,Cheltenham,South West,England,GB,0,14.99,Shipping,GBP,£,2.99,0,17.98,2.5,,1,Monthly Subscription,1,14.99,,,,Unknown,Woocommerce
397,476,19/10/2023,Cheltenham,South West,England,GB,9,35.98,Shipping,GBP,£,2.99,0,29.97,4.49,,1,Two Months' Supply,1,35.98,discount,9,0,Unknown,Woocommerce
1376,477,07/07/2024,Bradford,Yorkshire and the Humber,West Yorkshire,GB,9,35.98,Shipping,GBP,£,2.99,0,29.97,4.49,,1,Two Months' Supply,1,35.98,discount,9,0,Unknown,Woocommerce
1375,478,07/07/2024,Cambridge,East of England,Cambridge,GB,9,35.98,Shipping,GBP,£,3.99,0,30.97,4.49,,1,8 Week Trial,1,35.98,discount,9,0,Unknown,Woocommerce
1366,479,05/07/2024,Southport,North West,,GB,0,164.89,Shipping,GBP,£,2.99,0,167.88,27.48,SQ0940587,1,Twelve months' supply,1,164.89,,,,Unknown,Woocommerce
1363,480,04/07/2024,Bonnyrigg,Scotland,Scotland,GB,0,164.89,Shipping,GBP,£,2.99,0,167.88,27.48,SQ0940587,1,Twelve months' supply,1,164.89,,,,Unknown,Woocommerce
1061,480,05/05/2024,Bonnyrigg,Scotland,Scotland,GB,9,35.98,Shipping,GBP,£,2.99,0,29.97,4.49,,1,Two Months' Supply,1,35.98,discount,9,0,Unknown,Woocommerce
1362,481,04/07/2024,Didcot,South East,England,GB,0,35.98,Shipping,GBP,£,2.99,0,38.97,5.99,,1,Two Months' Supply,1,35.98,,,,Unknown,Woocommerce
1208,481,06/06/2024,Didcot,South East,England,GB,9,35.98,Shipping,GBP,£,2.99,0,29.97,4.49,,1,Two Months' Supply,1,35.98,discount,9,0,Unknown,Woocommerce
1361,482,04/07/2024,Preston,North West,Lancashire,GB,0,19.99,Shipping,GBP,£,3.99,0,23.98,3.33,,1,One Month's Supply,1,19.99,,,,Unknown,Woocommerce
1359,483,03/07/2024,Knaresborough,Yorkshire and the Humber,England,GB,0,19.99,Shipping,GBP,£,3.99,0,23.98,3.33,,1,One Month's Supply,1,19.99,,,,Unknown,Woocommerce
1358,484,03/07/2024,London,Greater London,England,GB,0,35.98,Shipping,GBP,£,2.99,0,38.97,5.99,,1,8 Week Trial,1,35.98,,,,Unknown,Woocommerce
1355,485,03/07/2024,Buxted,South East,,GB,0,35.98,Shipping,GBP,£,2.99,0,38.97,5.99,,1,8 Week Trial,1,35.98,,,,Unknown,Woocommerce
1353,486,03/07/2024,London,Greater London,,GB,0,35.98,Shipping,GBP,£,2.99,0,38.97,5.99,,1,Two Months' Supply,1,35.98,,,,Unknown,Woocommerce
1352,487,02/07/2024,London,Greater London,UK,GB,0,19.99,Shipping,GBP,£,2.99,0,22.98,3.33,,1,One Month's Supply,1,19.99,,,,Unknown,Woocommerce
600,487,11/01/2024,London,Greater London,,GB,9,35.98,Shipping,GBP,£,2.99,0,29.97,4.49,,1,Two Months' Supply,1,35.98,discount,9,0,Unknown,Woocommerce
1351,488,02/07/2024,Glastonbury,South West,England,GB,82.45,329.78,Shipping,GBP,£,2.99,0,250.32,41.22,SQ0940587,1,Twelve months' supply,2,164.89,discount,82.45,0,Unknown,Woocommerce
1346,489,02/07/2024,"Dunvant, Swansea",Wales,Wales,GB,9,35.98,Shipping,GBP,£,2.99,0,29.97,4.49,,1,Two Months' Supply,1,35.98,discount,9,0,Unknown,Woocommerce
85,489,09/02/2023,Swansea,Wales,swansea,GB,0,29.98,Shipping,GBP,£,3.99,0,33.97,0,,1,Two Months' Supply,1,29.98,,,,Unknown,Woocommerce
1345,490,02/07/2024,Quorn,East Midlands,England,GB,0,35.98,Shipping,GBP,£,2.99,0,38.97,5.99,,1,Two Months' Supply,1,35.98,,,,Unknown,Woocommerce
741,490,29/02/2024,Quorn,East Midlands,England,GB,0,35.98,Shipping,GBP,£,2.99,0,38.97,5.99,,1,8 Week Trial,1,35.98,,,,Unknown,Woocommerce
44,491,18/01/2023,Bristol,South West,Bristol,GB,0,29.98,Shipping,GBP,£,2.99,0,32.97,0,,1,Two Months' Supply,1,29.98,,,,Unknown,Woocommerce
1344,491,02/07/2024,Keynsham,South West,Bristol,GB,0,14.99,Shipping,GBP,£,2.99,0,17.98,2.5,,1,Monthly Subscription,1,14.99,,,,Unknown,Woocommerce
1186,491,02/06/2024,Keynsham,South West,Bristol,GB,0,14.99,Shipping,GBP,£,2.99,0,17.98,2.5,,1,Monthly Subscription,1,14.99,,,,Unknown,Woocommerce
1048,491,02/05/2024,Keynsham,South West,Bristol,GB,0,14.99,Shipping,GBP,£,2.99,0,17.98,2.5,,1,Monthly Subscription,1,14.99,,,,Unknown,Woocommerce
853,491,02/04/2024,Keynsham,South West,Bristol,GB,0,14.99,Shipping,GBP,£,2.99,0,17.98,2.5,,1,Monthly Subscription,1,14.99,,,,Unknown,Woocommerce
748,491,02/03/2024,Keynsham,South West,Bristol,GB,0,14.99,Shipping,GBP,£,2.99,0,17.98,2.5,,1,Monthly Subscription,1,14.99,,,,Unknown,Woocommerce
657,491,02/02/2024,Keynsham,South West,Bristol,GB,0,14.99,Shipping,GBP,£,2.99,0,17.98,2.5,,1,Monthly Subscription,1,14.99,,,,Unknown,Woocommerce
561,491,02/01/2024,Keynsham,South West,Bristol,GB,0,14.99,Shipping,GBP,£,2.99,0,17.98,2.5,,1,Monthly Subscription,1,14.99,,,,Unknown,Woocommerce
540,491,21/12/2023,Keynsham,South West,Bristol,GB,5,19.99,Shipping,GBP,£,2.99,0,17.98,2.5,,1,One Month's Supply,1,19.99,discount,5,0,Unknown,Woocommerce
498,491,02/12/2023,Keynsham,South West,Bristol,GB,0,14.99,Shipping,GBP,£,2.99,0,17.98,2.5,,1,Monthly Subscription,1,14.99,,,,Unknown,Woocommerce
424,491,02/11/2023,Keynsham,South West,Bristol,GB,0,14.99,Shipping,GBP,£,2.99,0,17.98,2.5,,1,Monthly Subscription,1,14.99,,,,Unknown,Woocommerce
353,491,02/10/2023,Keynsham,South West,Bristol,GB,0,14.99,Shipping,GBP,£,2.99,0,17.98,2.5,,1,Monthly Subscription,1,14.99,,,,Unknown,Woocommerce
1342,492,01/07/2024,"Kensington And Chelsea, London",Greater London,England,GB,5,19.99,Shipping,GBP,£,2.99,0,17.98,2.5,,1,One Month's Supply,1,19.99,discount,5,0,Unknown,Woocommerce
1341,493,01/07/2024,Leeds,Yorkshire and the Humber,England,GB,0,35.98,Shipping,GBP,£,2.99,0,38.97,5.99,,1,Two Months' Supply,1,35.98,,,,Unknown,Woocommerce
1339,494,30/06/2024,Bristol,South West,England,GB,0,19.99,Shipping,GBP,£,2.99,0,22.98,3.33,,1,One Month's Supply,1,19.99,,,,Unknown,Woocommerce
1334,495,29/06/2024,Tunbridge Wells,South East,England,GB,0,35.98,Shipping,GBP,£,2.99,0,38.97,5.99,,1,8 Week Trial,1,35.98,,,,Unknown,Woocommerce
1332,496,29/06/2024,Gloucester,South West,Gloucestershire,GB,0,14.99,Shipping,GBP,£,2.99,0,17.98,2.5,,1,Monthly Subscription,1,14.99,,,,Unknown,Woocommerce
1194,496,03/06/2024,Gloucester,South West,Gloucestershire,GB,0,14.99,Shipping,GBP,£,2.99,0,17.98,2.5,,1,Monthly Subscription,1,14.99,,,,Unknown,Woocommerce
1059,496,04/05/2024,Gloucester,South West,Gloucestershire,GB,0,14.99,Shipping,GBP,£,2.99,0,17.98,2.5,,1,Monthly Subscription,1,14.99,,,,Unknown,Woocommerce
841,496,29/03/2024,Gloucester,South West,Gloucestershire,GB,0,14.99,Shipping,GBP,£,2.99,0,17.98,2.5,,1,Monthly Subscription,1,14.99,,,,Unknown,Woocommerce
772,496,10/03/2024,Gloucester,South West,23 Mildenhall Way Kingsway,GB,0,19.99,Shipping,GBP,£,2.99,0,22.98,3.33,,1,One Month's Supply,1,19.99,,,,Unknown,Woocommerce
1331,497,29/06/2024,Swansea,Wales,Wales,GB,9,35.98,Shipping,GBP,£,2.99,0,29.97,4.49,,1,8 Week Trial,1,35.98,discount,9,0,Unknown,Woocommerce
1329,498,28/06/2024,Taunton,South West,Somerset,GB,0,35.98,Shipping,GBP,£,2.99,0,38.97,5.99,,1,8 Week Trial,1,35.98,,,,Unknown,Woocommerce
1325,499,28/06/2024,London,Greater London,United Kingdom,GB,0,19.99,Shipping,GBP,£,2.99,0,22.98,3.33,,1,One Month's Supply,1,19.99,,,,Unknown,Woocommerce
1324,500,27/06/2024,"Droitwich, Wychavon",West Midlands,England,GB,5,19.99,Shipping,GBP,£,2.99,0,17.98,2.5,,1,One Month's Supply,1,19.99,discount,5,0,Unknown,Woocommerce
1320,501,27/06/2024,London,Greater London,England,GB,9,35.98,Shipping,GBP,£,3.99,0,30.97,4.49,,1,Two Months' Supply,1,35.98,discount,9,0,Unknown,Woocommerce
1315,502,26/06/2024,Bristol,South West,Avon,GB,0,35.98,Shipping,GBP,£,2.99,0,38.97,5.99,,1,Two Months' Supply,1,35.98,,,,Unknown,Woocommerce
966,502,23/04/2024,Bristol,South West,Avon,GB,9,35.98,Shipping,GBP,£,2.99,0,29.97,4.49,,1,Two Months' Supply,1,35.98,discount,9,0,Unknown,Woocommerce
1311,503,26/06/2024,Bognor Regis,South East,,GB,0,24.99,Shipping,GBP,£,2.99,0,27.98,4.17,,1,Ferrocalm Your Life,1,24.99,,,,Unknown,Woocommerce
1016,503,27/04/2024,Bognor Regis,South East,,GB,9,35.98,Shipping,GBP,£,2.99,0,29.97,4.49,,1,Two Months' Supply,1,35.98,discount,9,0,Unknown,Woocommerce
1306,504,25/06/2024,Edinburgh,Scotland,Scotland,GB,9,35.98,Shipping,GBP,£,2.99,0,29.97,4.49,,1,Two Months' Supply,1,35.98,discount,9,0,Unknown,Woocommerce
1305,505,24/06/2024,Newton Abbot,South West,Devon,GB,9,35.98,Shipping,GBP,£,3.99,0,30.97,4.49,,1,8 Week Trial,1,35.98,discount,9,0,Unknown,Woocommerce
1304,506,24/06/2024,Berkhamsted,South East,HERTS,GB,9,35.98,Shipping,GBP,£,2.99,0,29.97,4.49,,1,Two Months' Supply,1,35.98,discount,9,0,Unknown,Woocommerce
1303,507,24/06/2024,Southampton,South East,Hants,GB,0,14.99,Shipping,GBP,£,2.99,0,17.98,2.5,,1,Monthly Subscription,1,14.99,,,,Unknown,Woocommerce
1154,507,24/05/2024,Southampton,South East,Hants,GB,0,14.99,Shipping,GBP,£,2.99,0,17.98,2.5,,1,Monthly Subscription,1,14.99,,,,Unknown,Woocommerce
829,507,27/03/2024,Southampton,South East,Hants,GB,0,14.99,Shipping,GBP,£,2.99,0,17.98,2.5,,1,Monthly Subscription,1,14.99,,,,Unknown,Woocommerce
1302,508,24/06/2024,Crawley,South East,England,GB,9,35.98,Shipping,GBP,£,3.99,0,30.97,4.49,,1,Two Months' Supply,1,35.98,discount,9,0,Unknown,Woocommerce
1300,509,23/06/2024,Halesowen,West Midlands,West Midlands,GB,0,35.98,Shipping,GBP,£,2.99,0,38.97,5.99,,1,8 Week Trial,1,35.98,,,,Unknown,Woocommerce
1298,510,23/06/2024,Smethwick,West Midlands,England,GB,17.99,71.96,Shipping,GBP,£,2.99,0,56.96,9,,1,Two Months' Supply,2,35.98,discount,17.99,0,Unknown,Woocommerce
1294,511,22/06/2024,Bristol,South West,Bristol,GB,9,35.98,Shipping,GBP,£,3.99,0,30.97,4.49,,1,Two Months' Supply,1,35.98,discount,9,0,Unknown,Woocommerce
1293,512,22/06/2024,Cardiff,Wales,Wales,GB,9,35.98,Shipping,GBP,£,2.99,0,29.97,4.49,,1,Two Months' Supply,1,35.98,discount,9,0,Unknown,Woocommerce
1290,513,22/06/2024,Stockport,North West,England,GB,5,19.99,Shipping,GBP,£,2.99,0,17.98,2.5,,1,One Month's Supply,1,19.99,discount,5,0,Unknown,Woocommerce
1289,514,22/06/2024,Richmond,Greater London,,GB,9,35.98,Shipping,GBP,£,2.99,0,29.97,4.49,,1,Two Months' Supply,1,35.98,discount,9,0,Unknown,Woocommerce
1284,515,20/06/2024,Lisburn,Northern Ireland,Northern Ireland,GB,0,35.98,Shipping,GBP,£,2.99,0,38.97,5.99,,1,8 Week Trial,1,35.98,,,,Unknown,Woocommerce
1282,516,20/06/2024,Solihull,West Midlands,England,GB,0,35.98,Shipping,GBP,£,2.99,0,38.97,5.99,,1,Two Months' Supply,1,35.98,,,,Unknown,Woocommerce
831,516,27/03/2024,Solihull,West Midlands,England,GB,0,35.98,Shipping,GBP,£,2.99,0,38.97,5.99,,1,Two Months' Supply,1,35.98,,,,Unknown,Woocommerce
1281,517,20/06/2024,Pontefract,Yorkshire and the Humber,England,GB,0,35.98,Shipping,GBP,£,2.99,0,38.97,5.99,,1,8 Week Trial,1,35.98,,,,Unknown,Woocommerce
1276,518,19/06/2024,Bristol,South West,England,GB,9,35.98,Shipping,GBP,£,2.99,0,29.97,4.49,,1,8 Week Trial,1,35.98,discount,9,0,Unknown,Woocommerce
1274,519,19/06/2024,Limavady,Northern Ireland,,GB,0,19.99,Shipping,GBP,£,2.99,0,22.98,3.33,,1,One Month's Supply,1,19.99,,,,Unknown,Woocommerce
1273,520,19/06/2024,Exeter,South West,Devon,GB,0,35.98,Shipping,GBP,£,2.99,0,38.97,5.99,,1,Two Months' Supply,1,35.98,,,,Unknown,Woocommerce
1267,521,18/06/2024,Bristol,South West,England,GB,9,35.98,Shipping,GBP,£,2.99,0,29.97,4.49,,1,Two Months' Supply,1,35.98,discount,9,0,Unknown,Woocommerce
1264,522,17/06/2024,Southampton,South East,,GB,9,35.98,Shipping,GBP,£,2.99,0,29.97,4.49,,1,Two Months' Supply,1,35.98,discount,9,0,Unknown,Woocommerce
1263,523,17/06/2024,Dundee,Scotland,Scotland,GB,0,39.98,Shipping,GBP,£,3.99,0,43.97,6.66,,1,One Month's Supply,2,19.99,,,,Unknown,Woocommerce
925,523,23/04/2024,Dundee,Scotland,Scotland,GB,0,39.98,Shipping,GBP,£,3.99,0,43.97,6.66,,1,One Month's Supply,2,19.99,,,,Unknown,Woocommerce
1261,524,17/06/2024,London,Greater London,,GB,0,14.99,Shipping,GBP,£,2.99,0,17.98,2.5,,1,Monthly Subscription,1,14.99,,,,Unknown,Woocommerce
1128,524,17/05/2024,London,Greater London,,GB,0,14.99,Shipping,GBP,£,2.99,0,17.98,2.5,,1,Monthly Subscription,1,14.99,,,,Unknown,Woocommerce
902,524,17/04/2024,London,Greater London,,GB,0,14.99,Shipping,GBP,£,2.99,0,17.98,2.5,,1,Monthly Subscription,1,14.99,,,,Unknown,Woocommerce
796,524,17/03/2024,London,Greater London,,GB,0,14.99,Shipping,GBP,£,2.99,0,17.98,2.5,,1,Monthly Subscription,1,14.99,,,,Unknown,Woocommerce
1259,525,17/06/2024,Bristol,South West,England,GB,0,35.98,Shipping,GBP,£,2.99,0,38.97,5.99,,1,8 Week Trial,1,35.98,,,,Unknown,Woocommerce
1257,526,16/06/2024,Ross On Wye,West Midlands,Herefordshire,GB,0,14.99,Shipping,GBP,£,2.99,0,17.98,2.5,,1,Monthly Subscription,1,14.99,,,,Unknown,Woocommerce
1123,526,16/05/2024,Ross On Wye,West Midlands,Herefordshire,GB,0,14.99,Shipping,GBP,£,2.99,0,17.98,2.5,,1,Monthly Subscription,1,14.99,,,,Unknown,Woocommerce
692,526,14/02/2024,Ross On Wye,West Midlands,Herefordshire,GB,9,35.98,Shipping,GBP,£,2.99,0,29.97,4.49,,1,8 Week Trial,1,35.98,discount,9,0,Unknown,Woocommerce
1256,527,16/06/2024,Gloucester,South West,Gloucestershire,GB,0,35.98,Shipping,GBP,£,2.99,0,38.97,5.99,,1,8 Week Trial,1,35.98,,,,Unknown,Woocommerce
1252,528,15/06/2024,Cambridge,East of England,England,GB,9,35.98,Shipping,GBP,£,2.99,0,29.97,4.49,,1,Two Months' Supply,1,35.98,discount,9,0,Unknown,Woocommerce
1251,529,15/06/2024,London,Greater London,England,GB,0,19.99,Shipping,GBP,£,3.99,0,23.98,3.33,,1,One Month's Supply,1,19.99,,,,Unknown,Woocommerce
1247,530,14/06/2024,Marlow,South East,2396,GB,0,14.99,Shipping,GBP,£,2.99,0,17.98,2.5,,1,Monthly Subscription,1,14.99,,,,Unknown,Woocommerce
1114,530,14/05/2024,Marlow,South East,2396,GB,0,14.99,Shipping,GBP,£,2.99,0,17.98,2.5,,1,Monthly Subscription,1,14.99,,,,Unknown,Woocommerce
891,530,14/04/2024,Marlow,South East,2396,GB,0,14.99,Shipping,GBP,£,2.99,0,17.98,2.5,,1,Monthly Subscription,1,14.99,,,,Unknown,Woocommerce
787,530,14/03/2024,Marlow,South East,2396,GB,0,14.99,Shipping,GBP,£,2.99,0,17.98,2.5,,1,Monthly Subscription,1,14.99,,,,Unknown,Woocommerce
691,530,14/02/2024,Marlow,South East,2396,GB,0,14.99,Shipping,GBP,£,2.99,0,17.98,2.5,,1,Monthly Subscription,1,14.99,,,,Unknown,Woocommerce
605,530,14/01/2024,Marlow,South East,2396,GB,0,14.99,Shipping,GBP,£,2.99,0,17.98,2.5,,1,Monthly Subscription,1,14.99,,,,Unknown,Woocommerce
528,530,14/12/2023,Marlow,South East,2396,GB,0,14.99,Shipping,GBP,£,2.99,0,17.98,2.5,,1,Monthly Subscription,1,14.99,,,,Unknown,Woocommerce
456,530,14/11/2023,Marlow,South East,2396,GB,0,14.99,Shipping,GBP,£,2.99,0,17.98,2.5,,1,Monthly Subscription,1,14.99,,,,Unknown,Woocommerce
384,530,14/10/2023,Marlow,South East,2396,GB,0,14.99,Shipping,GBP,£,2.99,0,17.98,2.5,,1,Monthly Subscription,1,14.99,,,,Unknown,Woocommerce
1244,531,13/06/2024,Blairgowrie,Scotland,Perthshire,GB,0,35.98,Shipping,GBP,£,2.99,0,38.97,5.99,,1,8 Week Trial,1,35.98,,,,Unknown,Woocommerce
1243,532,13/06/2024,Nottingham,East Midlands,England,GB,0,35.98,Shipping,GBP,£,2.99,0,38.97,5.99,,1,Two Months' Supply,1,35.98,,,,Unknown,Woocommerce
919,532,23/04/2024,Nottingham,East Midlands,England,GB,0,19.99,Shipping,GBP,£,2.99,0,22.98,3.33,,1,One Month's Supply,1,19.99,,,,Unknown,Woocommerce
1237,533,11/06/2024,Halesowen,West Midlands,,GB,9,35.98,Shipping,GBP,£,2.99,0,29.97,4.49,,1,8 Week Trial,1,35.98,discount,9,0,Unknown,Woocommerce
1236,534,11/06/2024,Wotton-Under-Edge,South West,England,GB,0,35.98,Shipping,GBP,£,2.99,0,38.97,5.99,,1,Two Months' Supply,1,35.98,,,,Unknown,Woocommerce
1234,535,11/06/2024,Gerrards Cross,South East,,GB,0,19.99,Shipping,GBP,£,2.99,0,22.98,3.33,,1,One Month's Supply,1,19.99,,,,Unknown,Woocommerce
836,535,28/03/2024,Gerrards Cross,South East,,GB,0,35.98,Shipping,GBP,£,2.99,0,38.97,5.99,,1,Two Months' Supply,1,35.98,,,,Unknown,Woocommerce
628,535,22/01/2024,Gerrards Cross,South East,Bucks,GB,0,35.98,Shipping,GBP,£,2.99,0,38.97,5.99,,1,Two Months' Supply,1,35.98,,,,Unknown,Woocommerce
381,535,13/10/2023,Gerrards Cross,South East,Buckinghamshire,GB,9,35.98,Shipping,GBP,£,2.99,0,29.97,4.49,,1,Two Months' Supply,1,35.98,discount,9,0,Unknown,Woocommerce
1233,536,11/06/2024,Aylesbury,South East,Aylesbury,GB,13.99,55.97,Shipping,GBP,£,2.99,0,44.97,6.99,,1,Two Months' Supply,1,35.98,discount,13.99,0,Unknown,Woocommerce
1233,536,11/06/2024,Aylesbury,South East,Aylesbury,GB,13.99,55.97,Shipping,GBP,£,2.99,0,44.97,6.99,,2,One Month's Supply,1,19.99,,,,Unknown,Woocommerce
1228,537,10/06/2024,Nottingham,East Midlands,Nottinghamshire,GB,0,35.98,Shipping,GBP,£,2.99,0,38.97,5.99,,1,8 Week Trial,1,35.98,,,,Unknown,Woocommerce
1224,538,09/06/2024,Taunton,South West,England,GB,0,14.99,Shipping,GBP,£,2.99,0,17.98,2.5,,1,Monthly Subscription,1,14.99,,,,Unknown,Woocommerce
1093,538,09/05/2024,Taunton,South West,England,GB,0,14.99,Shipping,GBP,£,2.99,0,17.98,2.5,,1,Monthly Subscription,1,14.99,,,,Unknown,Woocommerce
875,538,09/04/2024,Taunton,South West,England,GB,0,14.99,Shipping,GBP,£,2.99,0,17.98,2.5,,1,Monthly Subscription,1,14.99,,,,Unknown,Woocommerce
788,538,14/03/2024,Taunton,South West,England,GB,0,14.99,Shipping,GBP,£,2.99,0,17.98,2.5,,1,Monthly Subscription,1,14.99,,,,Unknown,Woocommerce
693,538,14/02/2024,Taunton,South West,England,GB,0,14.99,Shipping,GBP,£,2.99,0,17.98,2.5,,1,Monthly Subscription,1,14.99,,,,Unknown,Woocommerce
606,538,14/01/2024,Taunton,South West,England,GB,0,14.99,Shipping,GBP,£,2.99,0,17.98,2.5,,1,Monthly Subscription,1,14.99,,,,Unknown,Woocommerce
515,538,09/12/2023,Taunton,South West,England,GB,0,14.99,Shipping,GBP,£,2.99,0,17.98,2.5,,1,Monthly Subscription,1,14.99,,,,Unknown,Woocommerce
440,538,09/11/2023,Taunton,South West,England,GB,0,14.99,Shipping,GBP,£,2.99,0,17.98,2.5,,1,Monthly Subscription,1,14.99,,,,Unknown,Woocommerce
1223,539,09/06/2024,Bodmin,South West,Cornwall,GB,41.22,164.89,Shipping,GBP,£,2.99,0,126.66,20.61,SQ0940587,1,Twelve months' supply,1,164.89,discount,41.22,0,Unknown,Woocommerce
1220,540,08/06/2024,Bexhill-On-Sea,South East,England,GB,0,19.99,Shipping,GBP,£,2.99,0,22.98,3.33,,1,One Month's Supply,1,19.99,,,,Unknown,Woocommerce
1217,541,07/06/2024,Caldicot,Wales,Monmouthshire,GB,0,35.98,Shipping,GBP,£,2.99,0,38.97,5.99,,1,Two Months' Supply,1,35.98,,,,Unknown,Woocommerce
945,541,23/04/2024,Caldicot,Wales,Monmouthshire,GB,0,35.98,Shipping,GBP,£,2.99,0,38.97,5.99,,1,8 Week Trial,1,35.98,,,,Unknown,Woocommerce
1216,542,07/06/2024,Coventry,West Midlands,West Midlands,GB,0,35.98,Shipping,GBP,£,3.99,0,39.97,5.99,,1,8 Week Trial,1,35.98,,,,Unknown,Woocommerce
1214,543,07/06/2024,Leeds,Yorkshire and the Humber,England,GB,9,35.98,Shipping,GBP,£,2.99,0,29.97,4.49,,1,Two Months' Supply,1,35.98,discount,9,0,Unknown,Woocommerce
1212,544,06/06/2024,Salisbury,South West,England,GB,0,35.98,Shipping,GBP,£,2.99,0,38.97,5.99,,1,8 Week Trial,1,35.98,,,,Unknown,Woocommerce
1211,545,06/06/2024,Largs,Scotland,Ayrshire,GB,9,35.98,Shipping,GBP,£,3.99,0,30.97,4.49,,1,8 Week Trial,1,35.98,discount,9,0,Unknown,Woocommerce
1210,545,06/06/2024,Largs,Scotland,Ayrshire,GB,0,19.99,Shipping,GBP,£,2.99,0,22.98,3.33,,1,One Month's Supply,1,19.99,,,,Unknown,Woocommerce
1207,546,06/06/2024,Ripley,East Midlands,England,GB,9,35.98,Shipping,GBP,£,2.99,0,29.97,4.49,,1,8 Week Trial,1,35.98,discount,9,0,Unknown,Woocommerce
1200,547,05/06/2024,Croydon,Greater London,Surrey,GB,5,19.99,Shipping,GBP,£,2.99,0,17.98,2.5,,1,One Month's Supply,1,19.99,discount,5,0,Unknown,Woocommerce
1196,548,04/06/2024,Eardisley,West Midlands,Herefordshire,GB,0,35.98,Shipping,GBP,£,2.99,0,38.97,5.99,,1,Two Months' Supply,1,35.98,,,,Unknown,Woocommerce
993,548,25/04/2024,Eardisley,West Midlands,Herefordshire,GB,9,35.98,Shipping,GBP,£,2.99,0,29.97,4.49,,1,Two Months' Supply,1,35.98,discount,9,0,Unknown,Woocommerce
1189,549,03/06/2024,Stone,West Midlands,England,GB,9,35.98,Shipping,GBP,£,2.99,0,29.97,4.49,,1,Two Months' Supply,1,35.98,discount,9,0,Unknown,Woocommerce
1184,550,01/06/2024,Vilnius,Lithuania,,LT,0,35.98,Shipping,GBP,£,6.99,0,42.97,7.46,,1,8 Week Trial,1,35.98,,,,Unknown,Woocommerce
1181,551,30/05/2024,Bristol,South West,England,GB,0,35.98,Shipping,GBP,£,3.99,0,39.97,5.99,,1,Two Months' Supply,1,35.98,,,,Unknown,Woocommerce
989,551,24/04/2024,Bristol,South West,England,GB,0,19.99,Shipping,GBP,£,2.99,0,22.98,3.33,,1,One Month's Supply,1,19.99,,,,Unknown,Woocommerce
1179,552,30/05/2024,Oxford,South East,England,GB,0,19.99,Shipping,GBP,£,2.99,0,22.98,3.33,,1,One Month's Supply,1,19.99,,,,Unknown,Woocommerce
1053,552,03/05/2024,Oxford,South East,England,GB,10,39.98,Shipping,GBP,£,2.99,0,32.97,4.99,,1,One Month's Supply,2,19.99,discount,10,0,Unknown,Woocommerce
1178,553,30/05/2024,Ventnor Isle Of Wight,South East,Hampshire,GB,0,14.99,Shipping,GBP,£,3.99,0,18.98,2.5,,1,Monthly Subscription,1,14.99,,,,Unknown,Woocommerce
1037,553,30/04/2024,Ventnor Isle Of Wight,South East,Hampshire,GB,0,14.99,Shipping,GBP,£,3.99,0,18.98,2.5,,1,Monthly Subscription,1,14.99,,,,Unknown,Woocommerce
844,553,31/03/2024,Ventnor Isle Of Wight,South East,Hampshire,GB,0,14.99,Shipping,GBP,£,3.99,0,18.98,2.5,,1,Monthly Subscription,1,14.99,,,,Unknown,Woocommerce
1175,554,29/05/2024,Cheltenham,South West,Gloucestershire,GB,9,35.98,Shipping,GBP,£,2.99,0,29.97,4.49,,1,8 Week Trial,1,35.98,discount,9,0,Unknown,Woocommerce
1172,555,28/05/2024,Gloucester,South West,England,GB,0,35.98,Shipping,GBP,£,2.99,0,38.97,5.99,,1,Two Months' Supply,1,35.98,,,,Unknown,Woocommerce
867,555,06/04/2024,Gloucester,South West,England,GB,9,35.98,Shipping,GBP,£,2.99,0,29.97,4.49,,1,Two Months' Supply,1,35.98,discount,9,0,Unknown,Woocommerce
1164,556,26/05/2024,Rushmoor,South East,England,GB,0,35.98,Shipping,GBP,£,2.99,0,38.97,5.99,,1,8 Week Trial,1,35.98,,,,Unknown,Woocommerce
1162,557,25/05/2024,Kelso,Scotland,Borders,GB,0,14.99,Shipping,GBP,£,3.99,0,18.98,2.5,,1,Monthly Subscription,1,14.99,,,,Unknown,Woocommerce
1001,557,25/04/2024,Kelso,Scotland,Borders,GB,0,14.99,Shipping,GBP,£,3.99,0,18.98,2.5,,1,Monthly Subscription,1,14.99,,,,Unknown,Woocommerce
826,557,25/03/2024,Kelso,Scotland,Borders,GB,0,14.99,Shipping,GBP,£,3.99,0,18.98,2.5,,1,Monthly Subscription,1,14.99,,,,Unknown,Woocommerce
732,557,25/02/2024,Kelso,Scotland,Borders,GB,0,14.99,Shipping,GBP,£,3.99,0,18.98,2.5,,1,Monthly Subscription,1,14.99,,,,Unknown,Woocommerce
1157,558,24/05/2024,Šiauliai,Lithuania,Šiaulių m.,LT,0,35.98,Shipping,GBP,£,6.99,0,42.97,7.46,,1,8 Week Trial,1,35.98,,,,Unknown,Woocommerce
1156,559,24/05/2024,Hamburg,Germany,HH,DE,9,35.98,Shipping,GBP,£,6.99,0,33.97,5.42,,1,Two Months' Supply,1,35.98,discount,9,0,Unknown,Woocommerce
1155,560,24/05/2024,Bristol,South West,England,GB,9,35.98,Shipping,GBP,£,2.99,0,29.97,4.49,,1,Two Months' Supply,1,35.98,discount,9,0,Unknown,Woocommerce
1153,561,24/05/2024,Smethwick,West Midlands,England,GB,0,35.98,Shipping,GBP,£,2.99,0,38.97,5.99,,1,Two Months' Supply,1,35.98,,,,Unknown,Woocommerce
992,561,25/04/2024,Smethwick,West Midlands,England,GB,9,35.98,Shipping,GBP,£,3.99,0,30.97,4.49,,1,Two Months' Supply,1,35.98,discount,9,0,Unknown,Woocommerce
1151,562,23/05/2024,Norwich,East of England,England,GB,0,35.98,Shipping,GBP,£,3.99,0,39.97,5.99,,1,8 Week Trial,1,35.98,,,,Unknown,Woocommerce
1147,563,23/05/2024,Gorebridge,Scotland,Midlothian,GB,0,35.98,Shipping,GBP,£,2.99,0,38.97,5.99,,1,8 Week Trial,1,35.98,,,,Unknown,Woocommerce
1145,564,23/05/2024,High Wycombe,South East,,GB,0,14.99,Shipping,GBP,£,2.99,0,17.98,2.5,,1,Monthly Subscription,1,14.99,,,,Unknown,Woocommerce
939,564,23/04/2024,High Wycombe,South East,,GB,0,14.99,Shipping,GBP,£,2.99,0,17.98,2.5,,1,Monthly Subscription,1,14.99,,,,Unknown,Woocommerce
1144,565,23/05/2024,Coventry,West Midlands,West Midlands,GB,9,35.98,Shipping,GBP,£,2.99,0,29.97,4.49,,1,Two Months' Supply,1,35.98,discount,9,0,Unknown,Woocommerce
1143,566,22/05/2024,Grays,East of England,,GB,0,35.98,Shipping,GBP,£,2.99,0,38.97,5.99,,1,Two Months' Supply,1,35.98,,,,Unknown,Woocommerce
904,566,18/04/2024,Grays,East of England,Essex,GB,5,19.99,Shipping,GBP,£,3.99,0,18.98,2.5,,1,One Month's Supply,1,19.99,discount,5,0,Unknown,Woocommerce
1138,567,22/05/2024,London,Greater London,England,GB,9,35.98,Shipping,GBP,£,2.99,0,29.97,4.49,,1,8 Week Trial,1,35.98,discount,9,0,Unknown,Woocommerce
1137,568,21/05/2024,Göteborg,Sweden,,SE,0,164.89,Shipping,GBP,£,6.99,0,171.88,34.38,SQ0940587,1,Twelve months' supply,1,164.89,,,,Unknown,Woocommerce
763,568,06/03/2024,Göteborg,Sweden,Västra Götalands län,SE,0,35.98,Shipping,GBP,£,6.99,0,42.97,8.6,,1,8 Week Trial,1,35.98,,,,Unknown,Woocommerce
1126,569,17/05/2024,Enniskillen,Northern Ireland,Fermanagh,GB,9,35.98,Shipping,GBP,£,2.99,0,29.97,4.49,,1,8 Week Trial,1,35.98,discount,9,0,Unknown,Woocommerce
99,570,04/03/2023,Kingston,South East,England,GB,0,89.94,Shipping,GBP,£,2.99,0,92.93,0,,1,Two Months' Supply,3,29.98,,,,Unknown,Woocommerce
53,570,18/01/2023,Kingston,South East,,GB,0,29.98,Shipping,GBP,£,2.99,0,32.97,0,,1,Two Months' Supply,1,29.98,,,,Unknown,Woocommerce
1125,570,17/05/2024,Kingston Upon Thames,South East,,GB,0,164.89,Shipping,GBP,£,2.99,0,167.88,27.48,SQ0940587,1,Twelve months' supply,1,164.89,,,,Unknown,Woocommerce
1121,571,16/05/2024,London,Greater London,,GB,0,14.99,Shipping,GBP,£,2.99,0,17.98,2.5,,1,Monthly Subscription,1,14.99,,,,Unknown,Woocommerce
896,571,16/04/2024,London,Greater London,,GB,0,14.99,Shipping,GBP,£,2.99,0,17.98,2.5,,1,Monthly Subscription,1,14.99,,,,Unknown,Woocommerce
625,571,21/01/2024,London,Greater London,,GB,0,35.98,Shipping,GBP,£,3.99,0,39.97,5.99,,1,8 Week Trial,1,35.98,,,,Unknown,Woocommerce
1120,572,16/05/2024,Coulsdon,Greater London,Greater London,GB,26.99,107.94,Shipping,GBP,£,2.99,0,83.94,13.49,,1,Two Months' Supply,3,35.98,discount,26.99,0,Unknown,Woocommerce
1119,573,16/05/2024,Hillegom,Netherlands,ZH,NL,0,71.96,Shipping,GBP,£,6.99,0,78.95,13.72,,1,8 Week Trial,1,35.98,,,,Unknown,Woocommerce
1119,573,16/05/2024,Hillegom,Netherlands,ZH,NL,0,71.96,Shipping,GBP,£,6.99,0,78.95,13.72,,2,Two Months' Supply,1,35.98,,,,Unknown,Woocommerce
1116,574,14/05/2024,Malvern5Az,West Midlands,England,GB,9,35.98,Shipping,GBP,£,2.99,0,29.97,4.49,,1,Two Months' Supply,1,35.98,discount,9,0,Unknown,Woocommerce
1115,575,14/05/2024,Ashford,South East,Kent,GB,9,35.98,Shipping,GBP,£,3.99,0,30.97,4.49,,1,8 Week Trial,1,35.98,discount,9,0,Unknown,Woocommerce
517,576,11/12/2023,Sostanj,Slovenia,slovenia,SI,5,19.99,Shipping,GBP,£,9.99,0,24.98,4.5,,1,One Month's Supply,1,19.99,discount,5,0,Unknown,Woocommerce
1111,576,13/05/2024,Šoštanj,Slovenia,State,SI,0,35.98,Shipping,GBP,£,9.99,0,45.97,8.29,,1,Two Months' Supply,1,35.98,,,,Unknown,Woocommerce
1106,577,11/05/2024,Jarrow,North East,England,GB,0,19.99,Shipping,GBP,£,2.99,0,22.98,3.33,,1,One Month's Supply,1,19.99,,,,Unknown,Woocommerce
1104,578,11/05/2024,Bournemouth,South West,,GB,9,35.98,Shipping,GBP,£,2.99,0,29.97,4.49,,1,8 Week Trial,1,35.98,discount,9,0,Unknown,Woocommerce
1103,579,11/05/2024,Bristol,South West,ENG,GB,0,35.98,Shipping,GBP,£,2.99,0,38.97,5.99,,1,8 Week Trial,1,35.98,,,,Unknown,Woocommerce
742,579,29/02/2024,Bristol,South West,ENG,GB,13.99,55.97,Shipping,GBP,£,2.99,0,44.97,6.99,,1,Two Months' Supply,1,35.98,discount,13.99,0,Unknown,Woocommerce
742,579,29/02/2024,Bristol,South West,ENG,GB,13.99,55.97,Shipping,GBP,£,2.99,0,44.97,6.99,,2,One Month's Supply,1,19.99,,,,Unknown,Woocommerce
1102,580,11/05/2024,Maribor,Slovenia,Upravna enota Maribor,SI,9,35.98,Shipping,GBP,£,6.99,0,33.97,6.13,,1,Two Months' Supply,1,35.98,discount,9,0,Unknown,Woocommerce
1100,581,11/05/2024,London,Greater London,,GB,9,35.98,Shipping,GBP,£,2.99,0,29.97,4.49,,1,8 Week Trial,1,35.98,discount,9,0,Unknown,Woocommerce
1099,582,10/05/2024,London,Greater London,England,GB,9,35.98,Shipping,GBP,£,2.99,0,29.97,4.49,,1,Two Months' Supply,1,35.98,discount,9,0,Unknown,Woocommerce
1098,583,10/05/2024,Nottingham,East Midlands,,GB,0,19.99,Shipping,GBP,£,2.99,0,22.98,3.33,,1,One Month's Supply,1,19.99,,,,Unknown,Woocommerce
1095,584,09/05/2024,London,Greater London,,GB,9,35.98,Shipping,GBP,£,3.99,0,30.97,4.49,,1,8 Week Trial,1,35.98,discount,9,0,Unknown,Woocommerce
1094,585,09/05/2024,Bristol,South West,Bristol,GB,9,35.98,Shipping,GBP,£,2.99,0,29.97,4.49,,1,8 Week Trial,1,35.98,discount,9,0,Unknown,Woocommerce
1089,586,08/05/2024,Liverpool,North West,,GB,9,35.98,Shipping,GBP,£,3.99,0,30.97,4.49,,1,Two Months' Supply,1,35.98,discount,9,0,Unknown,Woocommerce
1088,587,08/05/2024,Bakewell,East Midlands,England,GB,0,35.98,Shipping,GBP,£,2.99,0,38.97,5.99,,1,8 Week Trial,1,35.98,,,,Unknown,Woocommerce
1086,588,08/05/2024,London,Greater London,England,GB,9,35.98,Shipping,GBP,£,3.99,0,30.97,4.49,,1,Two Months' Supply,1,35.98,discount,9,0,Unknown,Woocommerce
1084,589,07/05/2024,Bristol,South West,Avon,GB,9,35.98,Shipping,GBP,£,2.99,0,29.97,4.49,,1,Two Months' Supply,1,35.98,discount,9,0,Unknown,Woocommerce
1083,590,07/05/2024,London,Greater London,,GB,9,35.98,Shipping,GBP,£,3.99,0,30.97,4.49,,1,Two Months' Supply,1,35.98,discount,9,0,Unknown,Woocommerce
1081,591,07/05/2024,Leeds,Yorkshire and the Humber,West Yorkshire,GB,9,35.98,Shipping,GBP,£,2.99,0,29.97,4.49,,1,8 Week Trial,1,35.98,discount,9,0,Unknown,Woocommerce
926,591,23/04/2024,Leeds,Yorkshire and the Humber,West Yorkshire,GB,0,35.98,Shipping,GBP,£,2.99,0,38.97,5.99,,1,8 Week Trial,1,35.98,,,,Unknown,Woocommerce
1079,592,07/05/2024,Tavistock,South West,England,GB,0,19.99,Shipping,GBP,£,2.99,0,22.98,3.33,,1,One Month's Supply,1,19.99,,,,Unknown,Woocommerce
895,592,16/04/2024,Tavistock,South West,England,GB,0,19.99,Shipping,GBP,£,2.99,0,22.98,3.33,,1,One Month's Supply,1,19.99,,,,Unknown,Woocommerce
1078,593,06/05/2024,Waltham Abbey,East of England,England,GB,9,35.98,Shipping,GBP,£,2.99,0,29.97,4.49,,1,Two Months' Supply,1,35.98,discount,9,0,Unknown,Woocommerce
1077,594,06/05/2024,Sheffield,Yorkshire and the Humber,England,GB,9,35.98,Shipping,GBP,£,2.99,0,29.97,4.49,,1,8 Week Trial,1,35.98,discount,9,0,Unknown,Woocommerce
1076,595,06/05/2024,Bristol,South West,England,GB,9,35.98,Shipping,GBP,£,2.99,0,29.97,4.49,,1,Two Months' Supply,1,35.98,discount,9,0,Unknown,Woocommerce
1075,596,06/05/2024,Carluke,Scotland,South Lanarkshire,GB,5,19.99,Shipping,GBP,£,2.99,0,17.98,2.5,,1,One Month's Supply,1,19.99,discount,5,0,Unknown,Woocommerce
1074,597,06/05/2024,Eastbourne,South East,East Sussex,GB,9,35.98,Shipping,GBP,£,2.99,0,29.97,4.49,,1,8 Week Trial,1,35.98,discount,9,0,Unknown,Woocommerce
1065,598,05/05/2024,Exeter,South West,Devon,GB,0,14.99,Shipping,GBP,£,2.99,0,17.98,2.5,,1,Monthly Subscription,1,14.99,,,,Unknown,Woocommerce
863,598,05/04/2024,Exeter,South West,Devon,GB,0,14.99,Shipping,GBP,£,2.99,0,17.98,2.5,,1,Monthly Subscription,1,14.99,,,,Unknown,Woocommerce
755,598,05/03/2024,Exeter,South West,Devon,GB,0,14.99,Shipping,GBP,£,2.99,0,17.98,2.5,,1,Monthly Subscription,1,14.99,,,,Unknown,Woocommerce
667,598,05/02/2024,Exeter,South West,Devon,GB,0,14.99,Shipping,GBP,£,2.99,0,17.98,2.5,,1,Monthly Subscription,1,14.99,,,,Unknown,Woocommerce
575,598,05/01/2024,Exeter,South West,Devon,GB,0,14.99,Shipping,GBP,£,2.99,0,17.98,2.5,,1,Monthly Subscription,1,14.99,,,,Unknown,Woocommerce
506,598,05/12/2023,Exeter,South West,Devon,GB,0,14.99,Shipping,GBP,£,2.99,0,17.98,2.5,,1,Monthly Subscription,1,14.99,,,,Unknown,Woocommerce
432,598,05/11/2023,Exeter,South West,Devon,GB,0,14.99,Shipping,GBP,£,2.99,0,17.98,2.5,,1,Monthly Subscription,1,14.99,,,,Unknown,Woocommerce
357,598,05/10/2023,Exeter,South West,Devon,GB,0,14.99,Shipping,GBP,£,2.99,0,17.98,2.5,,1,Monthly Subscription,1,14.99,,,,Unknown,Woocommerce
313,598,05/09/2023,Exeter,South West,Devon,GB,0,14.99,Shipping,GBP,£,2.99,0,17.98,2.5,,1,Monthly Subscription,1,14.99,,,,Unknown,Woocommerce
237,598,02/07/2023,Exeter,South West,Devon,GB,0,29.98,Shipping,GBP,£,2.99,0,32.97,4.99,,1,Two Months' Supply,1,29.98,,,,Unknown,Woocommerce
1064,599,05/05/2024,Solrød Strand,Denmark,dk,DK,0,35.98,Shipping,GBP,£,6.99,0,42.97,8.6,,1,Two Months' Supply,1,35.98,,,,Unknown,Woocommerce
1063,600,05/05/2024,Bristol,South West,England,GB,5,19.99,Shipping,GBP,£,2.99,0,17.98,2.5,,1,One Month's Supply,1,19.99,discount,5,0,Unknown,Woocommerce
1055,601,03/05/2024,Slough,South East,Berkshire,GB,5,19.99,Shipping,GBP,£,3.99,0,18.98,2.5,,1,One Month's Supply,1,19.99,discount,5,0,Unknown,Woocommerce
1054,602,03/05/2024,Ormskirk,North West,Lancashire,GB,0,35.98,Shipping,GBP,£,2.99,0,38.97,5.99,,1,8 Week Trial,1,35.98,,,,Unknown,Woocommerce
1047,603,01/05/2024,Newton Aycliffe,North East,DURHAM,GB,9,35.98,Shipping,GBP,£,2.99,0,29.97,4.49,,1,Two Months' Supply,1,35.98,discount,9,0,Unknown,Woocommerce
1040,604,30/04/2024,Chepstow,Wales,UK,GB,9,35.98,Shipping,GBP,£,2.99,0,29.97,4.49,,1,8 Week Trial,1,35.98,discount,9,0,Unknown,Woocommerce
1039,605,30/04/2024,Newport,Wales,,GB,0,35.98,Shipping,GBP,£,2.99,0,38.97,5.99,,1,8 Week Trial,1,35.98,,,,Unknown,Woocommerce
1038,606,30/04/2024,Glasgow,Scotland,,GB,9,35.98,Shipping,GBP,£,2.99,0,29.97,4.49,,1,Two Months' Supply,1,35.98,discount,9,0,Unknown,Woocommerce
1036,607,30/04/2024,Swanland,Yorkshire and the Humber,East Yorkshire,GB,9,35.98,Shipping,GBP,£,2.99,0,29.97,4.49,,1,8 Week Trial,1,35.98,discount,9,0,Unknown,Woocommerce
1035,608,30/04/2024,Clonmel,Ireland,TIPPERARY,IE,9,35.98,Shipping,GBP,£,6.99,0,33.97,6.36,,1,8 Week Trial,1,35.98,discount,9,0,Unknown,Woocommerce
1034,609,30/04/2024,Wakefield,Yorkshire and the Humber,Yorkshire,GB,9,35.98,Shipping,GBP,£,3.99,0,30.97,4.49,,1,Two Months' Supply,1,35.98,discount,9,0,Unknown,Woocommerce
1032,610,30/04/2024,Bristol,South West,England,GB,9,35.98,Shipping,GBP,£,2.99,0,29.97,4.49,,1,8 Week Trial,1,35.98,discount,9,0,Unknown,Woocommerce
1031,611,30/04/2024,Redhill,South East,England,GB,9,35.98,Shipping,GBP,£,2.99,0,29.97,4.49,,1,8 Week Trial,1,35.98,discount,9,0,Unknown,Woocommerce
1029,612,29/04/2024,Redland,South West,bristol,GB,9,35.98,Shipping,GBP,£,2.99,0,29.97,4.49,,1,Two Months' Supply,1,35.98,discount,9,0,Unknown,Woocommerce
1028,613,29/04/2024,Bristol,South West,,GB,9,35.98,Shipping,GBP,£,3.99,0,30.97,4.49,,1,Two Months' Supply,1,35.98,discount,9,0,Unknown,Woocommerce
1024,614,28/04/2024,Richmond,Greater London,Surrey,GB,9,35.98,Shipping,GBP,£,3.99,0,30.97,4.49,,1,Two Months' Supply,1,35.98,discount,9,0,Unknown,Woocommerce
1023,615,28/04/2024,Riga,Latvia,,LV,41.22,164.89,Shipping,GBP,£,6.99,0,130.66,22.68,SQ0940587,1,Twelve months' supply,1,164.89,discount,41.22,0,Unknown,Woocommerce
1022,616,28/04/2024,Sevenoaks,South East,Kent,GB,9,35.98,Shipping,GBP,£,2.99,0,29.97,4.49,,1,Two Months' Supply,1,35.98,discount,9,0,Unknown,Woocommerce
1021,617,28/04/2024,London,Greater London,England,GB,5,19.99,Shipping,GBP,£,2.99,0,17.98,2.5,,1,One Month's Supply,1,19.99,discount,5,0,Unknown,Woocommerce
1020,618,28/04/2024,Woking,South East,Surrey,GB,0,35.98,Shipping,GBP,£,2.99,0,38.97,5.99,,1,8 Week Trial,1,35.98,,,,Unknown,Woocommerce
1014,619,27/04/2024,Belfast,Northern Ireland,Northern Ireland,GB,0,35.98,Shipping,GBP,£,3.99,0,39.97,5.99,,1,Two Months' Supply,1,35.98,,,,Unknown,Woocommerce
1009,620,26/04/2024,Grays,East of England,Essex,GB,9,35.98,Shipping,GBP,£,3.99,0,30.97,4.49,,1,8 Week Trial,1,35.98,discount,9,0,Unknown,Woocommerce
1005,621,26/04/2024,Jersey,Channel Islands,,GB,9,35.98,Shipping,GBP,£,2.99,0,29.97,4.49,,1,Two Months' Supply,1,35.98,discount,9,0,Unknown,Woocommerce
1004,622,26/04/2024,Bristol,South West,England,GB,9,35.98,Shipping,GBP,£,2.99,0,29.97,4.49,,1,Two Months' Supply,1,35.98,discount,9,0,Unknown,Woocommerce
1002,623,26/04/2024,Neckarsulm,Germany,BW,DE,9,35.98,Shipping,GBP,£,9.99,0,36.97,5.9,,1,8 Week Trial,1,35.98,discount,9,0,Unknown,Woocommerce
999,624,25/04/2024,St Helens,North West,Merseyside,GB,0,35.98,Shipping,GBP,£,2.99,0,38.97,5.99,,1,Two Months' Supply,1,35.98,,,,Unknown,Woocommerce
997,625,25/04/2024,Chippenham,South West,England,GB,9,35.98,Shipping,GBP,£,2.99,0,29.97,4.49,,1,8 Week Trial,1,35.98,discount,9,0,Unknown,Woocommerce
995,626,25/04/2024,Bristol,South West,Somerset,GB,9,35.98,Shipping,GBP,£,2.99,0,29.97,4.49,,1,Two Months' Supply,1,35.98,discount,9,0,Unknown,Woocommerce
991,627,24/04/2024,Greater Manchester,North West,,GB,9,35.98,Shipping,GBP,£,3.99,0,30.97,4.49,,1,8 Week Trial,1,35.98,discount,9,0,Unknown,Woocommerce
987,628,24/04/2024,Birmingham,West Midlands,England,GB,9,35.98,Shipping,GBP,£,2.99,0,29.97,4.49,,1,Two Months' Supply,1,35.98,discount,9,0,Unknown,Woocommerce
985,629,24/04/2024,Bristol,South West,England,GB,9,35.98,Shipping,GBP,£,2.99,0,29.97,4.49,,1,8 Week Trial,1,35.98,discount,9,0,Unknown,Woocommerce
984,630,24/04/2024,Stevenage,South East,England,GB,9,35.98,Shipping,GBP,£,2.99,0,29.97,4.49,,1,8 Week Trial,1,35.98,discount,9,0,Unknown,Woocommerce
983,631,24/04/2024,Stroud,South West,Glos,GB,9,35.98,Shipping,GBP,£,2.99,0,29.97,4.49,,1,Two Months' Supply,1,35.98,discount,9,0,Unknown,Woocommerce
982,632,24/04/2024,Monmouth,Wales,Monmouthshire,GB,9,35.98,Shipping,GBP,£,2.99,0,29.97,4.49,,1,Two Months' Supply,1,35.98,discount,9,0,Unknown,Woocommerce
981,633,24/04/2024,Barnet,Greater London,England,GB,9,35.98,Shipping,GBP,£,2.99,0,29.97,4.49,,1,Two Months' Supply,1,35.98,discount,9,0,Unknown,Woocommerce
978,634,24/04/2024,Inverness,Scotland,Scotland,GB,9,35.98,Shipping,GBP,£,2.99,0,29.97,4.49,,1,Two Months' Supply,1,35.98,discount,9,0,Unknown,Woocommerce
977,635,24/04/2024,Cononley,Yorkshire and the Humber,North Yorkshire,GB,9,35.98,Shipping,GBP,£,2.99,0,29.97,4.49,,1,Two Months' Supply,1,35.98,discount,9,0,Unknown,Woocommerce
975,636,24/04/2024,Retford,East Midlands,Nottinghamshire,GB,0,35.98,Shipping,GBP,£,3.99,0,39.97,5.99,,1,Two Months' Supply,1,35.98,,,,Unknown,Woocommerce
974,637,24/04/2024,Fritton,East of England,,GB,9,35.98,Shipping,GBP,£,2.99,0,29.97,4.49,,1,8 Week Trial,1,35.98,discount,9,0,Unknown,Woocommerce
973,638,24/04/2024,Bristol,South West,S Glos,GB,9,35.98,Shipping,GBP,£,3.99,0,30.97,4.49,,1,8 Week Trial,1,35.98,discount,9,0,Unknown,Woocommerce
972,639,24/04/2024,Burntisland,Scotland,Fife,GB,9,35.98,Shipping,GBP,£,2.99,0,29.97,4.49,,1,8 Week Trial,1,35.98,discount,9,0,Unknown,Woocommerce
971,640,24/04/2024,Badminton,South West,England,GB,9,35.98,Shipping,GBP,£,3.99,0,30.97,4.49,,1,Two Months' Supply,1,35.98,discount,9,0,Unknown,Woocommerce
969,641,24/04/2024,Birmingham,West Midlands,England,GB,0,35.98,Shipping,GBP,£,2.99,0,38.97,5.99,,1,8 Week Trial,1,35.98,,,,Unknown,Woocommerce
968,642,23/04/2024,Brighton,South East,West Sussex,GB,9,35.98,Shipping,GBP,£,2.99,0,29.97,4.49,,1,Two Months' Supply,1,35.98,discount,9,0,Unknown,Woocommerce
967,643,23/04/2024,Main Street,South West region,Stanton,GB,9,35.98,Shipping,GBP,£,3.99,0,30.97,4.49,,1,Two Months' Supply,1,35.98,discount,9,0,Unknown,Woocommerce
962,644,23/04/2024,Galashiels,Scotland,Scotland,GB,0,19.99,Shipping,GBP,£,3.99,0,23.98,3.33,,1,One Month's Supply,1,19.99,,,,Unknown,Woocommerce
960,645,23/04/2024,Aberdeen,Scotland,Scotland,GB,9,35.98,Shipping,GBP,£,2.99,0,29.97,4.49,,1,8 Week Trial,1,35.98,discount,9,0,Unknown,Woocommerce
957,646,23/04/2024,Hertfordshire,South East,,GB,9,35.98,Shipping,GBP,£,2.99,0,29.97,4.49,,1,8 Week Trial,1,35.98,discount,9,0,Unknown,Woocommerce
956,647,23/04/2024,Bath,South West,England,GB,0,19.99,Shipping,GBP,£,2.99,0,22.98,3.33,,1,One Month's Supply,1,19.99,,,,Unknown,Woocommerce
955,648,23/04/2024,Spalding,East Midlands,Lincolnshire,GB,41.22,164.89,Shipping,GBP,£,3.99,0,127.66,20.61,SQ0940587,1,Twelve months' supply,1,164.89,discount,41.22,0,Unknown,Woocommerce
954,649,23/04/2024,Bristol,South West,Bristol,GB,0,19.99,Shipping,GBP,£,2.99,0,22.98,3.33,,1,One Month's Supply,1,19.99,,,,Unknown,Woocommerce
951,650,23/04/2024,Norwich,East of England,England,GB,5,19.99,Shipping,GBP,£,2.99,0,17.98,2.5,,1,One Month's Supply,1,19.99,discount,5,0,Unknown,Woocommerce
950,651,23/04/2024,Dawlish,South West,evon,GB,5,19.99,Shipping,GBP,£,3.99,0,18.98,2.5,,1,One Month's Supply,1,19.99,discount,5,0,Unknown,Woocommerce
949,652,23/04/2024,Swindon,South West,England,GB,0,35.98,Shipping,GBP,£,3.99,0,39.97,5.99,,1,8 Week Trial,1,35.98,,,,Unknown,Woocommerce
948,653,23/04/2024,Liverpool,North West,England,GB,9,35.98,Shipping,GBP,£,2.99,0,29.97,4.49,,1,Two Months' Supply,1,35.98,discount,9,0,Unknown,Woocommerce
947,654,23/04/2024,Tilehurst,South East,Berkshire,GB,0,19.99,Shipping,GBP,£,2.99,0,22.98,3.33,,1,One Month's Supply,1,19.99,,,,Unknown,Woocommerce
946,655,23/04/2024,San Roque,Spain,cadiz,ES,0,35.98,Shipping,GBP,£,6.99,0,42.97,7.46,,1,8 Week Trial,1,35.98,,,,Unknown,Woocommerce
944,656,23/04/2024,Glasgow,Scotland,Lanarkshire,GB,9,35.98,Shipping,GBP,£,3.99,0,30.97,4.49,,1,8 Week Trial,1,35.98,discount,9,0,Unknown,Woocommerce
943,657,23/04/2024,Sheringham,East of England,England,GB,0,19.99,Shipping,GBP,£,2.99,0,22.98,3.33,,1,One Month's Supply,1,19.99,,,,Unknown,Woocommerce
942,658,23/04/2024,Bristol,South West,Bristol,GB,9,35.98,Shipping,GBP,£,2.99,0,29.97,4.49,,1,Two Months' Supply,1,35.98,discount,9,0,Unknown,Woocommerce
937,659,23/04/2024,Clacton-On-Sea,East of England,England,GB,41.22,164.89,Shipping,GBP,£,2.99,0,126.66,20.61,SQ0940587,1,Twelve months' supply,1,164.89,discount,41.22,0,Unknown,Woocommerce
936,660,23/04/2024,Stockton-On-Tees,North East,England,GB,5,19.99,Shipping,GBP,£,2.99,0,17.98,2.5,,1,One Month's Supply,1,19.99,discount,5,0,Unknown,Woocommerce
930,661,23/04/2024,Walsall,West Midlands,West Midlands,GB,9,35.98,Shipping,GBP,£,2.99,0,29.97,4.49,,1,8 Week Trial,1,35.98,discount,9,0,Unknown,Woocommerce
928,662,23/04/2024,Ripon,Yorkshire and the Humber,North yorkshire,GB,9,35.98,Shipping,GBP,£,3.99,0,30.97,4.49,,1,8 Week Trial,1,35.98,discount,9,0,Unknown,Woocommerce
927,663,23/04/2024,Greenock,Scotland,Scotland,GB,0,35.98,Shipping,GBP,£,2.99,0,38.97,5.99,,1,8 Week Trial,1,35.98,,,,Unknown,Woocommerce
923,664,23/04/2024,Stevenage,South East,Herts,GB,0,19.99,Shipping,GBP,£,2.99,0,22.98,3.33,,1,One Month's Supply,1,19.99,,,,Unknown,Woocommerce
922,665,23/04/2024,Haywards Heath,South East,England,GB,0,35.98,Shipping,GBP,£,3.99,0,39.97,5.99,,1,Two Months' Supply,1,35.98,,,,Unknown,Woocommerce
921,666,23/04/2024,Kidderminster,West Midlands,England,GB,0,35.98,Shipping,GBP,£,2.99,0,38.97,5.99,,1,8 Week Trial,1,35.98,,,,Unknown,Woocommerce
913,667,21/04/2024,Ivybridge,South West,England,GB,0,35.98,Shipping,GBP,£,2.99,0,38.97,5.99,,1,8 Week Trial,1,35.98,,,,Unknown,Woocommerce
910,668,20/04/2024,Lincoln,East Midlands,England,GB,0,35.98,Shipping,GBP,£,2.99,0,38.97,5.99,,1,Two Months' Supply,1,35.98,,,,Unknown,Woocommerce
907,669,19/04/2024,Abergele,Wales,Clwyd,GB,0,35.98,Shipping,GBP,£,2.99,0,38.97,5.99,,1,Two Months' Supply,1,35.98,,,,Unknown,Woocommerce
717,669,22/02/2024,Abergele,Wales,Clwyd,GB,0,35.98,Shipping,GBP,£,2.99,0,38.97,5.99,,1,8 Week Trial,1,35.98,,,,Unknown,Woocommerce
901,670,17/04/2024,West Drayton,Greater London,Harmondsworth,GB,0,164.89,Shipping,GBP,£,3.99,0,168.88,27.48,SQ0940587,1,Twelve months' supply,1,164.89,,,,Unknown,Woocommerce
897,671,16/04/2024,Glasgow,Scotland,Scotland,GB,9,35.98,Shipping,GBP,£,2.99,0,29.97,4.49,,1,Two Months' Supply,1,35.98,discount,9,0,Unknown,Woocommerce
893,672,16/04/2024,Uxbridge,Greater London,Middlesex,GB,0,19.99,Shipping,GBP,£,3.99,0,23.98,3.33,,1,One Month's Supply,1,19.99,,,,Unknown,Woocommerce
892,673,15/04/2024,Chester,North West,England,GB,0,14.99,Shipping,GBP,£,2.99,0,17.98,2.5,,1,Monthly Subscription,1,14.99,,,,Unknown,Woocommerce
889,674,13/04/2024,Wakefield,Yorkshire and the Humber,England,GB,0,14.99,Shipping,GBP,£,2.99,0,17.98,2.5,,1,Monthly Subscription,1,14.99,,,,Unknown,Woocommerce
782,674,13/03/2024,Wakefield,Yorkshire and the Humber,England,GB,0,14.99,Shipping,GBP,£,2.99,0,17.98,2.5,,1,Monthly Subscription,1,14.99,,,,Unknown,Woocommerce
689,674,13/02/2024,Wakefield,Yorkshire and the Humber,England,GB,0,14.99,Shipping,GBP,£,2.99,0,17.98,2.5,,1,Monthly Subscription,1,14.99,,,,Unknown,Woocommerce
603,674,13/01/2024,Wakefield,Yorkshire and the Humber,England,GB,0,14.99,Shipping,GBP,£,2.99,0,17.98,2.5,,1,Monthly Subscription,1,14.99,,,,Unknown,Woocommerce
525,674,13/12/2023,Wakefield,Yorkshire and the Humber,England,GB,0,14.99,Shipping,GBP,£,2.99,0,17.98,2.5,,1,Monthly Subscription,1,14.99,,,,Unknown,Woocommerce
303,674,01/09/2023,Wakefield,Yorkshire and the Humber,England,GB,0,35.98,Shipping,GBP,£,2.99,0,38.97,5.99,,1,Two Months' Supply,1,35.98,,,,Unknown,Woocommerce
288,674,17/08/2023,Wakefield,Yorkshire and the Humber,England,GB,0,19.99,Shipping,GBP,£,3.99,0,23.98,3.33,,1,One Month's Supply,1,19.99,,,,Unknown,Woocommerce
884,675,11/04/2024,Oldham,North West,Lancashire,GB,0,14.99,Shipping,GBP,£,2.99,0,17.98,2.5,,1,Monthly Subscription,1,14.99,,,,Unknown,Woocommerce
775,675,11/03/2024,Oldham,North West,Lancashire,GB,0,14.99,Shipping,GBP,£,2.99,0,17.98,2.5,,1,Monthly Subscription,1,14.99,,,,Unknown,Woocommerce
685,675,11/02/2024,Oldham,North West,Lancashire,GB,0,14.99,Shipping,GBP,£,2.99,0,17.98,2.5,,1,Monthly Subscription,1,14.99,,,,Unknown,Woocommerce
598,675,11/01/2024,Oldham,North West,Lancashire,GB,0,14.99,Shipping,GBP,£,2.99,0,17.98,2.5,,1,Monthly Subscription,1,14.99,,,,Unknown,Woocommerce
519,675,11/12/2023,Oldham,North West,Lancashire,GB,0,14.99,Shipping,GBP,£,2.99,0,17.98,2.5,,1,Monthly Subscription,1,14.99,,,,Unknown,Woocommerce
442,675,11/11/2023,Oldham,North West,Lancashire,GB,0,14.99,Shipping,GBP,£,2.99,0,17.98,2.5,,1,Monthly Subscription,1,14.99,,,,Unknown,Woocommerce
881,676,10/04/2024,Malvern,West Midlands,Worcestershire,GB,0,19.99,Shipping,GBP,£,2.99,0,22.98,3.33,,1,One Month's Supply,1,19.99,,,,Unknown,Woocommerce
879,677,10/04/2024,Swindon,South West,Wilts,GB,0,35.98,Shipping,GBP,£,2.99,0,38.97,5.99,,1,8 Week Trial,1,35.98,,,,Unknown,Woocommerce
878,678,10/04/2024,London,Greater London,England,GB,0,164.89,Shipping,GBP,£,2.99,0,167.88,27.48,SQ0940587,1,Twelve months' supply,1,164.89,,,,Unknown,Woocommerce
664,678,04/02/2024,London,Greater London,England,GB,5,19.99,Shipping,GBP,£,3.99,0,18.98,2.5,,1,One Month's Supply,1,19.99,discount,5,0,Unknown,Woocommerce
877,679,10/04/2024,Wolverhampton,West Midlands,County,GB,0,35.98,Shipping,GBP,£,2.99,0,38.97,5.99,,1,Two Months' Supply,1,35.98,,,,Unknown,Woocommerce
659,679,02/02/2024,Wolverhampton,West Midlands,County,GB,0,35.98,Shipping,GBP,£,2.99,0,38.97,5.99,,1,Two Months' Supply,1,35.98,,,,Unknown,Woocommerce
611,679,15/01/2024,Wolverhampton,West Midlands,County,GB,0,19.99,Shipping,GBP,£,3.99,0,23.98,3.33,,1,One Month's Supply,1,19.99,,,,Unknown,Woocommerce
876,680,09/04/2024,Shelfanger,East of England,,GB,0,19.99,Shipping,GBP,£,3.99,0,23.98,3.33,,1,One Month's Supply,1,19.99,,,,Unknown,Woocommerce
874,681,09/04/2024,Bristol,South West,England,GB,9,35.98,Shipping,GBP,£,2.99,0,29.97,4.49,,1,Two Months' Supply,1,35.98,discount,9,0,Unknown,Woocommerce
873,682,08/04/2024,Backwell,South West,,GB,0,14.99,Shipping,GBP,£,2.99,0,17.98,2.5,,1,Monthly Subscription,1,14.99,,,,Unknown,Woocommerce
768,682,08/03/2024,Backwell,South West,,GB,0,14.99,Shipping,GBP,£,2.99,0,17.98,2.5,,1,Monthly Subscription,1,14.99,,,,Unknown,Woocommerce
679,682,08/02/2024,Backwell,South West,,GB,0,14.99,Shipping,GBP,£,2.99,0,17.98,2.5,,1,Monthly Subscription,1,14.99,,,,Unknown,Woocommerce
588,682,08/01/2024,Backwell,South West,,GB,0,14.99,Shipping,GBP,£,2.99,0,17.98,2.5,,1,Monthly Subscription,1,14.99,,,,Unknown,Woocommerce
514,682,08/12/2023,Backwell,South West,,GB,0,14.99,Shipping,GBP,£,2.99,0,17.98,2.5,,1,Monthly Subscription,1,14.99,,,,Unknown,Woocommerce
292,682,20/08/2023,Backwell,South West,,GB,0,35.98,Shipping,GBP,£,2.99,0,38.97,5.99,,1,Two Months' Supply,1,35.98,,,,Unknown,Woocommerce
126,682,21/03/2023,Backwell,South West,,GB,0,29.98,Shipping,GBP,£,2.99,0,32.97,0,,1,Two Months' Supply,1,29.98,,,,Unknown,Woocommerce
872,683,08/04/2024,Hexham,North East,England,GB,0,35.98,Shipping,GBP,£,3.99,0,39.97,5.99,,1,8 Week Trial,1,35.98,,,,Unknown,Woocommerce
868,684,07/04/2024,Bristol,South West,England,GB,5,19.99,Shipping,GBP,£,2.99,0,17.98,2.5,,1,One Month's Supply,1,19.99,discount,5,0,Unknown,Woocommerce
860,685,04/04/2024,Bt47 2Ph,Northern Ireland,Londonderry,GB,0,35.98,Shipping,GBP,£,2.99,0,38.97,5.99,,1,Two Months' Supply,1,35.98,,,,Unknown,Woocommerce
859,686,04/04/2024,Troon,Scotland,Scotland,GB,9,35.98,Shipping,GBP,£,2.99,0,29.97,4.49,,1,8 Week Trial,1,35.98,discount,9,0,Unknown,Woocommerce
857,687,03/04/2024,Bratislava,Slovakia,Bratislavský kraj,SK,0,19.99,Shipping,GBP,£,6.99,0,26.98,4.5,,1,One Month's Supply,1,19.99,,,,Unknown,Woocommerce
854,688,02/04/2024,Cramlington,North East,England,GB,0,35.98,Shipping,GBP,£,3.99,0,39.97,5.99,,1,8 Week Trial,1,35.98,,,,Unknown,Woocommerce
695,688,15/02/2024,Cramlington,North East,,GB,0,35.98,Shipping,GBP,£,3.99,0,39.97,5.99,,1,8 Week Trial,1,35.98,,,,Unknown,Woocommerce
852,689,01/04/2024,Cambridge,East of England,UK,GB,9,35.98,Shipping,GBP,£,2.99,0,29.97,4.49,,1,Two Months' Supply,1,35.98,discount,9,0,Unknown,Woocommerce
848,690,31/03/2024,Swindon,South West,Wiltshire,GB,0,19.99,Shipping,GBP,£,3.99,0,23.98,3.33,,1,One Month's Supply,1,19.99,,,,Unknown,Woocommerce
762,690,06/03/2024,Swindon,South West,Wiltshire,GB,0,19.99,Shipping,GBP,£,3.99,0,23.98,3.33,,1,One Month's Supply,1,19.99,,,,Unknown,Woocommerce
846,691,31/03/2024,Crewe,North West,Cheshire,GB,9,35.98,Shipping,GBP,£,2.99,0,29.97,4.49,,1,Two Months' Supply,1,35.98,discount,9,0,Unknown,Woocommerce
843,692,30/03/2024,Edinburgh,Scotland,Scotland,GB,9,35.98,Shipping,GBP,£,3.99,0,30.97,4.49,,1,8 Week Trial,1,35.98,discount,9,0,Unknown,Woocommerce
842,693,30/03/2024,Chertsey,South East,Surrey,GB,0,35.98,Shipping,GBP,£,2.99,0,38.97,5.99,,1,Two Months' Supply,1,35.98,,,,Unknown,Woocommerce
840,694,29/03/2024,Exeter,South West,Devon,GB,0,14.99,Shipping,GBP,£,2.99,0,17.98,2.5,,1,Monthly Subscription,1,14.99,,,,Unknown,Woocommerce
743,694,29/02/2024,Exeter,South West,Devon,GB,0,14.99,Shipping,GBP,£,2.99,0,17.98,2.5,,1,Monthly Subscription,1,14.99,,,,Unknown,Woocommerce
650,694,29/01/2024,Exeter,South West,Devon,GB,0,14.99,Shipping,GBP,£,2.99,0,17.98,2.5,,1,Monthly Subscription,1,14.99,,,,Unknown,Woocommerce
557,694,29/12/2023,Exeter,South West,Devon,GB,0,14.99,Shipping,GBP,£,2.99,0,17.98,2.5,,1,Monthly Subscription,1,14.99,,,,Unknown,Woocommerce
495,694,29/11/2023,Exeter,South West,Devon,GB,0,14.99,Shipping,GBP,£,2.99,0,17.98,2.5,,1,Monthly Subscription,1,14.99,,,,Unknown,Woocommerce
414,694,29/10/2023,Exeter,South West,Devon,GB,0,14.99,Shipping,GBP,£,2.99,0,17.98,2.5,,1,Monthly Subscription,1,14.99,,,,Unknown,Woocommerce
348,694,29/09/2023,Exeter,South West,Devon,GB,0,14.99,Shipping,GBP,£,2.99,0,17.98,2.5,,1,Monthly Subscription,1,14.99,,,,Unknown,Woocommerce
301,694,29/08/2023,Exeter,South West,Devon,GB,0,14.99,Shipping,GBP,£,2.99,0,17.98,2.5,,1,Monthly Subscription,1,14.99,,,,Unknown,Woocommerce
235,694,02/07/2023,Exeter,South West,Devon,GB,0,29.98,Shipping,GBP,£,2.99,0,32.97,4.99,,1,Two Months' Supply,1,29.98,,,,Unknown,Woocommerce
839,695,29/03/2024,Bath,South West,Somerset,GB,0,35.98,Shipping,GBP,£,3.99,0,39.97,5.99,,1,Two Months' Supply,1,35.98,,,,Unknown,Woocommerce
405,695,25/10/2023,Bath,South West,Somerset,GB,0,35.98,Shipping,GBP,£,3.99,0,39.97,5.99,,1,Two Months' Supply,1,35.98,,,,Unknown,Woocommerce
300,695,28/08/2023,Bath,South West,Somerset,GB,0,35.98,Shipping,GBP,£,3.99,0,39.97,5.99,,1,Two Months' Supply,1,35.98,,,,Unknown,Woocommerce
267,695,27/07/2023,Bath,South West,Somerset,GB,0,29.98,Shipping,GBP,£,3.99,0,33.97,4.99,,1,Two Months' Supply,1,29.98,,,,Unknown,Woocommerce
837,696,28/03/2024,Bristol,South West,England,GB,0,19.99,Shipping,GBP,£,2.99,0,22.98,3.33,,1,One Month's Supply,1,19.99,,,,Unknown,Woocommerce
668,696,05/02/2024,Bristol,South West,England,GB,0,19.99,Shipping,GBP,£,2.99,0,22.98,3.33,,1,One Month's Supply,1,19.99,,,,Unknown,Woocommerce
558,696,31/12/2023,Bristol,South West,England,GB,0,19.99,Shipping,GBP,£,2.99,0,22.98,3.33,,1,One Month's Supply,1,19.99,,,,Unknown,Woocommerce
325,696,12/09/2023,Nailsea,South West,North Somerset,GB,0,19.99,Shipping,GBP,£,2.99,0,22.98,3.33,,1,One Month's Supply,1,19.99,,,,Unknown,Woocommerce
835,697,28/03/2024,Southampton,South East,England,GB,0,14.99,Shipping,GBP,£,2.99,0,17.98,2.5,,1,Monthly Subscription,1,14.99,,,,Unknown,Woocommerce
739,697,28/02/2024,Southampton,South East,England,GB,0,14.99,Shipping,GBP,£,2.99,0,17.98,2.5,,1,Monthly Subscription,1,14.99,,,,Unknown,Woocommerce
834,698,27/03/2024,Rickmansworth,South East,England,GB,0,19.99,Shipping,GBP,£,2.99,0,22.98,3.33,,1,One Month's Supply,1,19.99,,,,Unknown,Woocommerce
833,699,27/03/2024,Okehampton,South West,England,GB,9,35.98,Shipping,GBP,£,2.99,0,29.97,4.49,,1,8 Week Trial,1,35.98,discount,9,0,Unknown,Woocommerce
828,700,27/03/2024,Villabe,France,,FR,9,35.98,Shipping,GBP,£,9.99,0,36.97,6.16,,1,8 Week Trial,1,35.98,discount,9,0,Unknown,Woocommerce
824,701,25/03/2024,Scarborough,Yorkshire and the Humber,,GB,9,35.98,Shipping,GBP,£,2.99,0,29.97,4.49,,1,Two Months' Supply,1,35.98,discount,9,0,Unknown,Woocommerce
822,702,25/03/2024,Brecon,Wales,Powys,GB,0,35.98,Shipping,GBP,£,2.99,0,38.97,5.99,,1,Two Months' Supply,1,35.98,,,,Unknown,Woocommerce
812,703,22/03/2024,Stockton-On-Tees,North East,Yorkshire,GB,0,35.98,Shipping,GBP,£,3.99,0,39.97,5.99,,1,Two Months' Supply,1,35.98,,,,Unknown,Woocommerce
727,703,25/02/2024,Stockton-On-Tees,North East,County Durham,GB,5,19.99,Shipping,GBP,£,3.99,0,18.98,2.5,,1,One Month's Supply,1,19.99,discount,5,0,Unknown,Woocommerce
811,704,21/03/2024,Chester Le Street,North East,Select,GB,5,19.99,Shipping,GBP,£,2.99,0,17.98,2.5,,1,One Month's Supply,1,19.99,discount,5,0,Unknown,Woocommerce
809,705,20/03/2024,Šoštanj,Slovenia,Slovenia,SI,9,35.98,Shipping,GBP,£,9.99,0,36.97,6.67,,1,Two Months' Supply,1,35.98,discount,9,0,Unknown,Woocommerce
805,706,19/03/2024,Trowbridge,South West,Wiltshire,GB,5,19.99,Shipping,GBP,£,2.99,0,17.98,2.5,,1,One Month's Supply,1,19.99,discount,5,0,Unknown,Woocommerce
801,707,18/03/2024,Torpoint,South West,Cornwall,GB,9,35.98,Shipping,GBP,£,2.99,0,29.97,4.49,,1,8 Week Trial,1,35.98,discount,9,0,Unknown,Woocommerce
800,708,18/03/2024,Thornhill,Scotland,Scotland,GB,0,19.99,Shipping,GBP,£,2.99,0,22.98,3.33,,1,One Month's Supply,1,19.99,,,,Unknown,Woocommerce
798,709,18/03/2024,London,Greater London,England,GB,0,19.99,Shipping,GBP,£,2.99,0,22.98,3.33,,1,One Month's Supply,1,19.99,,,,Unknown,Woocommerce
797,710,17/03/2024,Farnham,South East,Surrey,GB,0,19.99,Shipping,GBP,£,2.99,0,22.98,3.33,,1,One Month's Supply,1,19.99,,,,Unknown,Woocommerce
795,711,16/03/2024,High Wycombe,South East,England,GB,9,35.98,Shipping,GBP,£,2.99,0,29.97,4.49,,1,8 Week Trial,1,35.98,discount,9,0,Unknown,Woocommerce
792,712,15/03/2024,Wolverhampton,West Midlands,West Midlands,GB,9,35.98,Shipping,GBP,£,2.99,0,29.97,4.49,,1,Two Months' Supply,1,35.98,discount,9,0,Unknown,Woocommerce
791,713,15/03/2024,Preston,North West,Lancashire,GB,9,35.98,Shipping,GBP,£,2.99,0,29.97,4.49,,1,8 Week Trial,1,35.98,discount,9,0,Unknown,Woocommerce
790,714,15/03/2024,London,Greater London,England,GB,41.22,164.89,Shipping,GBP,£,3.99,0,127.66,20.61,SQ0940587,1,Twelve months' supply,1,164.89,discount,41.22,0,Unknown,Woocommerce
789,715,14/03/2024,Worthing,South East,west sussex,GB,0,35.98,Shipping,GBP,£,3.99,0,39.97,5.99,,1,8 Week Trial,1,35.98,,,,Unknown,Woocommerce
786,716,13/03/2024,Stockton-On-Tees,North East,England,GB,0,35.98,Shipping,GBP,£,3.99,0,39.97,5.99,,1,Two Months' Supply,1,35.98,,,,Unknown,Woocommerce
785,717,13/03/2024,London,Greater London,England,GB,9,35.98,Shipping,GBP,£,2.99,0,29.97,4.49,,1,8 Week Trial,1,35.98,discount,9,0,Unknown,Woocommerce
784,718,13/03/2024,London,Greater London,England,GB,0,35.98,Shipping,GBP,£,2.99,0,38.97,5.99,,1,Two Months' Supply,1,35.98,,,,Unknown,Woocommerce
571,718,03/01/2024,London,Greater London,England,GB,0,35.98,Shipping,GBP,£,2.99,0,38.97,5.99,,1,Two Months' Supply,1,35.98,,,,Unknown,Woocommerce
321,718,11/09/2023,London,Greater London,England,GB,0,35.98,Shipping,GBP,£,2.99,0,38.97,5.99,,1,Two Months' Supply,1,35.98,,,,Unknown,Woocommerce
260,718,21/07/2023,London,Greater London,England,GB,0,29.98,Shipping,GBP,£,2.99,0,32.97,4.99,,1,Two Months' Supply,1,29.98,,,,Unknown,Woocommerce
780,719,12/03/2024,Rochford,East of England,Essex,GB,0,35.98,Shipping,GBP,£,2.99,0,38.97,5.99,,1,Two Months' Supply,1,35.98,,,,Unknown,Woocommerce
284,719,16/08/2023,Rochford,East of England,Essex,GB,9,35.98,Shipping,GBP,£,2.99,0,29.97,4.49,,1,Two Months' Supply,1,35.98,discount,9,0,Unknown,Woocommerce
779,720,12/03/2024,Cirencester,South West,England,GB,0,35.98,Shipping,GBP,£,2.99,0,38.97,5.99,,1,8 Week Trial,1,35.98,,,,Unknown,Woocommerce
777,721,12/03/2024,Cockermouth,North West,Cumbria,GB,9,35.98,Shipping,GBP,£,2.99,0,29.97,4.49,,1,Two Months' Supply,1,35.98,discount,9,0,Unknown,Woocommerce
774,722,11/03/2024,"Tividale, Oldbury",West Midlands,West Midlands,GB,0,35.98,Shipping,GBP,£,2.99,0,38.97,5.99,,1,Two Months' Supply,1,35.98,,,,Unknown,Woocommerce
773,723,10/03/2024,Newcastle Upon Tyne,North East,,GB,9,35.98,Shipping,GBP,£,3.99,0,30.97,4.49,,1,Two Months' Supply,1,35.98,discount,9,0,Unknown,Woocommerce
771,724,09/03/2024,Bromley,Greater London,England,GB,0,19.99,Shipping,GBP,£,2.99,0,22.98,3.33,,1,One Month's Supply,1,19.99,,,,Unknown,Woocommerce
770,725,09/03/2024,Radstock,South West,England,GB,0,19.99,Shipping,GBP,£,2.99,0,22.98,3.33,,1,One Month's Supply,1,19.99,,,,Unknown,Woocommerce
767,726,08/03/2024,Selby,Yorkshire and the Humber,North Yorkshire,GB,9,35.98,Shipping,GBP,£,3.99,0,30.97,4.49,,1,8 Week Trial,1,35.98,discount,9,0,Unknown,Woocommerce
759,727,06/03/2024,Stornoway,Scotland,Scotland,GB,9,35.98,Shipping,GBP,£,2.99,0,29.97,4.49,,1,Two Months' Supply,1,35.98,discount,9,0,Unknown,Woocommerce
757,728,06/03/2024,London,Greater London,England,GB,9,35.98,Shipping,GBP,£,3.99,0,30.97,4.49,,1,8 Week Trial,1,35.98,discount,9,0,Unknown,Woocommerce
753,729,04/03/2024,Radstock,South West,England,GB,0,35.98,Shipping,GBP,£,2.99,0,38.97,5.99,,1,Two Months' Supply,1,35.98,,,,Unknown,Woocommerce
751,730,03/03/2024,Bromyard,West Midlands,England,GB,0,19.99,Shipping,GBP,£,2.99,0,22.98,3.33,,1,One Month's Supply,1,19.99,,,,Unknown,Woocommerce
749,731,02/03/2024,Bucuresti Sectorul 6,Romania,București,RO,9,35.98,Shipping,GBP,£,9.99,0,36.97,5.9,,1,Two Months' Supply,1,35.98,discount,9,0,Unknown,Woocommerce
577,731,05/01/2024,Sector 6,Romania,București,RO,0,35.98,Shipping,GBP,£,6.99,0,42.97,6.86,,1,Two Months' Supply,1,35.98,,,,Unknown,Woocommerce
747,732,29/02/2024,London,Greater London,London,GB,0,35.98,Shipping,GBP,£,2.99,0,38.97,5.99,,1,8 Week Trial,1,35.98,,,,Unknown,Woocommerce
458,733,15/11/2023,Inverclyde,Scotland,,GB,0,35.98,Shipping,GBP,£,2.99,0,38.97,5.99,,1,Two Months' Supply,1,35.98,,,,Unknown,Woocommerce
745,733,29/02/2024,Portglasgow,Scotland,Inverclyde,GB,0,35.98,Shipping,GBP,£,2.99,0,38.97,5.99,,1,Two Months' Supply,1,35.98,,,,Unknown,Woocommerce
601,733,11/01/2024,Portglasgow,Scotland,Inverclyde,GB,0,19.99,Shipping,GBP,£,2.99,0,22.98,3.33,,1,One Month's Supply,1,19.99,,,,Unknown,Woocommerce
576,733,05/01/2024,Portglasgow,Scotland,Inverclyde,GB,0,19.99,Shipping,GBP,£,2.99,0,22.98,3.33,,1,One Month's Supply,1,19.99,,,,Unknown,Woocommerce
740,734,28/02/2024,Stockport,North West,England,GB,9,35.98,Shipping,GBP,£,2.99,0,29.97,4.49,,1,8 Week Trial,1,35.98,discount,9,0,Unknown,Woocommerce
737,735,27/02/2024,Abergavenny,Wales,Monmouthshire,GB,0,35.98,Shipping,GBP,£,3.99,0,39.97,5.99,,1,Two Months' Supply,1,35.98,,,,Unknown,Woocommerce
734,736,26/02/2024,Woking,South East,England,GB,0,35.98,Shipping,GBP,£,2.99,0,38.97,5.99,,1,Two Months' Supply,1,35.98,,,,Unknown,Woocommerce
532,736,15/12/2023,Woking,South East,England,GB,0,35.98,Shipping,GBP,£,2.99,0,38.97,5.99,,1,Two Months' Supply,1,35.98,,,,Unknown,Woocommerce
402,736,23/10/2023,Woking,South East,England,GB,0,35.98,Shipping,GBP,£,2.99,0,38.97,5.99,,1,Two Months' Supply,1,35.98,,,,Unknown,Woocommerce
728,737,25/02/2024,Reading,South East,,GB,0,35.98,Shipping,GBP,£,2.99,0,38.97,5.99,,1,8 Week Trial,1,35.98,,,,Unknown,Woocommerce
726,738,24/02/2024,North Baddesley,South East,Hampshire,GB,9,35.98,Shipping,GBP,£,2.99,0,29.97,4.49,,1,8 Week Trial,1,35.98,discount,9,0,Unknown,Woocommerce
715,739,22/02/2024,Stoke-On-Trent,West Midlands,England,GB,0,39.98,Shipping,GBP,£,3.99,0,43.97,6.66,,1,One Month's Supply,2,19.99,,,,Unknown,Woocommerce
647,739,28/01/2024,Stoke-On-Trent,West Midlands,England,GB,0,19.99,Shipping,GBP,£,2.99,0,22.98,3.33,,1,One Month's Supply,1,19.99,,,,Unknown,Woocommerce
579,739,06/01/2024,Stoke-On-Trent,West Midlands,England,GB,0,19.99,Shipping,GBP,£,2.99,0,22.98,3.33,,1,One Month's Supply,1,19.99,,,,Unknown,Woocommerce
710,740,20/02/2024,Alford,Scotland,Aberdeenshire,GB,9,35.98,Shipping,GBP,£,3.99,0,30.97,4.49,,1,8 Week Trial,1,35.98,discount,9,0,Unknown,Woocommerce
708,741,20/02/2024,Truro,South West,Cornwall,GB,9,35.98,Shipping,GBP,£,2.99,0,29.97,4.49,,1,Two Months' Supply,1,35.98,discount,9,0,Unknown,Woocommerce
707,742,20/02/2024,Wilmslow,North West,,GB,0,35.98,Shipping,GBP,£,2.99,0,38.97,5.99,,1,Two Months' Supply,1,35.98,,,,Unknown,Woocommerce
705,743,19/02/2024,Southall,Greater London,Middlesex,GB,41.22,164.89,Shipping,GBP,£,2.99,0,126.66,20.61,SQ0940587,1,Twelve months' supply,1,164.89,discount,41.22,0,Unknown,Woocommerce
702,744,18/02/2024,Birmingham,West Midlands,West Midlands,GB,9,35.98,Shipping,GBP,£,2.99,0,29.97,4.49,,1,Two Months' Supply,1,35.98,discount,9,0,Unknown,Woocommerce
699,745,18/02/2024,Portishead,South West,North Somerset,GB,9,35.98,Shipping,GBP,£,2.99,0,29.97,4.49,,1,8 Week Trial,1,35.98,discount,9,0,Unknown,Woocommerce
697,746,16/02/2024,London,Greater London,London,GB,0,19.99,Shipping,GBP,£,3.99,0,23.98,3.33,,1,One Month's Supply,1,19.99,,,,Unknown,Woocommerce
694,747,14/02/2024,Pershore,West Midlands,England,GB,0,35.98,Shipping,GBP,£,2.99,0,38.97,5.99,,1,8 Week Trial,1,35.98,,,,Unknown,Woocommerce
690,748,13/02/2024,Bristol,South West,England,GB,0,14.99,Shipping,GBP,£,2.99,0,17.98,2.5,,1,Monthly Subscription,1,14.99,,,,Unknown,Woocommerce
604,748,13/01/2024,Bristol,South West,England,GB,0,14.99,Shipping,GBP,£,2.99,0,17.98,2.5,,1,Monthly Subscription,1,14.99,,,,Unknown,Woocommerce
527,748,13/12/2023,Bristol,South West,England,GB,0,14.99,Shipping,GBP,£,2.99,0,17.98,2.5,,1,Monthly Subscription,1,14.99,,,,Unknown,Woocommerce
453,748,13/11/2023,Bristol,South West,England,GB,0,14.99,Shipping,GBP,£,2.99,0,17.98,2.5,,1,Monthly Subscription,1,14.99,,,,Unknown,Woocommerce
324,748,12/09/2023,Bristol,South West,England,GB,6,35.98,Shipping,GBP,£,2.99,0,32.97,4.99,,1,Two Months' Supply,1,35.98,discount,6,0,Unknown,Woocommerce
213,748,11/06/2023,Bristol,South West,Somerset,GB,0,29.98,Shipping,GBP,£,2.99,0,32.97,4.99,,1,Two Months' Supply,1,29.98,,,,Unknown,Woocommerce
136,748,29/03/2023,Bristol Bs82Ez,South West,Somerset,GB,0,29.98,Shipping,GBP,£,2.99,0,32.97,0,,1,Two Months' Supply,1,29.98,,,,Unknown,Woocommerce
50,748,18/01/2023,Bristol Bs82Ez,South West,Somerset,GB,0,29.98,Shipping,GBP,£,2.99,0,32.97,0,,1,Two Months' Supply,1,29.98,,,,Unknown,Woocommerce
687,749,11/02/2024,Zagreb,Croatia,Grad Zagreb,HR,0,35.98,Shipping,GBP,£,9.99,0,45.97,9.2,,1,8 Week Trial,1,35.98,,,,Unknown,Woocommerce
683,750,10/02/2024,Fleet,South East,England,GB,9,35.98,Shipping,GBP,£,2.99,0,29.97,4.49,,1,8 Week Trial,1,35.98,discount,9,0,Unknown,Woocommerce
682,751,10/02/2024,Riga,Latvia,,LV,9,35.98,Shipping,GBP,£,6.99,0,33.97,5.9,,1,8 Week Trial,1,35.98,discount,9,0,Unknown,Woocommerce
680,752,09/02/2024,Broadstone,South West,Dorset,GB,0,19.99,Shipping,GBP,£,2.99,0,22.98,3.33,,1,One Month's Supply,1,19.99,,,,Unknown,Woocommerce
673,753,07/02/2024,Ljubljana,Slovenia,Ljubljana,SI,9,35.98,Shipping,GBP,£,6.99,0,33.97,6.13,,1,Two Months' Supply,1,35.98,discount,9,0,Unknown,Woocommerce
671,754,06/02/2024,Lymington,South East,England,GB,0,14.99,Shipping,GBP,£,2.99,0,17.98,2.5,,1,Monthly Subscription,1,14.99,,,,Unknown,Woocommerce
443,754,11/11/2023,Lymington,South East,England,GB,9,35.98,Shipping,GBP,£,2.99,0,29.97,4.49,,1,Two Months' Supply,1,35.98,discount,9,0,Unknown,Woocommerce
670,755,06/02/2024,London,Greater London,,GB,0,19.99,Shipping,GBP,£,3.99,0,23.98,3.33,,1,One Month's Supply,1,19.99,,,,Unknown,Woocommerce
665,756,04/02/2024,Windsor,South East,England,GB,0,19.99,Shipping,GBP,£,2.99,0,22.98,3.33,,1,One Month's Supply,1,19.99,,,,Unknown,Woocommerce
663,757,04/02/2024,Bristol,South West,England,GB,0,164.89,Shipping,GBP,£,2.99,0,167.88,27.48,SQ0940587,1,Twelve months' supply,1,164.89,,,,Unknown,Woocommerce
436,757,07/11/2023,Bristol,South West,England,GB,0,14.99,Shipping,GBP,£,2.99,0,17.98,2.5,,1,Monthly Subscription,1,14.99,,,,Unknown,Woocommerce
364,757,07/10/2023,Bristol,South West,England,GB,0,14.99,Shipping,GBP,£,2.99,0,17.98,2.5,,1,Monthly Subscription,1,14.99,,,,Unknown,Woocommerce
307,757,02/09/2023,Harrow,Greater London,England,GB,6,35.98,Shipping,GBP,£,2.99,0,32.97,4.99,,1,Two Months' Supply,1,35.98,discount,6,0,Unknown,Woocommerce
249,757,10/07/2023,Harrow,Greater London,England,GB,0,29.98,Shipping,GBP,£,2.99,0,32.97,4.99,,1,Two Months' Supply,1,29.98,,,,Unknown,Woocommerce
188,757,19/05/2023,Harrow,Greater London,England,GB,0,29.98,Shipping,GBP,£,2.99,0,32.97,4.99,,1,Two Months' Supply,1,29.98,,,,Unknown,Woocommerce
152,757,14/04/2023,Harrow,Greater London,England,GB,0,29.98,Shipping,GBP,£,2.99,0,32.97,4.99,,1,Two Months' Supply,1,29.98,,,,Unknown,Woocommerce
92,757,26/02/2023,Harrow,Greater London,England,GB,0,29.98,Shipping,GBP,£,2.99,0,32.97,0,,1,Two Months' Supply,1,29.98,,,,Unknown,Woocommerce
1,757,30/10/2022,Harrow,Greater London,England,GB,0,29.98,Shipping,GBP,£,2.99,0,32.97,0,,1,Two Months' Supply,1,29.98,,,,Unknown,Woocommerce
662,758,04/02/2024,Bad Vilbel,Germany,Hes,DE,0,35.98,Shipping,GBP,£,6.99,0,42.97,6.86,,1,Two Months' Supply,1,35.98,,,,Unknown,Woocommerce
656,759,01/02/2024,Ballymena,Northern Ireland,Northern Ireland,GB,0,19.99,Shipping,GBP,£,2.99,0,22.98,3.33,,1,One Month's Supply,1,19.99,,,,Unknown,Woocommerce
655,760,31/01/2024,Sevenoaks,South East,Kent,GB,5,19.99,Shipping,GBP,£,2.99,0,17.98,2.5,,1,One Month's Supply,1,19.99,discount,5,0,Unknown,Woocommerce
654,761,31/01/2024,Essen,Germany,NRW,DE,0,14.99,Shipping,GBP,£,9.99,0,24.98,3.99,,1,Monthly Subscription,1,14.99,,,,Unknown,Woocommerce
559,761,31/12/2023,Essen,Germany,NRW,DE,0,14.99,Shipping,GBP,£,9.99,0,24.98,3.99,,1,Monthly Subscription,1,14.99,,,,Unknown,Woocommerce
512,761,06/12/2023,Essen,Germany,NRW,DE,0,14.99,Shipping,GBP,£,9.99,0,24.98,3.99,,1,Monthly Subscription,1,14.99,,,,Unknown,Woocommerce
483,761,26/11/2023,Essen,Germany,NRW,DE,0,14.99,Shipping,GBP,£,9.99,0,24.98,3.99,,1,Monthly Subscription,1,14.99,,,,Unknown,Woocommerce
653,762,31/01/2024,Onchan,Isle of Man,Isle of man,GB,0,19.99,Shipping,GBP,£,2.99,0,22.98,3.33,,1,One Month's Supply,1,19.99,,,,Unknown,Woocommerce
652,763,30/01/2024,Northwich,North West,Cheshire,GB,0,19.99,Shipping,GBP,£,3.99,0,23.98,3.33,,1,One Month's Supply,1,19.99,,,,Unknown,Woocommerce
651,764,29/01/2024,Wotton Under Edge,South West,Glos,GB,9,35.98,Shipping,GBP,£,2.99,0,29.97,4.49,,1,8 Week Trial,1,35.98,discount,9,0,Unknown,Woocommerce
649,765,28/01/2024,Nottingham,East Midlands,Nottinghamshire,GB,9,35.98,Shipping,GBP,£,3.99,0,30.97,4.49,,1,8 Week Trial,1,35.98,discount,9,0,Unknown,Woocommerce
646,766,27/01/2024,Coventry,West Midlands,England,GB,9,35.98,Shipping,GBP,£,2.99,0,29.97,4.49,,1,Two Months' Supply,1,35.98,discount,9,0,Unknown,Woocommerce
645,767,27/01/2024,Leeds,Yorkshire and the Humber,West Yorkshire,GB,41.22,164.89,Shipping,GBP,£,2.99,0,126.66,20.61,SQ0940587,1,Twelve months' supply,1,164.89,discount,41.22,0,Unknown,Woocommerce
643,768,27/01/2024,Friedberg (Hessen),Germany,HE,DE,0,35.98,Shipping,GBP,£,6.99,0,42.97,6.86,,1,8 Week Trial,1,35.98,,,,Unknown,Woocommerce
642,769,27/01/2024,Axminster,South West,devon,GB,0,35.98,Shipping,GBP,£,2.99,0,38.97,5.99,,1,8 Week Trial,1,35.98,,,,Unknown,Woocommerce
640,770,27/01/2024,Bristol,South West,England,GB,0,14.99,Shipping,GBP,£,2.99,0,17.98,2.5,,1,Monthly Subscription,1,14.99,,,,Unknown,Woocommerce
549,770,27/12/2023,Bristol,South West,England,GB,0,14.99,Shipping,GBP,£,2.99,0,17.98,2.5,,1,Monthly Subscription,1,14.99,,,,Unknown,Woocommerce
486,770,27/11/2023,Bristol,South West,England,GB,0,14.99,Shipping,GBP,£,2.99,0,17.98,2.5,,1,Monthly Subscription,1,14.99,,,,Unknown,Woocommerce
408,770,27/10/2023,Bristol,South West,England,GB,0,14.99,Shipping,GBP,£,2.99,0,17.98,2.5,,1,Monthly Subscription,1,14.99,,,,Unknown,Woocommerce
639,771,26/01/2024,Llanbradach,Wales,Wales,GB,9,35.98,Shipping,GBP,£,2.99,0,29.97,4.49,,1,8 Week Trial,1,35.98,discount,9,0,Unknown,Woocommerce
472,772,20/11/2023,Winscombe,South West,Somerset,GB,0,35.98,Shipping,GBP,£,2.99,0,38.97,5.99,,1,Two Months' Supply,1,35.98,,,,Unknown,Woocommerce
208,772,08/06/2023,Winscombe,South West,Somerset,GB,0,19.99,Shipping,GBP,£,2.99,0,22.98,3.33,,1,One Month's Supply,1,19.99,,,,Unknown,Woocommerce
636,772,26/01/2024,Winscombe. Somerset,South West,Somerset,GB,0,35.98,Shipping,GBP,£,2.99,0,38.97,5.99,,1,8 Week Trial,1,35.98,,,,Unknown,Woocommerce
634,773,25/01/2024,Farnham,South East,Surrey,GB,5,19.99,Shipping,GBP,£,2.99,0,17.98,2.5,,1,One Month's Supply,1,19.99,discount,5,0,Unknown,Woocommerce
630,774,23/01/2024,Solihull,West Midlands,West Midlands,GB,0,35.98,Shipping,GBP,£,2.99,0,38.97,5.99,,1,8 Week Trial,1,35.98,,,,Unknown,Woocommerce
622,775,19/01/2024,Wisbech,East of England,CAMBRIDGESHIRE,GB,9,35.98,Shipping,GBP,£,3.99,0,30.97,4.49,,1,8 Week Trial,1,35.98,discount,9,0,Unknown,Woocommerce
619,776,18/01/2024,Weymouth,South West,Dorset,GB,0,24.99,Shipping,GBP,£,2.99,0,27.98,4.17,,1,Ferrocalm Your Life,1,24.99,,,,Unknown,Woocommerce
617,777,17/01/2024,"Lambeth, London",Greater London,England,GB,17.99,71.96,Shipping,GBP,£,2.99,0,56.96,9,,1,Two Months' Supply,2,35.98,discount,17.99,0,Unknown,Woocommerce
615,778,16/01/2024,Glastonbury,South West,England,GB,41.22,164.89,Shipping,GBP,£,2.99,0,126.66,20.61,SQ0940587,1,Twelve months' supply,1,164.89,discount,41.22,0,Unknown,Woocommerce
200,778,30/05/2023,Glastonbury,South West,England,GB,8.99,89.94,Shipping,GBP,£,3.99,0,84.94,13.49,,1,Two Months' Supply,3,29.98,discount,8.99,0,Unknown,Woocommerce
128,778,23/03/2023,Glastonbury,South West,England,GB,6,59.96,Shipping,GBP,£,2.99,0,56.95,0,,1,Two Months' Supply,2,29.98,discount,6,0,Unknown,Woocommerce
63,778,19/01/2023,Glastonbury,South West,England,GB,0,29.98,Shipping,GBP,£,2.99,0,32.97,0,,1,Two Months' Supply,1,29.98,,,,Unknown,Woocommerce
614,779,16/01/2024,Glasgow,Scotland,Glasgow,GB,5,19.99,Shipping,GBP,£,2.99,0,17.98,2.5,,1,One Month's Supply,1,19.99,discount,5,0,Unknown,Woocommerce
613,780,16/01/2024,Leamington Spa,West Midlands,England,GB,9,35.98,Shipping,GBP,£,2.99,0,29.97,4.49,,1,Two Months' Supply,1,35.98,discount,9,0,Unknown,Woocommerce
612,781,15/01/2024,"St. Stephen-In-Brannel Cp, Cornwall",South West,England,GB,9,35.98,Shipping,GBP,£,3.99,0,30.97,4.49,,1,Two Months' Supply,1,35.98,discount,9,0,Unknown,Woocommerce
609,782,14/01/2024,Bristol,South West,BFP,GB,0,35.98,Shipping,GBP,£,2.99,0,38.97,5.99,,1,8 Week Trial,1,35.98,,,,Unknown,Woocommerce
607,783,14/01/2024,Dumfries,Scotland,,GB,0,35.98,Shipping,GBP,£,3.99,0,39.97,5.99,,1,Two Months' Supply,1,35.98,,,,Unknown,Woocommerce
595,784,10/01/2024,Chard,South West,Somerset,GB,0,35.98,Shipping,GBP,£,3.99,0,39.97,5.99,,1,Two Months' Supply,1,35.98,,,,Unknown,Woocommerce
594,785,10/01/2024,Worcester,West Midlands,Worcestershire,GB,0,35.98,Shipping,GBP,£,2.99,0,38.97,5.99,,1,Two Months' Supply,1,35.98,,,,Unknown,Woocommerce
400,785,22/10/2023,Worcester,West Midlands,Worcestershire,GB,9,35.98,Shipping,GBP,£,2.99,0,29.97,4.49,,1,Two Months' Supply,1,35.98,discount,9,0,Unknown,Woocommerce
593,786,09/01/2024,Amstelveen,Netherlands,,NL,0,35.98,Shipping,GBP,£,6.99,0,42.97,7.46,,1,Two Months' Supply,1,35.98,,,,Unknown,Woocommerce
590,787,09/01/2024,Middlesbrough,Yorkshire and the Humber,England,GB,0,164.89,Shipping,GBP,£,2.99,0,167.88,27.48,SQ0940587,1,Twelve months' supply,1,164.89,,,,Unknown,Woocommerce
509,787,06/12/2023,Middlesbrough,Yorkshire and the Humber,England,GB,0,19.99,Shipping,GBP,£,2.99,0,22.98,3.33,,1,One Month's Supply,1,19.99,,,,Unknown,Woocommerce
429,787,04/11/2023,Middlesbrough,Yorkshire and the Humber,Cleveland,GB,5,19.99,Shipping,GBP,£,2.99,0,17.98,2.5,,1,One Month's Supply,1,19.99,discount,5,0,Unknown,Woocommerce
396,787,19/10/2023,Middlesbrough,Yorkshire and the Humber,Cleveland,GB,5,19.99,Shipping,GBP,£,2.99,0,17.98,2.5,,1,One Month's Supply,1,19.99,discount,5,0,Unknown,Woocommerce
589,788,08/01/2024,Manchester,North West,England,GB,0,35.98,Shipping,GBP,£,3.99,0,39.97,5.99,,1,8 Week Trial,1,35.98,,,,Unknown,Woocommerce
587,789,08/01/2024,Middlesbrough,Yorkshire and the Humber,North Yorkshire,GB,9,35.98,Shipping,GBP,£,2.99,0,29.97,4.49,,1,Two Months' Supply,1,35.98,discount,9,0,Unknown,Woocommerce
585,790,07/01/2024,Canterbury,South East,Kent,GB,0,35.98,Shipping,GBP,£,2.99,0,38.97,5.99,,1,8 Week Trial,1,35.98,,,,Unknown,Woocommerce
584,791,07/01/2024,Carbis Bay,South West,St Ives,GB,0,19.99,Shipping,GBP,£,2.99,0,22.98,3.33,,1,One Month's Supply,1,19.99,,,,Unknown,Woocommerce
583,792,07/01/2024,"Lambeth, London",Greater London,England,GB,9,35.98,Shipping,GBP,£,2.99,0,29.97,4.49,,1,8 Week Trial,1,35.98,discount,9,0,Unknown,Woocommerce
582,793,07/01/2024,Bristol,South West,Avon,GB,0,164.89,Shipping,GBP,£,2.99,0,167.88,27.48,SQ0940587,1,Twelve months' supply,1,164.89,,,,Unknown,Woocommerce
266,793,27/07/2023,Bristol,South West,Avon,GB,0,29.98,Shipping,GBP,£,2.99,0,32.97,4.99,,1,Two Months' Supply,1,29.98,,,,Unknown,Woocommerce
186,793,16/05/2023,Bristol,South West,Avon,GB,0,29.98,Shipping,GBP,£,2.99,0,32.97,4.99,,1,Two Months' Supply,1,29.98,,,,Unknown,Woocommerce
581,794,06/01/2024,Västervik,Sweden,,SE,0,19.99,Shipping,GBP,£,6.99,0,26.98,5.4,,1,One Month's Supply,1,19.99,,,,Unknown,Woocommerce
572,795,04/01/2024,Liversedge,Yorkshire and the Humber,West Yorkshire,GB,9,35.98,Shipping,GBP,£,2.99,0,29.97,4.49,,1,8 Week Trial,1,35.98,discount,9,0,Unknown,Woocommerce
568,796,03/01/2024,Northolt,Greater London,Middlesex,GB,0,35.98,Shipping,GBP,£,2.99,0,38.97,5.99,,1,Two Months' Supply,1,35.98,,,,Unknown,Woocommerce
567,797,02/01/2024,Leven,Scotland,Fife,GB,0,35.98,Shipping,GBP,£,2.99,0,38.97,5.99,,1,8 Week Trial,1,35.98,,,,Unknown,Woocommerce
566,798,02/01/2024,"Hollington, Ashbourne",East Midlands,Derbyshire,GB,0,35.98,Shipping,GBP,£,2.99,0,38.97,5.99,,1,Two Months' Supply,1,35.98,,,,Unknown,Woocommerce
494,798,28/11/2023,"Hollington, Ashbourne",East Midlands,Derbyshire,GB,0,19.99,Shipping,GBP,£,2.99,0,22.98,3.33,,1,One Month's Supply,1,19.99,,,,Unknown,Woocommerce
565,799,02/01/2024,Bristol,South West,,GB,9,35.98,Shipping,GBP,£,3.99,0,30.97,4.49,,1,8 Week Trial,1,35.98,discount,9,0,Unknown,Woocommerce
547,800,26/12/2023,Gaillard,France,,FR,0,39.98,Shipping,GBP,£,6.99,0,46.97,7.83,,1,One Month's Supply,2,19.99,,,,Unknown,Woocommerce
544,801,25/12/2023,Corsham,South West,,GB,9,35.98,Shipping,GBP,£,2.99,0,29.97,4.49,,1,8 Week Trial,1,35.98,discount,9,0,Unknown,Woocommerce
541,802,21/12/2023,Bristol,South West,England,GB,0,35.98,Shipping,GBP,£,2.99,0,38.97,5.99,,1,Two Months' Supply,1,35.98,,,,Unknown,Woocommerce
539,803,20/12/2023,Biggleswade,East of England,England,GB,0,19.99,Shipping,GBP,£,2.99,0,22.98,3.33,,1,One Month's Supply,1,19.99,,,,Unknown,Woocommerce
538,804,20/12/2023,London,Greater London,England,GB,0,35.98,Shipping,GBP,£,3.99,0,39.97,5.99,,1,Two Months' Supply,1,35.98,,,,Unknown,Woocommerce
531,805,15/12/2023,Abingdon,South East,England,GB,0,19.99,Shipping,GBP,£,3.99,0,23.98,3.33,,1,One Month's Supply,1,19.99,,,,Unknown,Woocommerce
529,806,14/12/2023,Richmond,Greater London,Surrey,GB,9,35.98,Shipping,GBP,£,3.99,0,30.97,4.49,,1,8 Week Trial,1,35.98,discount,9,0,Unknown,Woocommerce
524,807,12/12/2023,Bristol,South West,England,GB,0,164.89,Shipping,GBP,£,2.99,0,167.88,27.48,SQ0940587,1,Twelve months' supply,1,164.89,,,,Unknown,Woocommerce
407,807,27/10/2023,Bristol,South West,England,GB,6,35.98,Shipping,GBP,£,2.99,0,32.97,4.99,,1,Two Months' Supply,1,35.98,discount,6,0,Unknown,Woocommerce
204,807,04/06/2023,Bristol,South West,England,GB,0,59.96,Shipping,GBP,£,3.99,0,63.95,10,,1,Two Months' Supply,2,29.98,,,,Unknown,Woocommerce
100,807,04/03/2023,Bristol,South West,England,GB,0,29.98,Shipping,GBP,£,2.99,0,32.97,0,,1,Two Months' Supply,1,29.98,,,,Unknown,Woocommerce
27,807,17/01/2023,Bristol,South West,England,GB,0,29.98,Shipping,GBP,£,3.99,0,33.97,0,,1,Two Months' Supply,1,29.98,,,,Unknown,Woocommerce
522,808,12/12/2023,Lisburn,Northern Ireland,County Down,GB,0,35.98,Shipping,GBP,£,2.99,0,38.97,5.99,,1,Two Months' Supply,1,35.98,,,,Unknown,Woocommerce
441,808,10/11/2023,Lisburn,Northern Ireland,County Down,GB,0,35.98,Shipping,GBP,£,2.99,0,38.97,5.99,,1,Two Months' Supply,1,35.98,,,,Unknown,Woocommerce
521,809,11/12/2023,Ruislip,Greater London,Middx,GB,0,19.99,Shipping,GBP,£,2.99,0,22.98,3.33,,1,One Month's Supply,1,19.99,,,,Unknown,Woocommerce
518,810,11/12/2023,Chard,South West,Somerset,GB,17.99,71.96,Shipping,GBP,£,3.99,0,57.96,9,,1,Two Months' Supply,2,35.98,discount,17.99,0,Unknown,Woocommerce
516,811,10/12/2023,Stafford,West Midlands,England,GB,0,19.99,Shipping,GBP,£,2.99,0,22.98,3.33,,1,One Month's Supply,1,19.99,,,,Unknown,Woocommerce
435,811,06/11/2023,Stafford,West Midlands,England,GB,0,19.99,Shipping,GBP,£,3.99,0,23.98,3.33,,1,One Month's Supply,1,19.99,,,,Unknown,Woocommerce
371,811,10/10/2023,Stafford,West Midlands,,GB,0,19.99,Shipping,GBP,£,3.99,0,23.98,3.33,,1,One Month's Supply,1,19.99,,,,Unknown,Woocommerce
513,812,07/12/2023,London,Greater London,,GB,0,71.96,Shipping,GBP,£,2.99,0,74.95,12,,1,Two Months' Supply,2,35.98,,,,Unknown,Woocommerce
399,812,20/10/2023,London,Greater London,,GB,9,35.98,Shipping,GBP,£,2.99,0,29.97,4.49,,1,Two Months' Supply,1,35.98,discount,9,0,Unknown,Woocommerce
507,813,05/12/2023,Bristol,South West,England,GB,9,35.98,Shipping,GBP,£,2.99,0,29.97,4.49,,1,Two Months' Supply,1,35.98,discount,9,0,Unknown,Woocommerce
503,814,04/12/2023,Pontyclun,Wales,Wales,GB,0,164.89,Shipping,GBP,£,3.99,0,168.88,27.48,SQ0940587,1,Twelve months' supply,1,164.89,,,,Unknown,Woocommerce
254,814,14/07/2023,Pontyclun,Wales,Wales,GB,0,29.98,Shipping,GBP,£,2.99,0,32.97,4.99,,1,Two Months' Supply,1,29.98,,,,Unknown,Woocommerce
496,815,30/11/2023,Stroud,South West,Gloucestershire,GB,0,35.98,Shipping,GBP,£,3.99,0,39.97,5.99,,1,Two Months' Supply,1,35.98,,,,Unknown,Woocommerce
212,815,10/06/2023,Stroud,South West,Gloucestershire,GB,0,29.98,Shipping,GBP,£,2.99,0,32.97,4.99,,1,Two Months' Supply,1,29.98,,,,Unknown,Woocommerce
151,815,13/04/2023,Stroud,South West,Gloucestershire,GB,0,29.98,Shipping,GBP,£,2.99,0,32.97,4.99,,1,Two Months' Supply,1,29.98,,,,Unknown,Woocommerce
47,815,18/01/2023,Stroud,South West,,GB,0,29.98,Shipping,GBP,£,2.99,0,32.97,0,,1,Two Months' Supply,1,29.98,,,,Unknown,Woocommerce
489,816,27/11/2023,Prudhoe,North East,,GB,9,35.98,Shipping,GBP,£,2.99,0,29.97,4.49,,1,Two Months' Supply,1,35.98,discount,9,0,Unknown,Woocommerce
487,817,27/11/2023,"Winchester, Hampshire",South East,Hampshire,GB,0,164.89,Shipping,GBP,£,2.99,0,167.88,27.48,SQ0940587,1,Twelve months' supply,1,164.89,,,,Unknown,Woocommerce
394,817,19/10/2023,"Winchester, Hampshire",South East,Hampshire,GB,0,35.98,Shipping,GBP,£,2.99,0,38.97,5.99,,1,Two Months' Supply,1,35.98,,,,Unknown,Woocommerce
485,818,26/11/2023,Matlock,East Midlands,England,GB,0,19.99,Shipping,GBP,£,2.99,0,22.98,3.33,,1,One Month's Supply,1,19.99,,,,Unknown,Woocommerce
343,818,25/09/2023,Matlock,East Midlands,Derbyshire,GB,9,35.98,Shipping,GBP,£,2.99,0,29.97,4.49,,1,Two Months' Supply,1,35.98,discount,9,0,Unknown,Woocommerce
484,819,26/11/2023,Llanbradach,Wales,,GB,9,35.98,Shipping,GBP,£,2.99,0,29.97,4.49,,1,Two Months' Supply,1,35.98,discount,9,0,Unknown,Woocommerce
480,820,23/11/2023,Coleraine,Northern Ireland,Derry,GB,41.22,164.89,Shipping,GBP,£,2.99,0,126.66,20.61,SQ0940587,1,Twelve months' supply,1,164.89,discount,41.22,0,Unknown,Woocommerce
479,821,23/11/2023,Clevedon,South West,North Somerset,GB,0,164.89,Shipping,GBP,£,2.99,0,167.88,27.48,SQ0940587,1,Twelve months' supply,1,164.89,,,,Unknown,Woocommerce
165,821,30/04/2023,Clevedon,South West,North Somerset,GB,0,89.94,Shipping,GBP,£,2.99,0,92.93,14.99,,1,Two Months' Supply,3,29.98,,,,Unknown,Woocommerce
94,821,27/02/2023,Clevedon,South West,North Somerset,GB,0,29.98,Shipping,GBP,£,2.99,0,32.97,0,,1,Two Months' Supply,1,29.98,,,,Unknown,Woocommerce
51,821,18/01/2023,Clevedon,South West,England,GB,0,29.98,Shipping,GBP,£,3.99,0,33.97,0,,1,Two Months' Supply,1,29.98,,,,Unknown,Woocommerce
478,822,23/11/2023,Bournemouth,South West,England,GB,9,35.98,Shipping,GBP,£,2.99,0,29.97,4.49,,1,Two Months' Supply,1,35.98,discount,9,0,Unknown,Woocommerce
477,823,23/11/2023,London,Greater London,,GB,0,164.89,Shipping,GBP,£,2.99,0,167.88,27.48,SQ0940587,1,Twelve months' supply,1,164.89,,,,Unknown,Woocommerce
471,823,19/11/2023,London,Greater London,,GB,0,14.99,Shipping,GBP,£,2.99,0,17.98,2.5,,1,Monthly Subscription,1,14.99,,,,Unknown,Woocommerce
393,823,19/10/2023,London,Greater London,,GB,0,14.99,Shipping,GBP,£,2.99,0,17.98,2.5,,1,Monthly Subscription,1,14.99,,,,Unknown,Woocommerce
316,823,07/09/2023,London,Greater London,,GB,9,35.98,Shipping,GBP,£,2.99,0,29.97,4.49,,1,Two Months' Supply,1,35.98,discount,9,0,Unknown,Woocommerce
476,824,22/11/2023,Bath,South West,England,GB,0,164.89,Shipping,GBP,£,2.99,0,167.88,27.48,SQ0940587,1,Twelve months' supply,1,164.89,,,,Unknown,Woocommerce
302,824,31/08/2023,Bath,South West,England,GB,9,35.98,Shipping,GBP,£,2.99,0,29.97,4.49,,1,Two Months' Supply,1,35.98,discount,9,0,Unknown,Woocommerce
245,824,05/07/2023,Bath,South West,England,GB,0,29.98,Shipping,GBP,£,2.99,0,32.97,4.99,,1,Two Months' Supply,1,29.98,,,,Unknown,Woocommerce
43,824,18/01/2023,Bristol,South West,England,GB,0,29.98,Shipping,GBP,£,2.99,0,32.97,0,,1,Two Months' Supply,1,29.98,,,,Unknown,Woocommerce
475,825,21/11/2023,Southport,North West,Merseyside,GB,9,35.98,Shipping,GBP,£,3.99,0,30.97,4.49,,1,Two Months' Supply,1,35.98,discount,9,0,Unknown,Woocommerce
473,826,21/11/2023,Taunton,South West,Somerset,GB,0,35.98,Shipping,GBP,£,2.99,0,38.97,5.99,,1,Two Months' Supply,1,35.98,,,,Unknown,Woocommerce
365,826,08/10/2023,Taunton,South West,Somerset,GB,0,35.98,Shipping,GBP,£,2.99,0,38.97,5.99,,1,Two Months' Supply,1,35.98,,,,Unknown,Woocommerce
469,827,18/11/2023,Wrexham,Wales,Flintshire,GB,0,35.98,Shipping,GBP,£,3.99,0,39.97,5.99,,1,Two Months' Supply,1,35.98,,,,Unknown,Woocommerce
464,828,18/11/2023,Huddersfield,Yorkshire and the Humber,England,GB,9,35.98,Shipping,GBP,£,2.99,0,29.97,4.49,,1,Two Months' Supply,1,35.98,discount,9,0,Unknown,Woocommerce
463,829,17/11/2023,Workington,North West,England,GB,9,35.98,Shipping,GBP,£,3.99,0,30.97,4.49,,1,Two Months' Supply,1,35.98,discount,9,0,Unknown,Woocommerce
401,829,23/10/2023,Workington,North West,England,GB,0,19.99,Shipping,GBP,£,3.99,0,23.98,3.33,,1,One Month's Supply,1,19.99,,,,Unknown,Woocommerce
462,830,17/11/2023,Preston,North West,Lancashire,GB,0,35.98,Shipping,GBP,£,2.99,0,38.97,5.99,,1,Two Months' Supply,1,35.98,,,,Unknown,Woocommerce
457,831,14/11/2023,Shipston-On-Stour,West Midlands,Warks,GB,0,35.98,Shipping,GBP,£,2.99,0,38.97,5.99,,1,Two Months' Supply,1,35.98,,,,Unknown,Woocommerce
379,832,12/10/2023,Gillingham,South East,,GB,0,19.99,Shipping,GBP,£,2.99,0,22.98,3.33,,1,One Month's Supply,1,19.99,,,,Unknown,Woocommerce
454,832,13/11/2023,"Rainham, Gillingham",South East,kent,GB,0,164.89,Shipping,GBP,£,2.99,0,167.88,27.48,SQ0940587,1,Twelve months' supply,1,164.89,,,,Unknown,Woocommerce
452,833,13/11/2023,Bristol,South West,Avon,GB,0,164.89,Shipping,GBP,£,2.99,0,167.88,27.48,SQ0940587,1,Twelve months' supply,1,164.89,,,,Unknown,Woocommerce
72,833,25/01/2023,Bristol,South West,Avon,GB,0,29.98,Shipping,GBP,£,2.99,0,32.97,0,,1,Two Months' Supply,1,29.98,,,,Unknown,Woocommerce
450,834,12/11/2023,Southall,Greater London,Middlesex,GB,9,35.98,Shipping,GBP,£,3.99,0,30.97,4.49,,1,Two Months' Supply,1,35.98,discount,9,0,Unknown,Woocommerce
449,835,12/11/2023,Asthall,South East,Oxon,GB,0,19.99,Shipping,GBP,£,2.99,0,22.98,3.33,,1,One Month's Supply,1,19.99,,,,Unknown,Woocommerce
361,835,07/10/2023,Asthall,South East,,GB,5,19.99,Shipping,GBP,£,2.99,0,17.98,2.5,,1,One Month's Supply,1,19.99,discount,5,0,Unknown,Woocommerce
314,835,06/09/2023,Asthall,South East,Oxon,GB,0,19.99,Shipping,GBP,£,2.99,0,22.98,3.33,,1,One Month's Supply,1,19.99,,,,Unknown,Woocommerce
281,835,13/08/2023,Asthall,South East,,GB,0,19.99,Shipping,GBP,£,3.99,0,23.98,3.33,,1,One Month's Supply,1,19.99,,,,Unknown,Woocommerce
275,835,08/08/2023,Asthall,South East,Oxon,GB,0,19.99,Shipping,GBP,£,3.99,0,23.98,3.33,,1,One Month's Supply,1,19.99,,,,Unknown,Woocommerce
448,836,12/11/2023,Essen,Germany,NRW,DE,0,35.98,Shipping,GBP,£,9.99,0,45.97,7.34,,1,Two Months' Supply,1,35.98,,,,Unknown,Woocommerce
446,837,11/11/2023,Skibby,Denmark,,DK,0,35.98,Shipping,GBP,£,6.99,0,42.97,8.6,,1,Two Months' Supply,1,35.98,,,,Unknown,Woocommerce
445,838,11/11/2023,Bury St. Edmunds,East of England,Suffolk,GB,9,35.98,Shipping,GBP,£,2.99,0,29.97,4.49,,1,Two Months' Supply,1,35.98,discount,9,0,Unknown,Woocommerce
438,839,09/11/2023,Hamburg,Germany,HH,DE,0,35.98,Shipping,GBP,£,6.99,0,42.97,6.86,,1,Two Months' Supply,1,35.98,,,,Unknown,Woocommerce
437,840,07/11/2023,London,Greater London,,GB,9,35.98,Shipping,GBP,£,2.99,0,29.97,4.49,,1,Two Months' Supply,1,35.98,discount,9,0,Unknown,Woocommerce
377,840,11/10/2023,London,Greater London,London,GB,0,19.99,Shipping,GBP,£,2.99,0,22.98,3.33,,1,One Month's Supply,1,19.99,,,,Unknown,Woocommerce
430,841,04/11/2023,Buxton,East Midlands,Derbyshire,GB,0,19.99,Shipping,GBP,£,2.99,0,22.98,3.33,,1,One Month's Supply,1,19.99,,,,Unknown,Woocommerce
428,842,03/11/2023,"Up Hatherley, Cheltenham",South West,United Kingdom (+44),GB,0,19.99,Shipping,GBP,£,2.99,0,22.98,3.33,,1,One Month's Supply,1,19.99,,,,Unknown,Woocommerce
423,843,01/11/2023,Greater Manchester,North West,,GB,0,19.99,Shipping,GBP,£,2.99,0,22.98,3.33,,1,One Month's Supply,1,19.99,,,,Unknown,Woocommerce
422,844,01/11/2023,Bude,South West,Cornwall,GB,0,35.98,Shipping,GBP,£,2.99,0,38.97,5.99,,1,Two Months' Supply,1,35.98,,,,Unknown,Woocommerce
224,845,20/06/2023,Buxton,East Midlands,England,GB,0,29.98,Shipping,GBP,£,2.99,0,32.97,4.99,,1,Two Months' Supply,1,29.98,,,,Unknown,Woocommerce
159,845,25/04/2023,Buxton,East Midlands,Derbyshire,GB,0,29.98,Shipping,GBP,£,2.99,0,32.97,4.99,,1,Two Months' Supply,1,29.98,,,,Unknown,Woocommerce
419,845,31/10/2023,Tideswell,East Midlands,Derbyshire,GB,0,164.89,Shipping,GBP,£,2.99,0,167.88,27.48,SQ0940587,1,Twelve months' supply,1,164.89,,,,Unknown,Woocommerce
115,845,10/03/2023,Tideswell,East Midlands,Derbyshire,GB,0,29.98,Shipping,GBP,£,2.99,0,32.97,0,,1,Two Months' Supply,1,29.98,,,,Unknown,Woocommerce
418,846,31/10/2023,Watford,South East,England,GB,9,35.98,Shipping,GBP,£,3.99,0,30.97,4.49,,1,Two Months' Supply,1,35.98,discount,9,0,Unknown,Woocommerce
417,847,30/10/2023,Altrincham,North West,Cheshire,GB,9,35.98,Shipping,GBP,£,2.99,0,29.97,4.49,,1,Two Months' Supply,1,35.98,discount,9,0,Unknown,Woocommerce
415,848,29/10/2023,Claverham,South West,North Somerset,GB,5,19.99,Shipping,GBP,£,2.99,0,17.98,2.5,,1,One Month's Supply,1,19.99,discount,5,0,Unknown,Woocommerce
413,849,29/10/2023,Ashtead,South East,England,GB,0,19.99,Shipping,GBP,£,2.99,0,22.98,3.33,,1,One Month's Supply,1,19.99,,,,Unknown,Woocommerce
412,850,28/10/2023,Birmingham,West Midlands,England,GB,0,35.98,Shipping,GBP,£,2.99,0,38.97,5.99,,1,Two Months' Supply,1,35.98,,,,Unknown,Woocommerce
410,851,28/10/2023,London,Greater London,,GB,0,19.99,Shipping,GBP,£,2.99,0,22.98,3.33,,1,One Month's Supply,1,19.99,,,,Unknown,Woocommerce
406,852,25/10/2023,Hessle,Yorkshire and the Humber,East Yorkshire,GB,9,35.98,Shipping,GBP,£,2.99,0,29.97,4.49,,1,Two Months' Supply,1,35.98,discount,9,0,Unknown,Woocommerce
404,853,24/10/2023,Helston,South West,Cornwall,GB,9,35.98,Shipping,GBP,£,2.99,0,29.97,4.49,,1,Two Months' Supply,1,35.98,discount,9,0,Unknown,Woocommerce
358,853,05/10/2023,Helston,South West,Cornwall,GB,0,35.98,Shipping,GBP,£,2.99,0,38.97,5.99,,1,Two Months' Supply,1,35.98,,,,Unknown,Woocommerce
398,854,20/10/2023,Chelmsford,East of England,England,GB,0,35.98,Shipping,GBP,£,2.99,0,38.97,5.99,,1,Two Months' Supply,1,35.98,,,,Unknown,Woocommerce
392,855,18/10/2023,South Petherton,South West,,GB,9,35.98,Shipping,GBP,£,2.99,0,29.97,4.49,,1,Two Months' Supply,1,35.98,discount,9,0,Unknown,Woocommerce
390,856,17/10/2023,Tewkesbury,South West,England,GB,0,19.99,Shipping,GBP,£,2.99,0,22.98,3.33,,1,One Month's Supply,1,19.99,,,,Unknown,Woocommerce
388,857,16/10/2023,Bratislava,Slovakia,Bratislavský kraj,SK,0,35.98,Shipping,GBP,£,9.99,0,45.97,7.66,,1,Two Months' Supply,1,35.98,,,,Unknown,Woocommerce
387,858,15/10/2023,Harrogate,Yorkshire and the Humber,England,GB,9,35.98,Shipping,GBP,£,2.99,0,29.97,4.49,,1,Two Months' Supply,1,35.98,discount,9,0,Unknown,Woocommerce
385,859,14/10/2023,Aberdeen,Scotland,Scotland,GB,9,35.98,Shipping,GBP,£,3.99,0,30.97,4.49,,1,Two Months' Supply,1,35.98,discount,9,0,Unknown,Woocommerce
383,860,13/10/2023,Aylesbury,South East,Bucks,GB,9,35.98,Shipping,GBP,£,2.99,0,29.97,4.49,,1,Two Months' Supply,1,35.98,discount,9,0,Unknown,Woocommerce
374,861,11/10/2023,Cork,Ireland,Cork,IE,0,19.99,Shipping,GBP,£,6.99,0,26.98,5.05,,1,One Month's Supply,1,19.99,,,,Unknown,Woocommerce
373,862,11/10/2023,Sutton,Greater London,England,GB,0,35.98,Shipping,GBP,£,2.99,0,38.97,5.99,,1,Two Months' Supply,1,35.98,,,,Unknown,Woocommerce
372,863,11/10/2023,Stamford,East Midlands,Lincs,GB,0,35.98,Shipping,GBP,£,3.99,0,39.97,5.99,,1,Two Months' Supply,1,35.98,,,,Unknown,Woocommerce
369,864,10/10/2023,Bristol,South West,England,GB,9,35.98,Shipping,GBP,£,2.99,0,29.97,4.49,,1,Two Months' Supply,1,35.98,discount,9,0,Unknown,Woocommerce
367,865,09/10/2023,West Drayton,Greater London,United Kingdom,GB,0,71.96,Shipping,GBP,£,3.99,0,75.95,12,,1,Two Months' Supply,2,35.98,,,,Unknown,Woocommerce
366,866,08/10/2023,Ludlow,West Midlands,Shropshire,GB,9,35.98,Shipping,GBP,£,2.99,0,29.97,4.49,,1,Two Months' Supply,1,35.98,discount,9,0,Unknown,Woocommerce
356,867,04/10/2023,Gillingham,South East,Kent,GB,0,35.98,Shipping,GBP,£,2.99,0,38.97,5.99,,1,Two Months' Supply,1,35.98,,,,Unknown,Woocommerce
253,867,14/07/2023,Gillingham,South East,Kent,GB,0,29.98,Shipping,GBP,£,2.99,0,32.97,4.99,,1,Two Months' Supply,1,29.98,,,,Unknown,Woocommerce
141,867,02/04/2023,Rochester,South East,Kent,GB,0,29.98,Shipping,GBP,£,2.99,0,32.97,0,,1,Two Months' Supply,1,29.98,,,,Unknown,Woocommerce
354,868,02/10/2023,Bristol,South West,County (optional),GB,0,19.99,Shipping,GBP,£,2.99,0,22.98,3.33,,1,One Month's Supply,1,19.99,,,,Unknown,Woocommerce
350,869,01/10/2023,Wakefield,Yorkshire and the Humber,England,GB,0,35.98,Shipping,GBP,£,2.99,0,38.97,5.99,,1,Two Months' Supply,1,35.98,,,,Unknown,Woocommerce
282,869,14/08/2023,Wakefield,Yorkshire and the Humber,England,GB,0,35.98,Shipping,GBP,£,3.99,0,39.97,5.99,,1,Two Months' Supply,1,35.98,,,,Unknown,Woocommerce
264,870,25/07/2023,St Albans,South East,England,GB,0,29.98,Shipping,GBP,£,3.99,0,33.97,4.99,,1,Two Months' Supply,1,29.98,,,,Unknown,Woocommerce
349,870,01/10/2023,St Alban'S,South East,Hertfordshire,GB,0,14.99,Shipping,GBP,£,2.99,0,17.98,2.5,,1,Monthly Subscription,1,14.99,,,,Unknown,Woocommerce
345,871,26/09/2023,London,Greater London,England,GB,9,35.98,Shipping,GBP,£,2.99,0,29.97,4.49,,1,Two Months' Supply,1,35.98,discount,9,0,Unknown,Woocommerce
341,872,24/09/2023,Rueil-Malmaison,France,IDF,FR,0,35.98,Shipping,GBP,£,6.99,0,42.97,7.16,,1,Two Months' Supply,1,35.98,,,,Unknown,Woocommerce
340,873,24/09/2023,Sheffield,Yorkshire and the Humber,England,GB,6,35.98,Shipping,GBP,£,2.99,0,32.97,4.99,,1,Two Months' Supply,1,35.98,discount,6,0,Unknown,Woocommerce
339,874,24/09/2023,Haywards Heath,South East,WEST SUSSEX,GB,9,35.98,Shipping,GBP,£,2.99,0,29.97,4.49,,1,Two Months' Supply,1,35.98,discount,9,0,Unknown,Woocommerce
337,875,18/09/2023,Bristol,South West,Avon,GB,0,35.98,Shipping,GBP,£,2.99,0,38.97,5.99,,1,Two Months' Supply,1,35.98,,,,Unknown,Woocommerce
336,876,18/09/2023,Bristol,South West,,GB,0,35.98,Shipping,GBP,£,3.99,0,39.97,5.99,,1,Two Months' Supply,1,35.98,,,,Unknown,Woocommerce
334,877,18/09/2023,Peterborough,East of England,Cambs,GB,9,35.98,Shipping,GBP,£,3.99,0,30.97,4.49,,1,Two Months' Supply,1,35.98,discount,9,0,Unknown,Woocommerce
333,878,17/09/2023,Northampton,East Midlands,England,GB,0,19.99,Shipping,GBP,£,2.99,0,22.98,3.33,,1,One Month's Supply,1,19.99,,,,Unknown,Woocommerce
332,879,17/09/2023,"Bletchley, Milton Keynes",South East,England,GB,9,35.98,Shipping,GBP,£,2.99,0,29.97,4.49,,1,Two Months' Supply,1,35.98,discount,9,0,Unknown,Woocommerce
331,880,16/09/2023,Cambridge,East of England,Cambridgeshire,GB,9,35.98,Shipping,GBP,£,2.99,0,29.97,4.49,,1,Two Months' Supply,1,35.98,discount,9,0,Unknown,Woocommerce
330,881,14/09/2023,Beagh (Kearns),Ireland,MN,IE,0,35.98,Shipping,GBP,£,6.99,0,42.97,8.04,,1,Two Months' Supply,1,35.98,,,,Unknown,Woocommerce
7,881,04/11/2022,Craigavon,Northern Ireland,Northern Ireland,GB,0,19.99,Shipping,GBP,£,2.99,0,22.98,0,,1,One Month's Supply,1,19.99,,,,Unknown,Woocommerce
109,881,07/03/2023,Lurgan,Northern Ireland,Craigavon,GB,0,29.98,Shipping,GBP,£,2.99,0,32.97,0,,1,Two Months' Supply,1,29.98,,,,Unknown,Woocommerce
328,882,14/09/2023,Bath,South West,England,GB,0,35.98,Shipping,GBP,£,2.99,0,38.97,5.99,,1,Two Months' Supply,1,35.98,,,,Unknown,Woocommerce
327,883,14/09/2023,Gosport,South East,England,GB,0,35.98,Shipping,GBP,£,2.99,0,38.97,5.99,,1,Two Months' Supply,1,35.98,,,,Unknown,Woocommerce
261,883,22/07/2023,Gosport,South East,England,GB,0,29.98,Shipping,GBP,£,2.99,0,32.97,4.99,,1,Two Months' Supply,1,29.98,,,,Unknown,Woocommerce
326,884,13/09/2023,Matlock,East Midlands,Derbyshire,GB,0,19.99,Shipping,GBP,£,2.99,0,22.98,3.33,,1,One Month's Supply,1,19.99,,,,Unknown,Woocommerce
319,885,09/09/2023,Sandbach,North West,Select,GB,0,35.98,Shipping,GBP,£,2.99,0,38.97,5.99,,1,Two Months' Supply,1,35.98,,,,Unknown,Woocommerce
318,886,07/09/2023,Alkmaar,Netherlands,Nederland,NL,0,35.98,Shipping,GBP,£,6.99,0,42.97,7.46,,1,Two Months' Supply,1,35.98,,,,Unknown,Woocommerce
317,887,07/09/2023,Bristol,South West,,GB,6,35.98,Shipping,GBP,£,2.99,0,32.97,4.99,,1,Two Months' Supply,1,35.98,discount,6,0,Unknown,Woocommerce
238,887,02/07/2023,Bristol,South West,,GB,4.5,29.98,Shipping,GBP,£,2.99,0,28.47,4.24,,1,Two Months' Supply,1,29.98,discount,4.5,0,Unknown,Woocommerce
181,887,10/05/2023,Bristol,South West,,GB,4.5,29.98,Shipping,GBP,£,2.99,0,28.47,4.24,,1,Two Months' Supply,1,29.98,discount,4.5,0,Unknown,Woocommerce
69,887,23/01/2023,Bristol,South West,,GB,0,29.98,Shipping,GBP,£,2.99,0,32.97,0,,1,Two Months' Supply,1,29.98,,,,Unknown,Woocommerce
312,888,04/09/2023,Clitheroe,North West,Lancashire,GB,5,19.99,Shipping,GBP,£,2.99,0,17.98,2.5,,1,One Month's Supply,1,19.99,discount,5,0,Unknown,Woocommerce
310,889,03/09/2023,Wakefield,Yorkshire and the Humber,England,GB,9,35.98,Shipping,GBP,£,2.99,0,29.97,4.49,,1,Two Months' Supply,1,35.98,discount,9,0,Unknown,Woocommerce
252,889,13/07/2023,Wakefield,Yorkshire and the Humber,England,GB,0,29.98,Shipping,GBP,£,2.99,0,32.97,4.99,,1,Two Months' Supply,1,29.98,,,,Unknown,Woocommerce
304,890,01/09/2023,København,Denmark,,DK,0,35.98,Shipping,GBP,£,6.99,0,42.97,8.6,,1,Two Months' Supply,1,35.98,,,,Unknown,Woocommerce
214,890,13/06/2023,København,Denmark,,DK,3,29.98,Shipping,GBP,£,6.99,0,33.97,6.8,,1,Two Months' Supply,1,29.98,discount,3,0,Unknown,Woocommerce
298,891,26/08/2023,Tumba,Sweden,Stockholms län,SE,0,19.99,Shipping,GBP,£,6.99,0,26.98,5.4,,1,One Month's Supply,1,19.99,,,,Unknown,Woocommerce
297,892,25/08/2023,Benfleet,East of England,Essex,GB,0,35.98,Shipping,GBP,£,3.99,0,39.97,5.99,,1,Two Months' Supply,1,35.98,,,,Unknown,Woocommerce
295,893,24/08/2023,Cascais,Portugal,Lisboa,PT,0,35.98,Shipping,GBP,£,6.99,0,42.97,8.04,,1,Two Months' Supply,1,35.98,,,,Unknown,Woocommerce
293,894,21/08/2023,Bristol,South West,England,GB,6,35.98,Shipping,GBP,£,2.99,0,32.97,4.99,,1,Two Months' Supply,1,35.98,discount,6,0,Unknown,Woocommerce
210,894,09/06/2023,Bristol,South West,England,GB,0,59.96,Shipping,GBP,£,2.99,0,62.95,10,,1,Two Months' Supply,2,29.98,,,,Unknown,Woocommerce
131,894,24/03/2023,Bristol,South West,Avon,GB,0,29.98,Shipping,GBP,£,2.99,0,32.97,0,,1,Two Months' Supply,1,29.98,,,,Unknown,Woocommerce
291,895,20/08/2023,Truro,South West,Cornwall,GB,9,35.98,Shipping,GBP,£,3.99,0,30.97,4.49,,1,Two Months' Supply,1,35.98,discount,9,0,Unknown,Woocommerce
287,896,17/08/2023,Dublin,Ireland,Dublin,IE,0,35.98,Shipping,GBP,£,6.99,0,42.97,8.04,,1,Two Months' Supply,1,35.98,,,,Unknown,Woocommerce
285,897,16/08/2023,Plymouth,South West,England,GB,0,35.98,Shipping,GBP,£,2.99,0,38.97,5.99,,1,Two Months' Supply,1,35.98,,,,Unknown,Woocommerce
283,898,15/08/2023,Kraków,Poland,,PL,0,35.98,Shipping,GBP,£,6.99,0,42.97,8.04,,1,Two Months' Supply,1,35.98,,,,Unknown,Woocommerce
280,899,11/08/2023,Glasgow,Scotland,,GB,0,35.98,Shipping,GBP,£,3.99,0,39.97,5.99,,1,Two Months' Supply,1,35.98,,,,Unknown,Woocommerce
227,899,23/06/2023,Glasgow,Scotland,,GB,0,29.98,Shipping,GBP,£,3.99,0,33.97,4.99,,1,Two Months' Supply,1,29.98,,,,Unknown,Woocommerce
278,900,11/08/2023,London,Greater London,London,GB,9,35.98,Shipping,GBP,£,2.99,0,29.97,4.49,,1,Two Months' Supply,1,35.98,discount,9,0,Unknown,Woocommerce
277,901,11/08/2023,Vilnius,Lithuania,Vilniaus apskr.,LT,9,35.98,Shipping,GBP,£,6.99,0,33.97,5.9,,1,Two Months' Supply,1,35.98,discount,9,0,Unknown,Woocommerce
274,902,05/08/2023,Weston-Super-Mare,South West,England,GB,6,35.98,Shipping,GBP,£,2.99,0,32.97,4.99,,1,Two Months' Supply,1,35.98,discount,6,0,Unknown,Woocommerce
202,902,01/06/2023,Weston-Super-Mare,South West,England,GB,0,29.98,Shipping,GBP,£,2.99,0,32.97,4.99,,1,Two Months' Supply,1,29.98,,,,Unknown,Woocommerce
122,902,14/03/2023,Weston-Super-Mare,South West,England,GB,0,29.98,Shipping,GBP,£,2.99,0,32.97,0,,1,Two Months' Supply,1,29.98,,,,Unknown,Woocommerce
269,903,29/07/2023,Bristol,South West,England,GB,0,89.94,Shipping,GBP,£,2.99,0,92.93,14.99,,1,Two Months' Supply,3,29.98,,,,Unknown,Woocommerce
268,904,29/07/2023,Bristol,South West,Gloucestershire,GB,0,29.98,Shipping,GBP,£,2.99,0,32.97,4.99,,1,Two Months' Supply,1,29.98,,,,Unknown,Woocommerce
229,904,26/06/2023,Bristol,South West,Gloucestershire,GB,0,19.99,Shipping,GBP,£,2.99,0,22.98,3.33,,1,One Month's Supply,1,19.99,,,,Unknown,Woocommerce
265,905,26/07/2023,Amsterdam,Netherlands,Nederland,NL,0,59.96,Shipping,GBP,£,6.99,0,66.95,11.62,,1,Two Months' Supply,2,29.98,,,,Unknown,Woocommerce
263,906,24/07/2023,Loughborough,East Midlands,England,GB,0,29.98,Shipping,GBP,£,2.99,0,32.97,4.99,,1,Two Months' Supply,1,29.98,,,,Unknown,Woocommerce
262,907,23/07/2023,Leeds,Yorkshire and the Humber,United Kingdom,GB,0,29.98,Shipping,GBP,£,2.99,0,32.97,4.99,,1,Two Months' Supply,1,29.98,,,,Unknown,Woocommerce
258,908,19/07/2023,Sevenoaks,South East,Kent,GB,0,29.98,Shipping,GBP,£,3.99,0,33.97,4.99,,1,Two Months' Supply,1,29.98,,,,Unknown,Woocommerce
221,908,19/06/2023,Sevenoaks,South East,Kent,GB,0,19.99,Shipping,GBP,£,3.99,0,23.98,3.33,,1,One Month's Supply,1,19.99,,,,Unknown,Woocommerce
257,909,16/07/2023,Preston,North West,England,GB,0,29.98,Shipping,GBP,£,3.99,0,33.97,4.99,,1,Two Months' Supply,1,29.98,,,,Unknown,Woocommerce
256,910,15/07/2023,Plymouth,South West,,GB,0,29.98,Shipping,GBP,£,2.99,0,32.97,4.99,,1,Two Months' Supply,1,29.98,,,,Unknown,Woocommerce
255,911,14/07/2023,Cardiff,Wales,Wales,GB,0,59.96,Shipping,GBP,£,3.99,0,63.95,10,,1,Two Months' Supply,2,29.98,,,,Unknown,Woocommerce
250,912,13/07/2023,Leatherhead,South East,Surrey,GB,0,29.98,Shipping,GBP,£,3.99,0,33.97,4.99,,1,Two Months' Supply,1,29.98,,,,Unknown,Woocommerce
246,913,09/07/2023,London,Greater London,England,GB,0,29.98,Shipping,GBP,£,3.99,0,33.97,4.99,,1,Two Months' Supply,1,29.98,,,,Unknown,Woocommerce
149,913,09/04/2023,London,Greater London,,GB,0,29.98,Shipping,GBP,£,2.99,0,32.97,0,,1,Two Months' Supply,1,29.98,,,,Unknown,Woocommerce
112,913,08/03/2023,London,Greater London,England,GB,0,29.98,Shipping,GBP,£,2.99,0,32.97,0,,1,Two Months' Supply,1,29.98,,,,Unknown,Woocommerce
82,913,07/02/2023,London,Greater London,England,GB,0,29.98,Shipping,GBP,£,3.99,0,33.97,0,,1,Two Months' Supply,1,29.98,,,,Unknown,Woocommerce
243,914,05/07/2023,Egham,South East,Surrey,GB,0,29.98,Shipping,GBP,£,2.99,0,32.97,4.99,,1,Two Months' Supply,1,29.98,,,,Unknown,Woocommerce
242,915,05/07/2023,Dooradoyle,Ireland,Limerick,IE,0,59.96,Shipping,GBP,£,9.99,0,69.95,13.08,,1,Two Months' Supply,2,29.98,,,,Unknown,Woocommerce
209,915,08/06/2023,Dooradoyle,Ireland,LK,IE,0,29.98,Shipping,GBP,£,6.99,0,36.97,6.92,,1,Two Months' Supply,1,29.98,,,,Unknown,Woocommerce
241,916,04/07/2023,Rugeley,West Midlands,Staffordshire,GB,0,29.98,Shipping,GBP,£,2.99,0,32.97,4.99,,1,Two Months' Supply,1,29.98,,,,Unknown,Woocommerce
161,916,26/04/2023,Rugeley,West Midlands,Staffordshire,GB,0,29.98,Shipping,GBP,£,2.99,0,32.97,4.99,,1,Two Months' Supply,1,29.98,,,,Unknown,Woocommerce
239,917,02/07/2023,Brighton,South East,,GB,0,29.98,Shipping,GBP,£,2.99,0,32.97,4.99,,1,Two Months' Supply,1,29.98,,,,Unknown,Woocommerce
236,918,02/07/2023,Exeter,South West,Devon,GB,3,29.98,Shipping,GBP,£,2.99,0,29.97,4.49,,1,Two Months' Supply,1,29.98,discount,3,0,Unknown,Woocommerce
234,919,28/06/2023,Bristol,South West,England,GB,0,29.98,Shipping,GBP,£,2.99,0,32.97,4.99,,1,Two Months' Supply,1,29.98,,,,Unknown,Woocommerce
233,920,27/06/2023,Berwickshire,Scotland,Scottish borders,GB,3,29.98,Shipping,GBP,£,3.99,0,30.97,4.49,,1,Two Months' Supply,1,29.98,discount,3,0,Unknown,Woocommerce
231,921,27/06/2023,London,Greater London,,GB,0,59.96,Shipping,GBP,£,2.99,0,62.95,10,,1,Two Months' Supply,2,29.98,,,,Unknown,Woocommerce
217,921,15/06/2023,London,Greater London,,GB,0,19.99,Shipping,GBP,£,3.99,0,23.98,3.33,,1,One Month's Supply,1,19.99,,,,Unknown,Woocommerce
228,922,25/06/2023,Swindon,South West,Wiltshire,GB,0,29.98,Shipping,GBP,£,2.99,0,32.97,4.99,,1,Two Months' Supply,1,29.98,,,,Unknown,Woocommerce
226,923,22/06/2023,Ramsgate,South East,England,GB,3,29.98,Shipping,GBP,£,2.99,0,29.97,4.49,,1,Two Months' Supply,1,29.98,discount,3,0,Unknown,Woocommerce
225,924,20/06/2023,Exeter,South West,England,GB,0,19.99,Shipping,GBP,£,2.99,0,22.98,3.33,,1,One Month's Supply,1,19.99,,,,Unknown,Woocommerce
223,925,20/06/2023,Brindisi,Italy,Puglia,IT,0,29.98,Shipping,GBP,£,6.99,0,36.97,6.67,,1,Two Months' Supply,1,29.98,,,,Unknown,Woocommerce
222,926,19/06/2023,Malmö,Sweden,,SE,0,29.98,Shipping,GBP,£,9.99,0,39.97,8,,1,Two Months' Supply,1,29.98,,,,Unknown,Woocommerce
125,926,19/03/2023,Malmö,Sweden,,SE,0,29.98,Shipping,GBP,£,6.99,0,36.97,0,,1,Two Months' Supply,1,29.98,,,,Unknown,Woocommerce
220,927,18/06/2023,Johanneshov,Sweden,,SE,3,29.98,Shipping,GBP,£,6.99,0,33.97,6.8,,1,Two Months' Supply,1,29.98,discount,3,0,Unknown,Woocommerce
216,928,14/06/2023,Bristol,South West,Bristol,GB,3,29.98,Shipping,GBP,£,3.99,0,30.97,4.49,,1,Two Months' Supply,1,29.98,discount,3,0,Unknown,Woocommerce
215,929,13/06/2023,Nösund,Sweden,Västra Götalands län,SE,0,29.98,Shipping,GBP,£,6.99,0,36.97,7.4,,1,Two Months' Supply,1,29.98,,,,Unknown,Woocommerce
205,930,04/06/2023,London,Greater London,Greater London,GB,0,29.98,Shipping,GBP,£,2.99,0,32.97,4.99,,1,Two Months' Supply,1,29.98,,,,Unknown,Woocommerce
203,931,03/06/2023,Bradford,Yorkshire and the Humber,West Yorkshire,GB,0,29.98,Shipping,GBP,£,2.99,0,32.97,4.99,,1,Two Months' Supply,1,29.98,,,,Unknown,Woocommerce
201,932,31/05/2023,Plzeň,Czech Republic,,CZ,0,29.98,Shipping,GBP,£,6.99,0,36.97,6.41,,1,Two Months' Supply,1,29.98,,,,Unknown,Woocommerce
199,933,30/05/2023,Liskeard,South West,Cornwall,GB,0,29.98,Shipping,GBP,£,2.99,0,32.97,4.99,,1,Two Months' Supply,1,29.98,,,,Unknown,Woocommerce
70,933,23/01/2023,Liskeard,South West,Cornwall,GB,0,29.98,Shipping,GBP,£,2.99,0,32.97,0,,1,Two Months' Supply,1,29.98,,,,Unknown,Woocommerce
198,934,30/05/2023,Paris,France,,FR,0,29.98,Shipping,GBP,£,6.99,0,36.97,6.16,,1,Two Months' Supply,1,29.98,,,,Unknown,Woocommerce
166,934,30/04/2023,Paris,France,,FR,0,19.99,Shipping,GBP,£,6.99,0,26.98,3.33,,1,One Month's Supply,1,19.99,,,,Unknown,Woocommerce
196,935,24/05/2023,Tyrone,Northern Ireland,Tyrone,GB,0,29.98,Shipping,GBP,£,2.99,0,32.97,4.99,,1,Two Months' Supply,1,29.98,,,,Unknown,Woocommerce
195,936,23/05/2023,London,Greater London,London,GB,0,29.98,Shipping,GBP,£,3.99,0,33.97,4.99,,1,Two Months' Supply,1,29.98,,,,Unknown,Woocommerce
194,937,23/05/2023,Warlingham,South East,England,GB,3,29.98,Shipping,GBP,£,2.99,0,29.97,4.49,,1,Two Months' Supply,1,29.98,discount,3,0,Unknown,Woocommerce
192,938,22/05/2023,Winscombe,South West,North Somerset,GB,8.99,89.94,Shipping,GBP,£,2.99,0,83.94,13.49,,1,Two Months' Supply,3,29.98,discount,8.99,0,Unknown,Woocommerce
191,939,21/05/2023,Walton-On-Thames,South East,England,GB,0,19.99,Shipping,GBP,£,2.99,0,22.98,3.33,,1,One Month's Supply,1,19.99,,,,Unknown,Woocommerce
190,940,20/05/2023,Dessau-Roßlau,Germany,SA,DE,0,59.96,Shipping,GBP,£,9.99,0,69.95,11.18,,1,Two Months' Supply,2,29.98,,,,Unknown,Woocommerce
119,940,11/03/2023,Dessau-Roßlau,Germany,SA,DE,0,29.98,Shipping,GBP,£,6.99,0,36.97,0,,1,Two Months' Supply,1,29.98,,,,Unknown,Woocommerce
187,941,17/05/2023,Chepstow,Wales,England,GB,0,19.99,Shipping,GBP,£,2.99,0,22.98,3.33,,1,One Month's Supply,1,19.99,,,,Unknown,Woocommerce
185,942,15/05/2023,London,Greater London,England,GB,0,29.98,Shipping,GBP,£,2.99,0,32.97,4.99,,1,Two Months' Supply,1,29.98,,,,Unknown,Woocommerce
184,943,14/05/2023,Cardiff,Wales,Wales,GB,0,29.98,Shipping,GBP,£,2.99,0,32.97,4.99,,1,Two Months' Supply,1,29.98,,,,Unknown,Woocommerce
183,944,14/05/2023,Pontypridd,Wales,Wales,GB,0,59.96,Shipping,GBP,£,2.99,0,62.95,10,,1,Two Months' Supply,2,29.98,,,,Unknown,Woocommerce
182,945,12/05/2023,Pontyclun,Wales,Wales,GB,0,29.98,Shipping,GBP,£,2.99,0,32.97,4.99,,1,Two Months' Supply,1,29.98,,,,Unknown,Woocommerce
180,946,10/05/2023,Bristol,South West,Avon,GB,3,29.98,Shipping,GBP,£,2.99,0,29.97,4.49,,1,Two Months' Supply,1,29.98,discount,3,0,Unknown,Woocommerce
178,947,08/05/2023,West Kirby,North West,Wirral,GB,0,29.98,Shipping,GBP,£,2.99,0,32.97,4.99,,1,Two Months' Supply,1,29.98,,,,Unknown,Woocommerce
177,948,08/05/2023,Egham,South East,England,GB,0,29.98,Shipping,GBP,£,2.99,0,32.97,4.99,,1,Two Months' Supply,1,29.98,,,,Unknown,Woocommerce
176,949,07/05/2023,London,Greater London,England,GB,0,29.98,Shipping,GBP,£,2.99,0,32.97,4.99,,1,Two Months' Supply,1,29.98,,,,Unknown,Woocommerce
174,950,06/05/2023,Bristol,South West,UK,GB,0,29.98,Shipping,GBP,£,3.99,0,33.97,4.99,,1,Two Months' Supply,1,29.98,,,,Unknown,Woocommerce
172,951,03/05/2023,Wooler,North East,,GB,3,29.98,Shipping,GBP,£,2.99,0,29.97,4.49,,1,Two Months' Supply,1,29.98,discount,3,0,Unknown,Woocommerce
170,952,03/05/2023,Southampton,South East,Hampshire,GB,3,29.98,Shipping,GBP,£,2.99,0,29.97,4.49,,1,Two Months' Supply,1,29.98,discount,3,0,Unknown,Woocommerce
169,953,03/05/2023,Hindhead,South East,Surrey,GB,0,29.98,Shipping,GBP,£,2.99,0,32.97,4.99,,1,Two Months' Supply,1,29.98,,,,Unknown,Woocommerce
167,954,02/05/2023,Gillingham,South East,Dorset,GB,3,29.98,Shipping,GBP,£,3.99,0,30.97,4.49,,1,Two Months' Supply,1,29.98,discount,3,0,Unknown,Woocommerce
164,955,29/04/2023,London,Greater London,England,GB,0,29.98,Shipping,GBP,£,3.99,0,33.97,4.99,,1,Two Months' Supply,1,29.98,,,,Unknown,Woocommerce
163,956,26/04/2023,Shefford,East of England,Bedfordshire,GB,0,29.98,Shipping,GBP,£,2.99,0,32.97,4.99,,1,Two Months' Supply,1,29.98,,,,Unknown,Woocommerce
162,957,26/04/2023,Berlin,Germany,BE,DE,0,29.98,Shipping,GBP,£,9.99,0,39.97,4.78,,1,Two Months' Supply,1,29.98,,,,Unknown,Woocommerce
160,958,26/04/2023,Chipping Norton,South East,Oxfordshire,GB,3,29.98,Shipping,GBP,£,2.99,0,29.97,4.49,,1,Two Months' Supply,1,29.98,discount,3,0,Unknown,Woocommerce
158,959,19/04/2023,Martock,South West,England,GB,0,29.98,Shipping,GBP,£,2.99,0,32.97,4.99,,1,Two Months' Supply,1,29.98,,,,Unknown,Woocommerce
157,960,18/04/2023,Budapest,Hungary,,HU,0,29.98,Shipping,GBP,£,9.99,0,39.97,6.37,,1,Two Months' Supply,1,29.98,,,,Unknown,Woocommerce
156,961,17/04/2023,"Ridgeway, Sheffield",Yorkshire and the Humber,,GB,0,29.98,Shipping,GBP,£,3.99,0,33.97,4.99,,1,Two Months' Supply,1,29.98,,,,Unknown,Woocommerce
155,962,17/04/2023,Bristol,South West,England,GB,0,29.98,Shipping,GBP,£,2.99,0,32.97,4.99,,1,Two Months' Supply,1,29.98,,,,Unknown,Woocommerce
153,963,14/04/2023,Bristol,South West,England,GB,0,59.96,Shipping,GBP,£,3.99,0,63.95,10,,1,Two Months' Supply,2,29.98,,,,Unknown,Woocommerce
150,964,11/04/2023,Ballindalloch,Scotland,Scotland,GB,0,29.98,Shipping,GBP,£,2.99,0,32.97,4.99,,1,Two Months' Supply,1,29.98,,,,Unknown,Woocommerce
148,965,07/04/2023,Berlin,Germany,,DE,0,29.98,Shipping,GBP,£,6.99,0,36.97,0,,1,Two Months' Supply,1,29.98,,,,Unknown,Woocommerce
147,966,07/04/2023,Glasgow,Scotland,Scotland,GB,3,29.98,Shipping,GBP,£,3.99,0,30.97,0,,1,Two Months' Supply,1,29.98,discount,3,0,Unknown,Woocommerce
146,967,06/04/2023,Bristol,South West,,GB,0,29.98,Shipping,GBP,£,2.99,0,32.97,0,,1,Two Months' Supply,1,29.98,,,,Unknown,Woocommerce
144,968,04/04/2023,Skelmorlie,Scotland,Ayrshire,GB,0,29.98,Shipping,GBP,£,3.99,0,33.97,0,,1,Two Months' Supply,1,29.98,,,,Unknown,Woocommerce
142,969,03/04/2023,Vlodrop,Netherlands,Limburg,NL,0,29.98,Shipping,GBP,£,6.99,0,36.97,0,,1,Two Months' Supply,1,29.98,,,,Unknown,Woocommerce
116,969,10/03/2023,Vlodrop,Netherlands,Limburg,NL,0,19.99,Shipping,GBP,£,6.99,0,26.98,0,,1,One Month's Supply,1,19.99,,,,Unknown,Woocommerce
133,969,27/03/2023,Woodbridge,East of England,Suffolk,GB,0,29.98,Shipping,GBP,£,3.99,0,33.97,0,,1,Two Months' Supply,1,29.98,,,,Unknown,Woocommerce
140,970,30/03/2023,Saltford,South West,,GB,3,29.98,Shipping,GBP,£,2.99,0,29.97,0,,1,Two Months' Supply,1,29.98,discount,3,0,Unknown,Woocommerce
139,971,30/03/2023,Middlesbrough,Yorkshire and the Humber,England,GB,0,29.98,Shipping,GBP,£,2.99,0,32.97,0,,1,Two Months' Supply,1,29.98,,,,Unknown,Woocommerce
138,972,30/03/2023,"Farnham,",South East,Surrey,GB,0,29.98,Shipping,GBP,£,2.99,0,32.97,0,,1,Two Months' Supply,1,29.98,,,,Unknown,Woocommerce
137,973,29/03/2023,Glasgow,Scotland,,GB,0,59.96,Shipping,GBP,£,3.99,0,63.95,0,,1,Two Months' Supply,2,29.98,,,,Unknown,Woocommerce
135,974,29/03/2023,Dorking,South East,England,GB,0,29.98,Shipping,GBP,£,3.99,0,33.97,0,,1,Two Months' Supply,1,29.98,,,,Unknown,Woocommerce
134,975,28/03/2023,London,Greater London,England,GB,0,29.98,Shipping,GBP,£,2.99,0,32.97,0,,1,Two Months' Supply,1,29.98,,,,Unknown,Woocommerce
132,976,25/03/2023,Bristol,South West,Gloucestershire,GB,0,19.99,Shipping,GBP,£,2.99,0,22.98,0,,1,One Month's Supply,1,19.99,,,,Unknown,Woocommerce
130,977,24/03/2023,Bristol,South West,BRISTOL,GB,0,29.98,Shipping,GBP,£,2.99,0,32.97,0,,1,Two Months' Supply,1,29.98,,,,Unknown,Woocommerce
73,977,29/01/2023,Bristol,South West,,GB,0,29.98,Shipping,GBP,£,2.99,0,32.97,0,,1,Two Months' Supply,1,29.98,,,,Unknown,Woocommerce
129,978,23/03/2023,Kingston,South East,,GB,0,29.98,Shipping,GBP,£,2.99,0,32.97,0,,1,Two Months' Supply,1,29.98,,,,Unknown,Woocommerce
127,979,22/03/2023,Winscombe,South West,North Somerset,GB,0,29.98,Shipping,GBP,£,2.99,0,32.97,0,,1,Two Months' Supply,1,29.98,,,,Unknown,Woocommerce
54,979,18/01/2023,Winscombe,South West,North Somerset,GB,0,29.98,Shipping,GBP,£,2.99,0,32.97,0,,1,Two Months' Supply,1,29.98,,,,Unknown,Woocommerce
123,980,15/03/2023,Baldock,East of England,England,GB,0,29.98,Shipping,GBP,£,2.99,0,32.97,0,,1,Two Months' Supply,1,29.98,,,,Unknown,Woocommerce
120,981,12/03/2023,Pegeia,Cyprus,,CY,0,29.98,Shipping,GBP,£,6.99,0,36.97,0,,1,Two Months' Supply,1,29.98,,,,Unknown,Woocommerce
118,982,10/03/2023,Bristol,South West,England,GB,0,19.99,Shipping,GBP,£,2.99,0,22.98,0,,1,One Month's Supply,1,19.99,,,,Unknown,Woocommerce
117,983,10/03/2023,Dyssegård,Denmark,,DK,0,59.96,Shipping,GBP,£,6.99,0,66.95,0,,1,Two Months' Supply,2,29.98,,,,Unknown,Woocommerce
113,984,09/03/2023,London,Greater London,England,GB,0,29.98,Shipping,GBP,£,2.99,0,32.97,0,,1,Two Months' Supply,1,29.98,,,,Unknown,Woocommerce
111,985,07/03/2023,Newton Abbot,South West,Outside US/Canada/Australia,GB,0,19.99,Shipping,GBP,£,3.99,0,23.98,0,,1,One Month's Supply,1,19.99,,,,Unknown,Woocommerce
110,986,07/03/2023,Harrogate,Yorkshire and the Humber,England,GB,0,29.98,Shipping,GBP,£,2.99,0,32.97,0,,1,Two Months' Supply,1,29.98,,,,Unknown,Woocommerce
108,987,07/03/2023,Ilminster,South West,Somerset,GB,0,29.98,Shipping,GBP,£,2.99,0,32.97,0,,1,Two Months' Supply,1,29.98,,,,Unknown,Woocommerce
106,988,06/03/2023,Coulsdon,Greater London,,GB,0,29.98,Shipping,GBP,£,2.99,0,32.97,0,,1,Two Months' Supply,1,29.98,,,,Unknown,Woocommerce
105,989,06/03/2023,London,Greater London,England,GB,0,29.98,Shipping,GBP,£,2.99,0,32.97,0,,1,Two Months' Supply,1,29.98,,,,Unknown,Woocommerce
104,990,06/03/2023,London,Greater London,,GB,0,29.98,Shipping,GBP,£,2.99,0,32.97,0,,1,Two Months' Supply,1,29.98,,,,Unknown,Woocommerce
102,991,06/03/2023,Bristol,South West,,GB,0,29.98,Shipping,GBP,£,3.99,0,33.97,0,,1,Two Months' Supply,1,29.98,,,,Unknown,Woocommerce
101,992,05/03/2023,Waterlooville,South East,Hants,GB,0,29.98,Shipping,GBP,£,2.99,0,32.97,0,,1,Two Months' Supply,1,29.98,,,,Unknown,Woocommerce
98,993,03/03/2023,Hove,South East,East Sussex,GB,0,29.98,Shipping,GBP,£,2.99,0,32.97,0,,1,Two Months' Supply,1,29.98,,,,Unknown,Woocommerce
97,994,03/03/2023,London,Greater London,England,GB,0,29.98,Shipping,GBP,£,2.99,0,32.97,0,,1,Two Months' Supply,1,29.98,,,,Unknown,Woocommerce
96,995,03/03/2023,Ashford,South East,Middlesex,GB,0,29.98,Shipping,GBP,£,3.99,0,33.97,0,,1,Two Months' Supply,1,29.98,,,,Unknown,Woocommerce
95,996,27/02/2023,Bristol,South West,,GB,0,59.96,Shipping,GBP,£,2.99,0,62.95,0,,1,Two Months' Supply,2,29.98,,,,Unknown,Woocommerce
38,996,17/01/2023,Bristol,South West,Bristol,GB,0,59.96,Shipping,GBP,£,2.99,0,62.95,0,,1,Two Months' Supply,2,29.98,,,,Unknown,Woocommerce
93,997,26/02/2023,Weston-Super-Mare,South West,England,GB,0,29.98,Shipping,GBP,£,2.99,0,32.97,0,,1,Two Months' Supply,1,29.98,,,,Unknown,Woocommerce
89,998,20/02/2023,Bristol,South West,England,GB,0,29.98,Shipping,GBP,£,2.99,0,32.97,0,,1,Two Months' Supply,1,29.98,,,,Unknown,Woocommerce
88,999,17/02/2023,Bristol,South West,Bristol,GB,0,29.98,Shipping,GBP,£,3.99,0,33.97,0,,1,Two Months' Supply,1,29.98,,,,Unknown,Woocommerce
87,1000,12/02/2023,Bibury,South West,Gloucestershire,GB,0,29.98,Shipping,GBP,£,2.99,0,32.97,0,,1,Two Months' Supply,1,29.98,,,,Unknown,Woocommerce
86,1001,10/02/2023,Fleet,South East,England,GB,0,29.98,Shipping,GBP,£,2.99,0,32.97,0,,1,Two Months' Supply,1,29.98,,,,Unknown,Woocommerce
84,1002,08/02/2023,Redland,South West,Bristol,GB,0,29.98,Shipping,GBP,£,2.99,0,32.97,0,,1,Two Months' Supply,1,29.98,,,,Unknown,Woocommerce
83,1003,08/02/2023,Motherwell,Scotland,Scotland,GB,0,19.99,Shipping,GBP,£,2.99,0,22.98,0,,1,One Month's Supply,1,19.99,,,,Unknown,Woocommerce
81,1004,06/02/2023,London,Greater London,United Kingdom,GB,0,29.98,Shipping,GBP,£,3.99,0,33.97,0,,1,Two Months' Supply,1,29.98,,,,Unknown,Woocommerce
80,1005,06/02/2023,London,Greater London,,GB,0,29.98,Shipping,GBP,£,2.99,0,32.97,0,,1,Two Months' Supply,1,29.98,,,,Unknown,Woocommerce
79,1006,05/02/2023,Rochester,South East,Kent,GB,0,29.98,Shipping,GBP,£,2.99,0,32.97,0,,1,Two Months' Supply,1,29.98,,,,Unknown,Woocommerce
78,1007,04/02/2023,Caerphilly,Wales,Wales,GB,0,29.98,Shipping,GBP,£,2.99,0,32.97,0,,1,Two Months' Supply,1,29.98,,,,Unknown,Woocommerce
76,1008,02/02/2023,Stratford Upon Avon,West Midlands,Warks,GB,0,29.98,Shipping,GBP,£,2.99,0,32.97,0,,1,Two Months' Supply,1,29.98,,,,Unknown,Woocommerce
71,1009,24/01/2023,Bristol,South West,,GB,0,19.99,Shipping,GBP,£,2.99,0,22.98,0,,1,One Month's Supply,1,19.99,,,,Unknown,Woocommerce
68,1010,21/01/2023,Yate,South West,GB,GB,0,19.99,Shipping,GBP,£,2.99,0,22.98,0,,1,One Month's Supply,1,19.99,,,,Unknown,Woocommerce
67,1011,21/01/2023,Bristol,South West,England,GB,0,59.96,Shipping,GBP,£,2.99,0,62.95,0,,1,Two Months' Supply,2,29.98,,,,Unknown,Woocommerce
65,1012,20/01/2023,Bristol,South West,Bristol,GB,0,29.98,Shipping,GBP,£,2.99,0,32.97,0,,1,Two Months' Supply,1,29.98,,,,Unknown,Woocommerce
62,1013,19/01/2023,Bristol,South West,,GB,0,29.98,Shipping,GBP,£,2.99,0,32.97,0,,1,Two Months' Supply,1,29.98,,,,Unknown,Woocommerce
61,1014,18/01/2023,Bristol,South West,England,GB,0,29.98,Shipping,GBP,£,2.99,0,32.97,0,,1,Two Months' Supply,1,29.98,,,,Unknown,Woocommerce
60,1015,18/01/2023,Stonehouse,South West,England,GB,0,29.98,Shipping,GBP,£,2.99,0,32.97,0,,1,Two Months' Supply,1,29.98,,,,Unknown,Woocommerce
59,1016,18/01/2023,Highbridge,South West,Sometset,GB,0,29.98,Shipping,GBP,£,2.99,0,32.97,0,,1,Two Months' Supply,1,29.98,,,,Unknown,Woocommerce
58,1017,18/01/2023,Bristol,South West,England,GB,0,29.98,Shipping,GBP,£,2.99,0,32.97,0,,1,Two Months' Supply,1,29.98,,,,Unknown,Woocommerce
57,1018,18/01/2023,Bristol,South West,Bristol,GB,0,29.98,Shipping,GBP,£,2.99,0,32.97,0,,1,Two Months' Supply,1,29.98,,,,Unknown,Woocommerce
56,1019,18/01/2023,Weston-Super-Mare,South West,England,GB,0,29.98,Shipping,GBP,£,3.99,0,33.97,0,,1,Two Months' Supply,1,29.98,,,,Unknown,Woocommerce
55,1020,18/01/2023,Bristol,South West,,GB,0,29.98,Shipping,GBP,£,2.99,0,32.97,0,,1,Two Months' Supply,1,29.98,,,,Unknown,Woocommerce
52,1021,18/01/2023,Bolton,North West,Lancashire,GB,0,29.98,Shipping,GBP,£,3.99,0,33.97,0,,1,Two Months' Supply,1,29.98,,,,Unknown,Woocommerce
49,1022,18/01/2023,Bristol,South West,Bristol,GB,0,29.98,Shipping,GBP,£,2.99,0,32.97,0,,1,Two Months' Supply,1,29.98,,,,Unknown,Woocommerce
48,1023,18/01/2023,Bradford-On-Avon,South West,England,GB,0,29.98,Shipping,GBP,£,2.99,0,32.97,0,,1,Two Months' Supply,1,29.98,,,,Unknown,Woocommerce
46,1024,18/01/2023,Bristol,South West,Avon,GB,0,29.98,Shipping,GBP,£,2.99,0,32.97,0,,1,Two Months' Supply,1,29.98,,,,Unknown,Woocommerce
45,1025,18/01/2023,Dartford,South East,Kent,GB,0,29.98,Shipping,GBP,£,2.99,0,32.97,0,,1,Two Months' Supply,1,29.98,,,,Unknown,Woocommerce
42,1026,17/01/2023,Bristol,South West,England,GB,0,29.98,Shipping,GBP,£,2.99,0,32.97,0,,1,Two Months' Supply,1,29.98,,,,Unknown,Woocommerce
41,1027,17/01/2023,Bristol,South West,Bristol,GB,0,19.99,Shipping,GBP,£,2.99,0,22.98,0,,1,One Month's Supply,1,19.99,,,,Unknown,Woocommerce
39,1028,17/01/2023,Bristol,South West,England,GB,0,29.98,Shipping,GBP,£,2.99,0,32.97,0,,1,Two Months' Supply,1,29.98,,,,Unknown,Woocommerce
37,1029,17/01/2023,Bristol,South West,,GB,0,29.98,Shipping,GBP,£,3.99,0,33.97,0,,1,Two Months' Supply,1,29.98,,,,Unknown,Woocommerce
36,1030,17/01/2023,Bristol,South West,Bristol,GB,0,29.98,Shipping,GBP,£,3.99,0,33.97,0,,1,Two Months' Supply,1,29.98,,,,Unknown,Woocommerce
35,1031,17/01/2023,Bristol,South West,Bristol,GB,0,29.98,Shipping,GBP,£,2.99,0,32.97,0,,1,Two Months' Supply,1,29.98,,,,Unknown,Woocommerce
34,1032,17/01/2023,"Steeple Ashton, Trowbridge",South West,Wiltshire,GB,0,29.98,Shipping,GBP,£,2.99,0,32.97,0,,1,Two Months' Supply,1,29.98,,,,Unknown,Woocommerce
33,1033,17/01/2023,Bristol,South West,England,GB,0,29.98,Shipping,GBP,£,2.99,0,32.97,0,,1,Two Months' Supply,1,29.98,,,,Unknown,Woocommerce
32,1034,17/01/2023,Bristol,South West,South West,GB,0,29.98,Shipping,GBP,£,2.99,0,32.97,0,,1,Two Months' Supply,1,29.98,,,,Unknown,Woocommerce
30,1035,17/01/2023,Bristol,South West,England,GB,0,29.98,Shipping,GBP,£,2.99,0,32.97,0,,1,Two Months' Supply,1,29.98,,,,Unknown,Woocommerce
29,1036,17/01/2023,Bristol,South West,England,GB,0,29.98,Shipping,GBP,£,2.99,0,32.97,0,,1,Two Months' Supply,1,29.98,,,,Unknown,Woocommerce
28,1037,17/01/2023,Bristol,South West,England,GB,0,19.99,Shipping,GBP,£,2.99,0,22.98,0,,1,One Month's Supply,1,19.99,,,,Unknown,Woocommerce
25,1038,30/12/2022,Bristol,South West,avon,GB,0,29.98,Shipping,GBP,£,3.99,0,33.97,0,,1,Two Months' Supply,1,29.98,,,,Unknown,Woocommerce
24,1039,13/12/2022,Bath,South West,England,GB,0,19.99,Shipping,GBP,£,2.99,0,22.98,0,,1,One Month's Supply,1,19.99,,,,Unknown,Woocommerce
21,1040,29/11/2022,Marlborough,South West,,GB,0,19.99,Shipping,GBP,£,2.99,0,22.98,0,,1,One Month's Supply,1,19.99,,,,Unknown,Woocommerce
20,1041,18/11/2022,Exeter,South West,England,GB,0,29.98,Shipping,GBP,£,3.99,0,33.97,0,,1,Two Month's Supply,1,29.98,,,,Unknown,Woocommerce
19,1042,15/11/2022,Glasgow,Scotland,Lanarkshire,GB,0,29.98,Shipping,GBP,£,2.99,0,32.97,0,,1,Two Month's Supply,1,29.98,,,,Unknown,Woocommerce
18,1043,14/11/2022,Birmingham,West Midlands,England,GB,0,29.98,Shipping,GBP,£,2.99,0,32.97,0,,1,Two Month's Supply,1,29.98,,,,Unknown,Woocommerce
17,1044,13/11/2022,Newton Abbot,South West,Devon,GB,0,29.98,Shipping,GBP,£,2.99,0,32.97,0,,1,Two Month's Supply,1,29.98,,,,Unknown,Woocommerce
16,1045,12/11/2022,Westerleigh,South West,Bristol,GB,0,29.98,Shipping,GBP,£,2.99,0,32.97,0,,1,Two Month's Supply,1,29.98,,,,Unknown,Woocommerce
12,1046,10/11/2022,Bristol,South West,,GB,0,29.98,Shipping,GBP,£,2.99,0,32.97,0,,1,Two Month's Supply,1,29.98,,,,Unknown,Woocommerce
11,1047,10/11/2022,Hanham,South West,South Glos,GB,0,29.98,Shipping,GBP,£,2.99,0,32.97,0,,1,Two Month's Supply,1,29.98,,,,Unknown,Woocommerce
10,1048,10/11/2022,Burrington,South West,North Somerset,GB,0,29.98,Shipping,GBP,£,2.99,0,32.97,0,,1,Two Month's Supply,1,29.98,,,,Unknown,Woocommerce
9,1049,09/11/2022,Witney,South East,England,GB,0,29.98,Shipping,GBP,£,2.99,0,32.97,0,,1,Two Month's Supply,1,29.98,,,,Unknown,Woocommerce
6,1050,02/11/2022,Bristol,South West,Bristol,GB,0,29.98,Shipping,GBP,£,2.99,0,32.97,0,,1,Two Month's Supply,1,29.98,,,,Unknown,Woocommerce
2,1051,31/10/2022,Bath,South West,bath,GB,0,19.99,Shipping,GBP,£,2.99,0,22.98,0,,1,One Month's Supply,1,19.99,,,,Unknown,Woocommerce
